#
# There is insufficient memory for the Java Runtime Environment to continue.
# Native memory allocation (mmap) failed to map 65536 bytes. Error detail: Failed to commit metaspace.
# Possible reasons:
#   The system is out of physical RAM or swap space
#   This process is running with CompressedOops enabled, and the Java Heap may be blocking the growth of the native heap
# Possible solutions:
#   Reduce memory load on the system
#   Increase physical memory or swap space
#   Check if swap backing store is full
#   Decrease Java heap size (-Xmx/-Xms)
#   Decrease number of Java threads
#   Decrease Java thread stack sizes (-Xss)
#   Set larger code cache with -XX:ReservedCodeCacheSize=
#   JVM is running with Unscaled Compressed Oops mode in which the Java heap is
#     placed in the first 4GB address space. The Java Heap base address is the
#     maximum limit for the native heap growth. Please use -XX:HeapBaseMinAddress
#     to set the Java Heap base and to place the Java Heap above 4GB virtual address.
# This output file may be truncated or incomplete.
#
#  Out of Memory Error (virtualSpaceNode.cpp:113), pid=12816, tid=12628
#
# JRE version: OpenJDK Runtime Environment Temurin-21.0.10+7 (21.0.10+7) (build 21.0.10+7-LTS)
# Java VM: OpenJDK 64-Bit Server VM Temurin-21.0.10+7 (21.0.10+7-LTS, mixed mode, sharing, tiered, compressed oops, compressed class ptrs, parallel gc, windows-amd64)
# No core dump will be written. Minidumps are not enabled by default on client versions of Windows
#

---------------  S U M M A R Y ------------

Command Line: --add-modules=ALL-SYSTEM --add-opens=java.base/java.util=ALL-UNNAMED --add-opens=java.base/java.lang=ALL-UNNAMED --add-opens=java.base/sun.nio.fs=ALL-UNNAMED -Declipse.application=org.eclipse.jdt.ls.core.id1 -Dosgi.bundles.defaultStartLevel=4 -Declipse.product=org.eclipse.jdt.ls.core.product -Djava.import.generatesMetadataFilesAtProjectRoot=false -DDetectVMInstallationsJob.disabled=true -Dfile.encoding=utf8 -XX:+UseParallelGC -XX:GCTimeRatio=4 -XX:AdaptiveSizePolicyWeight=90 -Dsun.zip.disableMemoryMapping=true -Xmx2G -Xms100m -Xlog:disable -javaagent:c:\Users\Administrateur\.vscode\extensions\redhat.java-1.54.0-win32-x64\lombok\lombok-1.18.39-4050.jar -XX:+HeapDumpOnOutOfMemoryError -XX:HeapDumpPath=c:\Users\Administrateur\AppData\Roaming\Code\User\workspaceStorage\61f85f58c0e55916e98f71e9d969f0fa\redhat.java -Daether.dependencyCollector.impl=bf c:\Users\Administrateur\.vscode\extensions\redhat.java-1.54.0-win32-x64\server\plugins\org.eclipse.equinox.launcher_1.7.100.v20251111-0406.jar -configuration c:\Users\Administrateur\AppData\Roaming\Code\User\globalStorage\redhat.java\1.54.0\config_win -data c:\Users\Administrateur\AppData\Roaming\Code\User\workspaceStorage\61f85f58c0e55916e98f71e9d969f0fa\redhat.java\jdt_ws --pipe=\\.\pipe\lsp-7ff8f643bb3a86543fd30da0fcb05646-sock

Host: Intel(R) Core(TM) i7-6700HQ CPU @ 2.60GHz, 2 cores, 7G,  Windows 10 , 64 bit Build 19041 (10.0.19041.5915)
Time: Fri May  8 22:14:50 2026 elapsed time: 64.213469 seconds (0d 0h 1m 4s)

---------------  T H R E A D  ---------------

Current thread (0x00000224096cc030):  JavaThread "Start Level: Equinox Container: 2c39c921-356e-488c-81f9-f851360e0433" daemon [_thread_in_vm, id=12628, stack(0x00000048d1300000,0x00000048d1400000) (1024K)]

Stack: [0x00000048d1300000,0x00000048d1400000]
Native frames: (J=compiled Java code, j=interpreted, Vv=VM code, C=native code)
V  [jvm.dll+0x6d7a39]
V  [jvm.dll+0x8b4b26]
V  [jvm.dll+0x8b70de]
V  [jvm.dll+0x8b77c3]
V  [jvm.dll+0x284346]
V  [jvm.dll+0x8b086e]
V  [jvm.dll+0x679444]
V  [jvm.dll+0x1e82bb]
V  [jvm.dll+0x1e807e]
V  [jvm.dll+0x67bd42]
V  [jvm.dll+0x67bb72]
V  [jvm.dll+0x679e1e]
V  [jvm.dll+0x26e701]
V  [jvm.dll+0x21960e]
V  [jvm.dll+0x219a05]
V  [jvm.dll+0x21a3f8]
V  [jvm.dll+0x20f62e]
V  [jvm.dll+0x5b644f]
V  [jvm.dll+0x22168e]
V  [jvm.dll+0x82e12d]
V  [jvm.dll+0x82f15b]
V  [jvm.dll+0x82f724]
V  [jvm.dll+0x82f3b8]
V  [jvm.dll+0x271c6d]
V  [jvm.dll+0x3dce3e]
C  0x00000223bb999274

The last pc belongs to new (printed below).
Java frames: (J=compiled Java code, j=interpreted, Vv=VM code)
j  com.sun.org.apache.xerces.internal.parsers.XML11Configuration.<init>(Lcom/sun/org/apache/xerces/internal/util/SymbolTable;Lcom/sun/org/apache/xerces/internal/xni/grammars/XMLGrammarPool;Lcom/sun/org/apache/xerces/internal/xni/parser/XMLComponentManager;)V+1028 java.xml@21.0.10
j  com.sun.org.apache.xerces.internal.parsers.XIncludeAwareParserConfiguration.<init>(Lcom/sun/org/apache/xerces/internal/util/SymbolTable;Lcom/sun/org/apache/xerces/internal/xni/grammars/XMLGrammarPool;Lcom/sun/org/apache/xerces/internal/xni/parser/XMLComponentManager;)V+4 java.xml@21.0.10
j  com.sun.org.apache.xerces.internal.parsers.XIncludeAwareParserConfiguration.<init>()V+4 java.xml@21.0.10
j  com.sun.org.apache.xerces.internal.parsers.SAXParser.<init>(Lcom/sun/org/apache/xerces/internal/util/SymbolTable;Lcom/sun/org/apache/xerces/internal/xni/grammars/XMLGrammarPool;)V+5 java.xml@21.0.10
j  com.sun.org.apache.xerces.internal.parsers.SAXParser.<init>()V+3 java.xml@21.0.10
j  com.sun.org.apache.xerces.internal.jaxp.SAXParserImpl$JAXPSAXParser.<init>(Lcom/sun/org/apache/xerces/internal/jaxp/SAXParserImpl;Lcom/sun/org/apache/xerces/internal/utils/XMLSecurityPropertyManager;Lcom/sun/org/apache/xerces/internal/utils/XMLSecurityManager;)V+1 java.xml@21.0.10
j  com.sun.org.apache.xerces.internal.jaxp.SAXParserImpl.<init>(Lcom/sun/org/apache/xerces/internal/jaxp/SAXParserFactoryImpl;Ljava/util/Map;Z)V+46 java.xml@21.0.10
j  com.sun.org.apache.xerces.internal.jaxp.SAXParserFactoryImpl.newSAXParser()Ljavax/xml/parsers/SAXParser;+13 java.xml@21.0.10
j  org.apache.felix.scr.impl.BundleComponentActivator.loadDescriptor(Ljava/net/URL;)V+64
j  org.apache.felix.scr.impl.BundleComponentActivator.initialize(Ljava/util/List;)V+259
j  org.apache.felix.scr.impl.BundleComponentActivator.<init>(Lorg/apache/felix/scr/impl/logger/ScrLogger;Lorg/apache/felix/scr/impl/ComponentRegistry;Ljava/util/concurrent/ScheduledExecutorService;Lorg/osgi/framework/BundleContext;Lorg/apache/felix/scr/impl/manager/ScrConfiguration;Ljava/util/List;Lorg/osgi/framework/ServiceReference;)V+124
j  org.apache.felix.scr.impl.Activator.loadComponents(Lorg/osgi/framework/Bundle;)V+385
j  org.apache.felix.scr.impl.Activator.access$200(Lorg/apache/felix/scr/impl/Activator;Lorg/osgi/framework/Bundle;)V+2
j  org.apache.felix.scr.impl.Activator$ScrExtension.start()V+72
j  org.apache.felix.scr.impl.AbstractExtender.createExtension(Lorg/osgi/framework/Bundle;)V+71
j  org.apache.felix.scr.impl.AbstractExtender.modifiedBundle(Lorg/osgi/framework/Bundle;Lorg/osgi/framework/BundleEvent;Lorg/osgi/framework/Bundle;)V+115
j  org.apache.felix.scr.impl.AbstractExtender.addingBundle(Lorg/osgi/framework/Bundle;Lorg/osgi/framework/BundleEvent;)Lorg/osgi/framework/Bundle;+4
j  org.apache.felix.scr.impl.AbstractExtender.addingBundle(Lorg/osgi/framework/Bundle;Lorg/osgi/framework/BundleEvent;)Ljava/lang/Object;+3
j  org.osgi.util.tracker.BundleTracker$Tracked.customizerAdding(Lorg/osgi/framework/Bundle;Lorg/osgi/framework/BundleEvent;)Ljava/lang/Object;+9
j  org.osgi.util.tracker.BundleTracker$Tracked.customizerAdding(Ljava/lang/Object;Ljava/lang/Object;)Ljava/lang/Object;+9
j  org.osgi.util.tracker.AbstractTracked.trackAdding(Ljava/lang/Object;Ljava/lang/Object;)V+8
j  org.osgi.util.tracker.AbstractTracked.track(Ljava/lang/Object;Ljava/lang/Object;)V+83
j  org.osgi.util.tracker.BundleTracker$Tracked.bundleChanged(Lorg/osgi/framework/BundleEvent;)V+35
J 2603 c1 org.eclipse.osgi.internal.framework.BundleContextImpl.dispatchEvent(Ljava/lang/Object;Ljava/lang/Object;ILjava/lang/Object;)V (577 bytes) @ 0x00000223b495c544 [0x00000223b495b080+0x00000000000014c4]
j  org.eclipse.osgi.framework.eventmgr.EventManager.dispatchEvent(Ljava/util/Set;Lorg/eclipse/osgi/framework/eventmgr/EventDispatcher;ILjava/lang/Object;)V+48
j  org.eclipse.osgi.framework.eventmgr.ListenerQueue.dispatchEventSynchronous(ILjava/lang/Object;)V+67
j  org.eclipse.osgi.internal.framework.EquinoxEventPublisher.publishBundleEventPrivileged(Lorg/osgi/framework/BundleEvent;)V+547
j  org.eclipse.osgi.internal.framework.EquinoxEventPublisher.publishBundleEvent(Lorg/osgi/framework/BundleEvent;)V+8
j  org.eclipse.osgi.internal.framework.EquinoxEventPublisher.publishBundleEvent(ILorg/osgi/framework/Bundle;Lorg/osgi/framework/Bundle;)V+15
j  org.eclipse.osgi.internal.framework.EquinoxContainerAdaptor.publishModuleEvent(Lorg/eclipse/osgi/container/ModuleContainerAdaptor$ModuleEvent;Lorg/eclipse/osgi/container/Module;Lorg/eclipse/osgi/container/Module;)V+29
j  org.eclipse.osgi.container.Module.publishEvent(Lorg/eclipse/osgi/container/ModuleContainerAdaptor$ModuleEvent;)V+13
j  org.eclipse.osgi.container.Module.start([Lorg/eclipse/osgi/container/Module$StartOptions;)V+588
j  org.eclipse.osgi.container.ModuleContainer$ContainerStartLevel$2.run()V+83
j  org.eclipse.osgi.internal.framework.EquinoxContainerAdaptor$1$1.execute(Ljava/lang/Runnable;)V+1
j  org.eclipse.osgi.container.ModuleContainer$ContainerStartLevel.incStartLevel(ILjava/util/List;Z)V+193
j  org.eclipse.osgi.container.ModuleContainer$ContainerStartLevel.incStartLevel(ILjava/util/List;Ljava/util/List;Ljava/util/List;Ljava/util/List;)V+4
j  org.eclipse.osgi.container.ModuleContainer$ContainerStartLevel.doContainerStartLevel(Lorg/eclipse/osgi/container/Module;I[Lorg/osgi/framework/FrameworkListener;)V+358
j  org.eclipse.osgi.container.ModuleContainer$ContainerStartLevel.dispatchEvent(Lorg/eclipse/osgi/container/Module;[Lorg/osgi/framework/FrameworkListener;ILjava/lang/Integer;)V+32
j  org.eclipse.osgi.container.ModuleContainer$ContainerStartLevel.dispatchEvent(Ljava/lang/Object;Ljava/lang/Object;ILjava/lang/Object;)V+15
j  org.eclipse.osgi.framework.eventmgr.EventManager.dispatchEvent(Ljava/util/Set;Lorg/eclipse/osgi/framework/eventmgr/EventDispatcher;ILjava/lang/Object;)V+48
j  org.eclipse.osgi.framework.eventmgr.EventManager$EventThread.run()V+26
v  ~StubRoutines::call_stub 0x00000223bb98100d
new  187 new  [0x00000223bb9990e0, 0x00000223bb9992e8]  520 bytes
[MachCode]
  0x00000223bb9990e0: 4883 ec08 | c5fa 1104 | 24eb 1f48 | 83ec 10c5 | fb11 0424 | eb14 4883 | ec10 4889 | 0424 48c7 
  0x00000223bb999100: 4424 0800 | 0000 00eb | 0150 410f | b755 010f | cac1 ea10 | 488b 4de8 | 488b 4908 | 488b 4908 
  0x00000223bb999120: 488b 4108 | 807c 1004 | 070f 85d3 | 0000 0066 | 8b54 d148 | 488b 4928 | 488b 4cd1 | 0851 80b9 
  0x00000223bb999140: 3101 0000 | 040f 85b6 | 0000 008b | 5108 f6c2 | 010f 85aa | 0000 0049 | 8b87 b801 | 0000 488d 
  0x00000223bb999160: 1c10 493b | 9fc8 0100 | 000f 8792 | 0000 0049 | 899f b801 | 0000 4883 | ea10 0f84 | 0f00 0000 
  0x00000223bb999180: 33c9 c1ea | 0348 894c | d008 48ff | ca75 f648 | c700 0100 | 0000 5933 | f689 700c | 49ba 0000 
  0x00000223bb9991a0: 00c8 2302 | 0000 492b | ca89 4808 | 49ba c75c | dbaf fd7f | 0000 4180 | 3a00 0f84 | 3c00 0000 
  0x00000223bb9991c0: 5048 8bc8 | 4883 ec20 | 40f6 c40f | 0f84 1900 | 0000 4883 | ec08 48b8 | 90e1 84af | fd7f 0000 
  0x00000223bb9991e0: ffd0 4883 | c408 e90c | 0000 0048 | b890 e184 | affd 7f00 | 00ff d048 | 83c4 2058 | e9cb 0000 
  0x00000223bb999200: 0059 488b | 55e8 488b | 5208 488b | 5208 450f | b745 0141 | 0fc8 41c1 | e810 e805 | 0000 00e9 
  0x00000223bb999220: a800 0000 | 488d 4424 | 084c 896d | c049 8bcf | c5f8 7749 | 89af b003 | 0000 4989 | 87a0 0300 
  0x00000223bb999240: 0048 83ec | 2040 f6c4 | 0f0f 8419 | 0000 0048 | 83ec 0848 | b8f0 cd4e | affd 7f00 | 00ff d048 
  0x00000223bb999260: 83c4 08e9 | 0c00 0000 | 48b8 f0cd | 4eaf fd7f | 0000 ffd0 | 4883 c420 | 49c7 87a0 | 0300 0000 
  0x00000223bb999280: 0000 0049 | c787 b003 | 0000 0000 | 0000 49c7 | 87a8 0300 | 0000 0000 | 00c5 f877 | 4983 7f08 
  0x00000223bb9992a0: 000f 8405 | 0000 00e9 | 547c feff | 498b 87f8 | 0300 0049 | c787 f803 | 0000 0000 | 0000 4c8b 
  0x00000223bb9992c0: 6dc0 4c8b | 75c8 4e8d | 74f5 00c3 | 410f b65d | 0349 83c5 | 0349 ba10 | 25de affd | 7f00 0041 
  0x00000223bb9992e0: ff24 da0f | 1f44 0000 
[/MachCode]

Compiled method (c1) 64259 2603   !   3       org.eclipse.osgi.internal.framework.BundleContextImpl::dispatchEvent (577 bytes)
 total in heap  [0x00000223b495a610,0x00000223b4963f10] = 39168
 relocation     [0x00000223b495a770,0x00000223b495b080] = 2320
 main code      [0x00000223b495b080,0x00000223b49607e8] = 22376
 stub code      [0x00000223b49607e8,0x00000223b4960b68] = 896
 oops           [0x00000223b4960b68,0x00000223b4960bb0] = 72
 metadata       [0x00000223b4960bb0,0x00000223b4960cc8] = 280
 scopes data    [0x00000223b4960cc8,0x00000223b4961b00] = 3640
 scopes pcs     [0x00000223b4961b00,0x00000223b4962980] = 3712
 dependencies   [0x00000223b4962980,0x00000223b49629d8] = 88
 handler table  [0x00000223b49629d8,0x00000223b4963da0] = 5064
 nul chk table  [0x00000223b4963da0,0x00000223b4963f10] = 368

[Constant Pool (empty)]

[MachCode]
[Entry Point]
  # {method} {0x000002240a67a218} 'dispatchEvent' '(Ljava/lang/Object;Ljava/lang/Object;ILjava/lang/Object;)V' in 'org/eclipse/osgi/internal/framework/BundleContextImpl'
  # this:     rdx:rdx   = 'org/eclipse/osgi/internal/framework/BundleContextImpl'
  # parm0:    r8:r8     = 'java/lang/Object'
  # parm1:    r9:r9     = 'java/lang/Object'
  # parm2:    rdi       = int
  # parm3:    rsi:rsi   = 'java/lang/Object'
  #           [sp+0x1a0]  (sp of caller)
  0x00000223b495b080: 448b 5208 | 49bb 0000 | 00c8 2302 | 0000 4d03 | d34c 3bd0 

  0x00000223b495b094: ;   {runtime_call ic_miss_stub}
  0x00000223b495b094: 0f85 e633 | 0707 660f | 1f44 0000 
[Verified Entry Point]
  0x00000223b495b0a0: 8984 2400 | 80ff ff55 | 4881 ec90 | 0100 0090 | 4181 7f20 | 0100 0000 

  0x00000223b495b0b8: ;   {runtime_call StubRoutines (final stubs)}
  0x00000223b495b0b8: 7405 e821 | d905 0748 | 8994 2480 | 0000 0089 | bc24 8800 | 0000 4889 | b424 9800 

  0x00000223b495b0d4: ;   {metadata(method data for {method} {0x000002240a67a218} 'dispatchEvent' '(Ljava/lang/Object;Ljava/lang/Object;ILjava/lang/Object;)V' in 'org/eclipse/osgi/internal/framework/BundleContextImpl')}
  0x00000223b495b0d4: 0000 48bb | f012 8a0a | 2402 0000 | 8b83 cc00 | 0000 83c0 | 0289 83cc | 0000 0025 | fe07 0000 
  0x00000223b495b0f4: 85c0 0f84 | 4d4a 0000 | 4c89 8c24 | 9000 0000 

  0x00000223b495b104: ;   {metadata(method data for {method} {0x000002240a67a218} 'dispatchEvent' '(Ljava/lang/Object;Ljava/lang/Object;ILjava/lang/Object;)V' in 'org/eclipse/osgi/internal/framework/BundleContextImpl')}
  0x00000223b495b104: 488b da48 | b8f0 128a | 0a24 0200 

  0x00000223b495b110: ;   {metadata('org/eclipse/osgi/internal/framework/BundleContextImpl')}
  0x00000223b495b110: 0049 ba00 | 800b c923 | 0200 004c | 8990 2001 | 0000 4883 | 8028 0100 | 0001 488b | da48 8bd3 
  0x00000223b495b130: 0f1f 8000 

  0x00000223b495b134: ;   {optimized virtual_call}
  0x00000223b495b134: 0000 00e8 

  0x00000223b495b138: ; ImmutableOopMap {[128]=Oop [144]=Oop [152]=Oop }
                      ;*invokevirtual setContextFinder {reexecute=0 rethrow=0 return_oop=0}
                      ; - org.eclipse.osgi.internal.framework.BundleContextImpl::dispatchEvent@1 (line 972)
  0x00000223b495b138: a4e9 ffff 

  0x00000223b495b13c: ;   {other}
  0x00000223b495b13c: 0f1f 8400 | 2c0b 0000 | 4889 8424 | b000 0000 | 488b 9424 | 8000 0000 

  0x00000223b495b154: ;   {metadata(method data for {method} {0x000002240a67a218} 'dispatchEvent' '(Ljava/lang/Object;Ljava/lang/Object;ILjava/lang/Object;)V' in 'org/eclipse/osgi/internal/framework/BundleContextImpl')}
  0x00000223b495b154: 488b f248 | bff0 128a | 0a24 0200 

  0x00000223b495b160: ;   {metadata('org/eclipse/osgi/internal/framework/BundleContextImpl')}
  0x00000223b495b160: 0049 ba00 | 800b c923 | 0200 004c | 8997 5801 | 0000 4883 | 8760 0100 | 0001 0fbe | 720c 83e6 
  0x00000223b495b180: ;   {metadata(method data for {method} {0x000002240a67a218} 'dispatchEvent' '(Ljava/lang/Object;Ljava/lang/Object;ILjava/lang/Object;)V' in 'org/eclipse/osgi/internal/framework/BundleContextImpl')}
  0x00000223b495b180: 0185 f648 | bef0 128a | 0a24 0200 | 0048 c7c7 | 8001 0000 | 7507 48c7 | c790 0100 | 0048 8b0c 
  0x00000223b495b1a0: 3e48 8d49 | 0148 890c | 3e0f 852a | 0100 008b | 7210 483b | 0648 8bfe 

  0x00000223b495b1b8: ;   {metadata(method data for {method} {0x000002240a67a218} 'dispatchEvent' '(Ljava/lang/Object;Ljava/lang/Object;ILjava/lang/Object;)V' in 'org/eclipse/osgi/internal/framework/BundleContextImpl')}
  0x00000223b495b1b8: 48b9 f012 | 8a0a 2402 | 0000 8b7f | 0849 ba00 | 0000 c823 | 0200 0049 | 03fa 483b | b9b0 0100 
  0x00000223b495b1d8: 0075 0d48 | 8381 b801 | 0000 01e9 | 6000 0000 | 483b b9c0 | 0100 0075 | 0d48 8381 | c801 0000 
  0x00000223b495b1f8: 01e9 4a00 | 0000 4883 | b9b0 0100 | 0000 7517 | 4889 b9b0 | 0100 0048 | c781 b801 | 0000 0100 
  0x00000223b495b218: 0000 e929 | 0000 0048 | 83b9 c001 | 0000 0075 | 1748 89b9 | c001 0000 | 48c7 81c8 | 0100 0001 
  0x00000223b495b238: 0000 00e9 | 0800 0000 | 4883 81a0 | 0100 0001 

  0x00000223b495b248: ;   {metadata(method data for {method} {0x000002240a5daea0} 'getBundleId' '()J' in 'org/eclipse/osgi/internal/framework/EquinoxBundle')}
  0x00000223b495b248: 48bf 60ec | 850a 2402 | 0000 8b8f | cc00 0000 | 83c1 0289 | 8fcc 0000 | 0081 e1fe | ff1f 0085 
  0x00000223b495b268: c90f 8400 | 4900 008b | 7610 483b | 0648 8bfe 

  0x00000223b495b278: ;   {metadata(method data for {method} {0x000002240a5daea0} 'getBundleId' '()J' in 'org/eclipse/osgi/internal/framework/EquinoxBundle')}
  0x00000223b495b278: 48b9 60ec | 850a 2402 | 0000 4883 | 8110 0100 | 0001 8b76 | 1848 3b06 

  0x00000223b495b290: ;   {metadata(method data for {method} {0x000002240a5daea0} 'getBundleId' '()J' in 'org/eclipse/osgi/internal/framework/EquinoxBundle')}
  0x00000223b495b290: 488b fe48 | b960 ec85 | 0a24 0200 | 0048 8381 | 4801 0000 | 0148 8b7e | 1048 83ff 

  0x00000223b495b2ac: ;   {metadata(method data for {method} {0x000002240a67a218} 'dispatchEvent' '(Ljava/lang/Object;Ljava/lang/Object;ILjava/lang/Object;)V' in 'org/eclipse/osgi/internal/framework/BundleContextImpl')}
  0x00000223b495b2ac: 0048 bef0 | 128a 0a24 | 0200 0048 | c7c7 d801 | 0000 7507 | 48c7 c7e8 | 0100 0048 | 8b0c 3e48 
  0x00000223b495b2cc: 8d49 0148 | 890c 3e0f | 859c 3600 | 008b bc24 | 8800 0000 

  0x00000223b495b2e0: ;   {metadata(method data for {method} {0x000002240a67a218} 'dispatchEvent' '(Ljava/lang/Object;Ljava/lang/Object;ILjava/lang/Object;)V' in 'org/eclipse/osgi/internal/framework/BundleContextImpl')}
  0x00000223b495b2e0: 48be f012 | 8a0a 2402 | 0000 48c7 | c100 0200 | 0083 ff01 | 488b d948 | c7c1 1002 | 0000 480f 
  0x00000223b495b300: 45cb 83ff | 0248 8bd9 | 48c7 c120 | 0200 0048 | 0f45 cb83 | ff03 488b | d948 c7c1 | 3002 0000 
  0x00000223b495b320: 480f 45cb | 83ff 0448 | 8bd9 48c7 | c140 0200 | 0048 0f45 | cb48 8b1c | 0e49 c7c2 | 0100 0000 
  0x00000223b495b340: 4903 da48 | 891c 0e83 | ff01 0f84 | 2000 0000 | 83ff 020f | 8417 0000 | 0083 ff03 | 0f84 ff23 
  0x00000223b495b360: 0000 83ff | 040f 84fe | 1100 00e9 | 0a38 0000 | 4c8b 8c24 | 9000 0000 | 4d85 c975 

  0x00000223b495b37c: ;   {metadata(method data for {method} {0x000002240a67a218} 'dispatchEvent' '(Ljava/lang/Object;Ljava/lang/Object;ILjava/lang/Object;)V' in 'org/eclipse/osgi/internal/framework/BundleContextImpl')}
  0x00000223b495b37c: 1648 b9f0 | 128a 0a24 | 0200 0080 | 8951 0200 | 0001 e9ea 

  0x00000223b495b390: ;   {metadata('org/osgi/framework/BundleListener')}
  0x00000223b495b390: 0000 0049 | b848 3c08 | c923 0200 | 0041 8b49 | 0849 ba00 | 0000 c823 | 0200 0049 | 03ca 4c3b 
  0x00000223b495b3b0: 4120 0f84 | 1b00 0000 | 493b c80f | 8412 0000 | 0051 4150 

  0x00000223b495b3c4: ;   {runtime_call slow_subtype_check Runtime1 stub}
  0x00000223b495b3c4: e8b7 8112 | 0759 5985 | c90f 848e 

  0x00000223b495b3d0: ;   {metadata(method data for {method} {0x000002240a67a218} 'dispatchEvent' '(Ljava/lang/Object;Ljava/lang/Object;ILjava/lang/Object;)V' in 'org/eclipse/osgi/internal/framework/BundleContextImpl')}
  0x00000223b495b3d0: 0000 0048 | b9f0 128a | 0a24 0200 | 0045 8b41 | 0849 ba00 | 0000 c823 | 0200 004d | 03c2 4c3b 
  0x00000223b495b3f0: 8168 0200 | 0075 0d48 | 8381 7002 | 0000 01e9 | 7900 0000 | 4c3b 8178 | 0200 0075 | 0d48 8381 
  0x00000223b495b410: 8002 0000 | 01e9 6300 | 0000 4883 | b968 0200 | 0000 7517 | 4c89 8168 | 0200 0048 | c781 7002 
  0x00000223b495b430: 0000 0100 | 0000 e942 | 0000 0048 | 83b9 7802 | 0000 0075 | 174c 8981 | 7802 0000 | 48c7 8180 
  0x00000223b495b450: 0200 0001 | 0000 00e9 | 2100 0000 | e91c 0000 

  0x00000223b495b460: ;   {metadata(method data for {method} {0x000002240a67a218} 'dispatchEvent' '(Ljava/lang/Object;Ljava/lang/Object;ILjava/lang/Object;)V' in 'org/eclipse/osgi/internal/framework/BundleContextImpl')}
  0x00000223b495b460: 0048 b9f0 | 128a 0a24 | 0200 0048 | 83a9 5802 | 0000 01e9 | 2247 0000 | e900 0000 | 0049 8bd9 
  0x00000223b495b480: 8b72 180f | be76 1385 

  0x00000223b495b488: ;   {metadata(method data for {method} {0x000002240a67a218} 'dispatchEvent' '(Ljava/lang/Object;Ljava/lang/Object;ILjava/lang/Object;)V' in 'org/eclipse/osgi/internal/framework/BundleContextImpl')}
  0x00000223b495b488: f648 bef0 | 128a 0a24 | 0200 0048 | c7c1 9002 | 0000 7407 | 48c7 c1a0 | 0200 004c | 8b04 0e4d 
  0x00000223b495b4a8: 8d40 014c | 8904 0e0f | 84ef 0e00 | 0066 6690 

  0x00000223b495b4b8: ;   {no_reloc}
  0x00000223b495b4b8: e9fa 4600 | 0000 0000 | 0000 498b | 87b8 0100 | 0048 8d78 | 1849 3bbf | c801 0000 | 0f87 e746 
  0x00000223b495b4d8: 0000 4989 | bfb8 0100 | 0048 c700 | 0100 0000 | 488b ca49 | ba00 0000 | c823 0200 | 0049 2bca 
  0x00000223b495b4f8: 8948 0848 | 33c9 8948 | 0c48 33c9 | 4889 4810 | 4889 8424 | a000 0000 

  0x00000223b495b510: ; implicit exception: dispatches to 0x00000223b495fbce
  0x00000223b495b510: 483b 0348 

  0x00000223b495b514: ;   {metadata(method data for {method} {0x000002240a67a218} 'dispatchEvent' '(Ljava/lang/Object;Ljava/lang/Object;ILjava/lang/Object;)V' in 'org/eclipse/osgi/internal/framework/BundleContextImpl')}
  0x00000223b495b514: 8bd3 48be | f012 8a0a | 2402 0000 | 4883 86b0 | 0200 0001 | 8b53 0849 | ba00 0000 | c823 0200 
  0x00000223b495b534: 0049 03d2 | 488b 5270 | 488b 1248 | 3b02 488b 

  0x00000223b495b544: ;   {metadata(method data for {method} {0x000002240a67a218} 'dispatchEvent' '(Ljava/lang/Object;Ljava/lang/Object;ILjava/lang/Object;)V' in 'org/eclipse/osgi/internal/framework/BundleContextImpl')}
  0x00000223b495b544: f248 bff0 | 128a 0a24 | 0200 0048 | 8387 e802 

  0x00000223b495b554: ;   {metadata(method data for {method} {0x00000223c8469ad8} 'getName' '()Ljava/lang/String;' in 'java/lang/Class')}
  0x00000223b495b554: 0000 0148 | bef8 7c05 | 0a24 0200 | 008b becc | 0000 0083 | c702 89be | cc00 0000 | 81e7 feff 
  0x00000223b495b574: 1f00 85ff | 0f84 5a46 | 0000 8b72 | 2c48 85f6 

  0x00000223b495b584: ;   {metadata(method data for {method} {0x00000223c8469ad8} 'getName' '()Ljava/lang/String;' in 'java/lang/Class')}
  0x00000223b495b584: 48bf f87c | 050a 2402 | 0000 48c7 | c110 0100 | 0074 0748 | c7c1 2001 | 0000 4c8b | 2c0f 4d8d 
  0x00000223b495b5a4: 6d01 4c89 | 2c0f 0f84 | 1d00 0000 

  0x00000223b495b5b0: ;   {metadata(method data for {method} {0x00000223c8469ad8} 'getName' '()Ljava/lang/String;' in 'java/lang/Class')}
  0x00000223b495b5b0: 48ba f87c | 050a 2402 | 0000 ff82 | 3001 0000 | 4889 9c24 | a800 0000 | e932 0000 | 0048 899c 
  0x00000223b495b5d0: 24a8 0000 | 004c 8bc2 

  0x00000223b495b5d8: ;   {metadata(method data for {method} {0x00000223c8469ad8} 'getName' '()Ljava/lang/String;' in 'java/lang/Class')}
  0x00000223b495b5d8: 49b9 f87c | 050a 2402 | 0000 4983 | 8148 0100 | 0001 0f1f 

  0x00000223b495b5ec: ;   {optimized virtual_call}
  0x00000223b495b5ec: 4400 00e8 

  0x00000223b495b5f0: ; ImmutableOopMap {[128]=Oop [152]=Oop [160]=Oop [168]=Oop [176]=Oop }
                      ;*invokevirtual initClassName {reexecute=0 rethrow=0 return_oop=0}
                      ; - java.lang.Class::getName@14
                      ; - org.eclipse.osgi.internal.framework.BundleContextImpl::dispatchEvent@81 (line 982)
  0x00000223b495b5f0: 8c31 0707 

  0x00000223b495b5f4: ;   {other}
  0x00000223b495b5f4: 0f1f 8400 | e40f 0001 

  0x00000223b495b5fc: ;   {metadata(method data for {method} {0x000002240a67a218} 'dispatchEvent' '(Ljava/lang/Object;Ljava/lang/Object;ILjava/lang/Object;)V' in 'org/eclipse/osgi/internal/framework/BundleContextImpl')}
  0x00000223b495b5fc: 488b f048 | baf0 128a | 0a24 0200 | 0048 8382 | 2003 0000 

  0x00000223b495b610: ;   {metadata(method data for {method} {0x00000223c8455280} 'valueOf' '(Ljava/lang/Object;)Ljava/lang/String;' in 'java/lang/String')}
  0x00000223b495b610: 0148 ba10 | 8b09 0a24 | 0200 008b | bacc 0000 | 0083 c702 | 89ba cc00 | 0000 81e7 | feff 1f00 
  0x00000223b495b630: 85ff 0f84 | c145 0000 

  0x00000223b495b638: ;   {metadata(method data for {method} {0x00000223c8455280} 'valueOf' '(Ljava/lang/Object;)Ljava/lang/String;' in 'java/lang/String')}
  0x00000223b495b638: 4885 f648 | ba10 8b09 | 0a24 0200 | 0048 c7c7 | 1001 0000 | 7507 48c7 | c720 0100 | 0048 8b1c 
  0x00000223b495b658: 3a48 8d5b | 0148 891c | 3a0f 851f 

  0x00000223b495b664: ;   {metadata(method data for {method} {0x00000223c8455280} 'valueOf' '(Ljava/lang/Object;)Ljava/lang/String;' in 'java/lang/String')}
  0x00000223b495b664: 0000 0048 | ba10 8b09 | 0a24 0200 | 00ff 8230 

  0x00000223b495b674: ;   {oop("null"{0x0000000080000808})}
  0x00000223b495b674: 0100 0048 | be08 0800 | 8000 0000 | 00e9 b900 | 0000 483b | 0648 8bd6 

  0x00000223b495b68c: ;   {metadata(method data for {method} {0x00000223c8455280} 'valueOf' '(Ljava/lang/Object;)Ljava/lang/String;' in 'java/lang/String')}
  0x00000223b495b68c: 48bf 108b | 090a 2402 | 0000 8b52 | 0849 ba00 | 0000 c823 | 0200 0049 | 03d2 483b | 9758 0100 
  0x00000223b495b6ac: 0075 0d48 | 8387 6001 | 0000 01e9 | 6000 0000 | 483b 9768 | 0100 0075 | 0d48 8387 | 7001 0000 
  0x00000223b495b6cc: 01e9 4a00 | 0000 4883 | bf58 0100 | 0000 7517 | 4889 9758 | 0100 0048 | c787 6001 | 0000 0100 
  0x00000223b495b6ec: 0000 e929 | 0000 0048 | 83bf 6801 | 0000 0075 | 1748 8997 | 6801 0000 | 48c7 8770 | 0100 0001 
  0x00000223b495b70c: 0000 00e9 | 0800 0000 | 4883 8748 | 0100 0001 | 488b d666 | 0f1f 4400 | 0048 b8ff | ffff ffff 
  0x00000223b495b72c: ;   {virtual_call}
  0x00000223b495b72c: ffff ffe8 

  0x00000223b495b730: ; ImmutableOopMap {[128]=Oop [152]=Oop [160]=Oop [168]=Oop [176]=Oop }
                      ;*invokevirtual toString {reexecute=0 rethrow=0 return_oop=0}
                      ; - java.lang.String::valueOf@11
                      ; - org.eclipse.osgi.internal.framework.BundleContextImpl::dispatchEvent@84 (line 982)
  0x00000223b495b730: 4c33 0707 

  0x00000223b495b734: ;   {other}
  0x00000223b495b734: 0f1f 8400 | 2411 0002 | 488b f048 | 8b84 24a0 | 0000 004c 

  0x00000223b495b748: ;   {metadata(method data for {method} {0x000002240a67a218} 'dispatchEvent' '(Ljava/lang/Object;Ljava/lang/Object;ILjava/lang/Object;)V' in 'org/eclipse/osgi/internal/framework/BundleContextImpl')}
  0x00000223b495b748: 8bc0 48bf | f012 8a0a | 2402 0000 | 4883 8730 | 0300 0001 

  0x00000223b495b75c: ;   {metadata(method data for {method} {0x00000223c8461da8} '<init>' '(Ljava/lang/String;)V' in 'java/lang/StringBuilder')}
  0x00000223b495b75c: 49b8 80e0 | 300a 2402 | 0000 418b | b8cc 0000 | 0083 c702 | 4189 b8cc | 0000 0081 | e7fe ff1f 
  0x00000223b495b77c: 0085 ff0f | 849a 4400 | 004c 8bc0 

  0x00000223b495b788: ;   {metadata(method data for {method} {0x00000223c8461da8} '<init>' '(Ljava/lang/String;)V' in 'java/lang/StringBuilder')}
  0x00000223b495b788: 48bf 80e0 | 300a 2402 | 0000 4883 | 8710 0100 | 0001 4c8b | c648 8bd0 | 0f1f 8000 

  0x00000223b495b7a4: ;   {optimized virtual_call}
  0x00000223b495b7a4: 0000 00e8 

  0x00000223b495b7a8: ; ImmutableOopMap {[128]=Oop [152]=Oop [160]=Oop [168]=Oop [176]=Oop }
                      ;*invokespecial <init> {reexecute=0 rethrow=0 return_oop=0}
                      ; - java.lang.StringBuilder::<init>@2
                      ; - org.eclipse.osgi.internal.framework.BundleContextImpl::dispatchEvent@87 (line 982)
  0x00000223b495b7a8: d42f 0707 

  0x00000223b495b7ac: ;   {other}
  0x00000223b495b7ac: 0f1f 8400 | 9c11 0003 | 488b 8424 | a000 0000 

  0x00000223b495b7bc: ;   {metadata(method data for {method} {0x000002240a67a218} 'dispatchEvent' '(Ljava/lang/Object;Ljava/lang/Object;ILjava/lang/Object;)V' in 'org/eclipse/osgi/internal/framework/BundleContextImpl')}
  0x00000223b495b7bc: 49b8 f012 | 8a0a 2402 | 0000 4983 | 8040 0300 

  0x00000223b495b7cc: ;   {metadata(method data for {method} {0x00000223c8461ae8} 'append' '(Ljava/lang/String;)Ljava/lang/StringBuilder;' in 'java/lang/StringBuilder')}
  0x00000223b495b7cc: 0001 49b8 | d0b1 000a | 2402 0000 | 418b 90cc | 0000 0083 | c202 4189 | 90cc 0000 | 0081 e2fe 
  0x00000223b495b7ec: ff1f 0085 | d20f 8449 | 4400 0048 | 8b84 24a0 

  0x00000223b495b7fc: ;   {metadata(method data for {method} {0x00000223c8461ae8} 'append' '(Ljava/lang/String;)Ljava/lang/StringBuilder;' in 'java/lang/StringBuilder')}
  0x00000223b495b7fc: 0000 0049 | b8d0 b100 | 0a24 0200 | 0049 8380 | 1001 0000 

  0x00000223b495b810: ;   {oop("@"{0x000000008064e468})}
  0x00000223b495b810: 0149 b868 | e464 8000 | 0000 0048 | 8b94 24a0 | 0000 000f 

  0x00000223b495b824: ;   {optimized virtual_call}
  0x00000223b495b824: 1f40 00e8 

  0x00000223b495b828: ; ImmutableOopMap {[128]=Oop [152]=Oop [160]=Oop [168]=Oop [176]=Oop }
                      ;*invokespecial append {reexecute=0 rethrow=0 return_oop=0}
                      ; - java.lang.StringBuilder::append@2
                      ; - org.eclipse.osgi.internal.framework.BundleContextImpl::dispatchEvent@93 (line 982)
  0x00000223b495b828: 542f 0707 

  0x00000223b495b82c: ;   {other}
  0x00000223b495b82c: 0f1f 8400 | 1c12 0004 

  0x00000223b495b834: ;   {metadata(method data for {method} {0x000002240a67a218} 'dispatchEvent' '(Ljava/lang/Object;Ljava/lang/Object;ILjava/lang/Object;)V' in 'org/eclipse/osgi/internal/framework/BundleContextImpl')}
  0x00000223b495b834: 48ba f012 | 8a0a 2402 | 0000 4883 | 8278 0300 | 0001 488b | 9424 a800 

  0x00000223b495b84c: ;   {static_call}
  0x00000223b495b84c: 0000 90e8 

  0x00000223b495b850: ; ImmutableOopMap {[128]=Oop [152]=Oop [160]=Oop [168]=Oop [176]=Oop }
                      ;*invokestatic identityHashCode {reexecute=0 rethrow=0 return_oop=0}
                      ; - org.eclipse.osgi.internal.framework.BundleContextImpl::dispatchEvent@98 (line 983)
  0x00000223b495b850: 2c35 0707 

  0x00000223b495b854: ;   {other}
  0x00000223b495b854: 0f1f 8400 | 4412 0005 

  0x00000223b495b85c: ;   {metadata(method data for {method} {0x000002240a67a218} 'dispatchEvent' '(Ljava/lang/Object;Ljava/lang/Object;ILjava/lang/Object;)V' in 'org/eclipse/osgi/internal/framework/BundleContextImpl')}
  0x00000223b495b85c: 48ba f012 | 8a0a 2402 | 0000 4883 | 8288 0300 

  0x00000223b495b86c: ;   {metadata(method data for {method} {0x00000223c8416620} 'toHexString' '(I)Ljava/lang/String;' in 'java/lang/Integer')}
  0x00000223b495b86c: 0001 48ba | 884b 300a | 2402 0000 | 448b 82cc | 0000 0041 | 83c0 0244 | 8982 cc00 | 0000 4181 
  0x00000223b495b88c: e0fe ff1f | 0045 85c0 | 0f84 c743 

  0x00000223b495b898: ;   {metadata(method data for {method} {0x00000223c8416620} 'toHexString' '(I)Ljava/lang/String;' in 'java/lang/Integer')}
  0x00000223b495b898: 0000 48ba | 884b 300a | 2402 0000 | 4883 8210 | 0100 0001 | 488b d041 | b804 0000 

  0x00000223b495b8b4: ;   {static_call}
  0x00000223b495b8b4: 0066 90e8 

  0x00000223b495b8b8: ; ImmutableOopMap {[128]=Oop [152]=Oop [160]=Oop [168]=Oop [176]=Oop }
                      ;*invokestatic toUnsignedString0 {reexecute=0 rethrow=0 return_oop=0}
                      ; - java.lang.Integer::toHexString@2
                      ; - org.eclipse.osgi.internal.framework.BundleContextImpl::dispatchEvent@101 (line 983)
  0x00000223b495b8b8: c434 0707 

  0x00000223b495b8bc: ;   {other}
  0x00000223b495b8bc: 0f1f 8400 | ac12 0006 | 4c8b 8424 | a000 0000 

  0x00000223b495b8cc: ;   {metadata(method data for {method} {0x000002240a67a218} 'dispatchEvent' '(Ljava/lang/Object;Ljava/lang/Object;ILjava/lang/Object;)V' in 'org/eclipse/osgi/internal/framework/BundleContextImpl')}
  0x00000223b495b8cc: 48ba f012 | 8a0a 2402 | 0000 4883 | 8298 0300 

  0x00000223b495b8dc: ;   {metadata(method data for {method} {0x00000223c8461ae8} 'append' '(Ljava/lang/String;)Ljava/lang/StringBuilder;' in 'java/lang/StringBuilder')}
  0x00000223b495b8dc: 0001 49b8 | d0b1 000a | 2402 0000 | 418b 90cc | 0000 0083 | c202 4189 | 90cc 0000 | 0081 e2fe 
  0x00000223b495b8fc: ff1f 0085 | d20f 847b | 4300 004c | 8b84 24a0 

  0x00000223b495b90c: ;   {metadata(method data for {method} {0x00000223c8461ae8} 'append' '(Ljava/lang/String;)Ljava/lang/StringBuilder;' in 'java/lang/StringBuilder')}
  0x00000223b495b90c: 0000 0048 | bad0 b100 | 0a24 0200 | 0048 8382 | 1001 0000 | 014c 8bc0 | 488b 9424 | a000 0000 
  0x00000223b495b92c: ;   {optimized virtual_call}
  0x00000223b495b92c: 6666 90e8 

  0x00000223b495b930: ; ImmutableOopMap {[128]=Oop [152]=Oop [160]=Oop [168]=Oop [176]=Oop }
                      ;*invokespecial append {reexecute=0 rethrow=0 return_oop=0}
                      ; - java.lang.StringBuilder::append@2
                      ; - org.eclipse.osgi.internal.framework.BundleContextImpl::dispatchEvent@104 (line 983)
  0x00000223b495b930: 4c2e 0707 

  0x00000223b495b934: ;   {other}
  0x00000223b495b934: 0f1f 8400 | 2413 0007 | 488b 8424 | a000 0000 

  0x00000223b495b944: ;   {metadata(method data for {method} {0x000002240a67a218} 'dispatchEvent' '(Ljava/lang/Object;Ljava/lang/Object;ILjava/lang/Object;)V' in 'org/eclipse/osgi/internal/framework/BundleContextImpl')}
  0x00000223b495b944: 48ba f012 | 8a0a 2402 | 0000 4883 | 82d0 0300 

  0x00000223b495b954: ;   {metadata(method data for {method} {0x00000223c8008958} 'toString' '()Ljava/lang/String;' in 'java/lang/StringBuilder')}
  0x00000223b495b954: 0001 48ba | f8b8 000a | 2402 0000 | 8bb2 cc00 | 0000 83c6 | 0289 b2cc | 0000 0081 | e6fe ff1f 
  0x00000223b495b974: 0085 f60f | 8426 4300 

  0x00000223b495b97c: ;   {metadata('java/lang/String')}
  0x00000223b495b97c: 0048 ba78 | e800 c823 | 0200 0049 | 8b87 b801 | 0000 488d | 7818 493b | bfc8 0100 | 000f 8725 
  0x00000223b495b99c: 4300 0049 | 89bf b801 | 0000 48c7 | 0001 0000 | 0048 8bca | 49ba 0000 | 00c8 2302 | 0000 492b 
  0x00000223b495b9bc: ca89 4808 | 4833 c989 | 480c 4833 | c948 8948 | 1048 8984 | 24b8 0000 | 004c 8bc0 

  0x00000223b495b9d8: ;   {metadata(method data for {method} {0x00000223c8008958} 'toString' '()Ljava/lang/String;' in 'java/lang/StringBuilder')}
  0x00000223b495b9d8: 49b9 f8b8 | 000a 2402 | 0000 4983 | 8110 0100 

  0x00000223b495b9e8: ;   {metadata(method data for {method} {0x00000223c8455dd8} '<init>' '(Ljava/lang/StringBuilder;)V' in 'java/lang/String')}
  0x00000223b495b9e8: 0001 49b8 | 40ba 000a | 2402 0000 | 458b 88cc | 0000 0041 | 83c1 0245 | 8988 cc00 | 0000 4181 
  0x00000223b495ba08: e1fe ff1f | 0045 85c9 | 0f84 bb42 | 0000 4c8b 

  0x00000223b495ba18: ;   {metadata(method data for {method} {0x00000223c8455dd8} '<init>' '(Ljava/lang/StringBuilder;)V' in 'java/lang/String')}
  0x00000223b495ba18: c049 b940 | ba00 0a24 | 0200 0049 | 8381 1001 | 0000 014c | 8b84 24a0 

  0x00000223b495ba30: ;   {oop(nullptr)}
  0x00000223b495ba30: 0000 0049 | b900 0000 | 0000 0000 | 0048 8bd0 | 0f1f 8000 

  0x00000223b495ba44: ;   {optimized virtual_call}
  0x00000223b495ba44: 0000 00e8 

  0x00000223b495ba48: ; ImmutableOopMap {[128]=Oop [152]=Oop [168]=Oop [176]=Oop [184]=Oop }
                      ;*invokespecial <init> {reexecute=0 rethrow=0 return_oop=0}
                      ; - java.lang.String::<init>@3
                      ; - java.lang.StringBuilder::toString@5
                      ; - org.eclipse.osgi.internal.framework.BundleContextImpl::dispatchEvent@107 (line 982)
  0x00000223b495ba48: 342d 0707 

  0x00000223b495ba4c: ;   {other}
  0x00000223b495ba4c: 0f1f 8400 | 3c14 0008 | 488b 9424 | 8000 0000 | 8b5a 1848 | 899c 24c8 | 0000 0090 

  0x00000223b495ba68: ;   {no_reloc}
  0x00000223b495ba68: e994 4200 | 0000 0000 | 0000 498b | 87b8 0100 | 0048 8d78 | 1849 3bbf | c801 0000 | 0f87 8142 
  0x00000223b495ba88: 0000 4989 | bfb8 0100 | 0048 c700 | 0100 0000 | 488b ca49 | ba00 0000 | c823 0200 | 0049 2bca 
  0x00000223b495baa8: 8948 0848 | 33c9 8948 | 0c48 33c9 | 4889 4810 | 4889 8424 | c000 0000 

  0x00000223b495bac0: ;   {metadata(method data for {method} {0x000002240a67a218} 'dispatchEvent' '(Ljava/lang/Object;Ljava/lang/Object;ILjava/lang/Object;)V' in 'org/eclipse/osgi/internal/framework/BundleContextImpl')}
  0x00000223b495bac0: 4c8b c048 | baf0 128a | 0a24 0200 | 0048 8382 | 0804 0000 

  0x00000223b495bad4: ;   {metadata(method data for {method} {0x00000223c8461da8} '<init>' '(Ljava/lang/String;)V' in 'java/lang/StringBuilder')}
  0x00000223b495bad4: 0149 b880 | e030 0a24 | 0200 0041 | 8b90 cc00 | 0000 83c2 | 0241 8990 | cc00 0000 | 81e2 feff 
  0x00000223b495baf4: 1f00 85d2 | 0f84 1a42 | 0000 4c8b 

  0x00000223b495bb00: ;   {metadata(method data for {method} {0x00000223c8461da8} '<init>' '(Ljava/lang/String;)V' in 'java/lang/StringBuilder')}
  0x00000223b495bb00: c048 ba80 | e030 0a24 | 0200 0048 | 8382 1001 

  0x00000223b495bb10: ;   {oop("dispatchBundleEvent["{0x00000000806abe28})}
  0x00000223b495bb10: 0000 0149 | b828 be6a | 8000 0000 | 0048 8bd0 | 0f1f 8000 

  0x00000223b495bb24: ;   {optimized virtual_call}
  0x00000223b495bb24: 0000 00e8 

  0x00000223b495bb28: ; ImmutableOopMap {[128]=Oop [152]=Oop [168]=Oop [176]=Oop [184]=Oop [192]=Oop [200]=Oop }
                      ;*invokespecial <init> {reexecute=0 rethrow=0 return_oop=0}
                      ; - java.lang.StringBuilder::<init>@2
                      ; - org.eclipse.osgi.internal.framework.BundleContextImpl::dispatchEvent@126 (line 984)
  0x00000223b495bb28: 542c 0707 

  0x00000223b495bb2c: ;   {other}
  0x00000223b495bb2c: 0f1f 8400 | 1c15 0009 | 488b 9424 | 8000 0000 | 8b72 1048 | 8b84 24c0 

  0x00000223b495bb44: ;   {metadata(method data for {method} {0x000002240a67a218} 'dispatchEvent' '(Ljava/lang/Object;Ljava/lang/Object;ILjava/lang/Object;)V' in 'org/eclipse/osgi/internal/framework/BundleContextImpl')}
  0x00000223b495bb44: 0000 0048 | bff0 128a | 0a24 0200 | 0048 8387 | 1804 0000 

  0x00000223b495bb58: ;   {metadata(method data for {method} {0x00000223c8461b40} 'append' '(Ljava/lang/Object;)Ljava/lang/StringBuilder;' in 'java/lang/StringBuilder')}
  0x00000223b495bb58: 0148 bf70 | 8909 0a24 | 0200 008b | 9fcc 0000 | 0083 c302 | 899f cc00 | 0000 81e3 | feff 1f00 
  0x00000223b495bb78: 85db 0f84 | b941 0000 

  0x00000223b495bb80: ;   {metadata(method data for {method} {0x00000223c8461b40} 'append' '(Ljava/lang/Object;)Ljava/lang/StringBuilder;' in 'java/lang/StringBuilder')}
  0x00000223b495bb80: 48bf 7089 | 090a 2402 | 0000 4883 | 8710 0100 

  0x00000223b495bb90: ;   {metadata(method data for {method} {0x00000223c8455280} 'valueOf' '(Ljava/lang/Object;)Ljava/lang/String;' in 'java/lang/String')}
  0x00000223b495bb90: 0001 48bf | 108b 090a | 2402 0000 | 8b9f cc00 | 0000 83c3 | 0289 9fcc | 0000 0081 | e3fe ff1f 
  0x00000223b495bbb0: 0085 db0f | 84a1 4100 | 0048 85f6 

  0x00000223b495bbbc: ;   {metadata(method data for {method} {0x00000223c8455280} 'valueOf' '(Ljava/lang/Object;)Ljava/lang/String;' in 'java/lang/String')}
  0x00000223b495bbbc: 48bf 108b | 090a 2402 | 0000 48c7 | c310 0100 | 0075 0748 | c7c3 2001 | 0000 488b | 041f 488d 
  0x00000223b495bbdc: 4001 4889 | 041f 0f85 | 1f00 0000 

  0x00000223b495bbe8: ;   {metadata(method data for {method} {0x00000223c8455280} 'valueOf' '(Ljava/lang/Object;)Ljava/lang/String;' in 'java/lang/String')}
  0x00000223b495bbe8: 48be 108b | 090a 2402 | 0000 ff86 | 3001 0000 

  0x00000223b495bbf8: ;   {oop("null"{0x0000000080000808})}
  0x00000223b495bbf8: 48be 0808 | 0080 0000 | 0000 e9b0 | 0000 0048 | 3b06 488b 

  0x00000223b495bc0c: ;   {metadata(method data for {method} {0x00000223c8455280} 'valueOf' '(Ljava/lang/Object;)Ljava/lang/String;' in 'java/lang/String')}
  0x00000223b495bc0c: fe48 bb10 | 8b09 0a24 | 0200 008b | 7f08 49ba | 0000 00c8 | 2302 0000 | 4903 fa48 | 3bbb 5801 
  0x00000223b495bc2c: 0000 750d | 4883 8360 | 0100 0001 | e960 0000 | 0048 3bbb | 6801 0000 | 750d 4883 | 8370 0100 
  0x00000223b495bc4c: 0001 e94a | 0000 0048 | 83bb 5801 | 0000 0075 | 1748 89bb | 5801 0000 | 48c7 8360 | 0100 0001 
  0x00000223b495bc6c: 0000 00e9 | 2900 0000 | 4883 bb68 | 0100 0000 | 7517 4889 | bb68 0100 | 0048 c783 | 7001 0000 
  0x00000223b495bc8c: 0100 0000 | e908 0000 | 0048 8383 | 4801 0000 | 0148 8bd6 | 0f1f 8000 

  0x00000223b495bca4: ;   {optimized virtual_call}
  0x00000223b495bca4: 0000 00e8 

  0x00000223b495bca8: ; ImmutableOopMap {[128]=Oop [152]=Oop [168]=Oop [176]=Oop [184]=Oop [192]=Oop [200]=Oop }
                      ;*invokevirtual toString {reexecute=0 rethrow=0 return_oop=0}
                      ; - java.lang.String::valueOf@11
                      ; - java.lang.StringBuilder::append@2
                      ; - org.eclipse.osgi.internal.framework.BundleContextImpl::dispatchEvent@133 (line 984)
  0x00000223b495bca8: d42a 0707 

  0x00000223b495bcac: ;   {other}
  0x00000223b495bcac: 0f1f 8400 | 9c16 000a | 488b f048 | 8b84 24c0 

  0x00000223b495bcbc: ;   {metadata(method data for {method} {0x00000223c8461b40} 'append' '(Ljava/lang/Object;)Ljava/lang/StringBuilder;' in 'java/lang/StringBuilder')}
  0x00000223b495bcbc: 0000 0049 | b870 8909 | 0a24 0200 | 0049 8380 | 2001 0000 

  0x00000223b495bcd0: ;   {metadata(method data for {method} {0x00000223c8461ae8} 'append' '(Ljava/lang/String;)Ljava/lang/StringBuilder;' in 'java/lang/StringBuilder')}
  0x00000223b495bcd0: 0149 b8d0 | b100 0a24 | 0200 0041 | 8b90 cc00 | 0000 83c2 | 0241 8990 | cc00 0000 | 81e2 feff 
  0x00000223b495bcf0: 1f00 85d2 | 0f84 8640 | 0000 488b | 8424 c000 

  0x00000223b495bd00: ;   {metadata(method data for {method} {0x00000223c8461ae8} 'append' '(Ljava/lang/String;)Ljava/lang/StringBuilder;' in 'java/lang/StringBuilder')}
  0x00000223b495bd00: 0000 49b8 | d0b1 000a | 2402 0000 | 4983 8010 | 0100 0001 | 4c8b c648 | 8b94 24c0 

  0x00000223b495bd1c: ;   {optimized virtual_call}
  0x00000223b495bd1c: 0000 00e8 

  0x00000223b495bd20: ; ImmutableOopMap {[128]=Oop [152]=Oop [168]=Oop [176]=Oop [184]=Oop [192]=Oop [200]=Oop }
                      ;*invokespecial append {reexecute=0 rethrow=0 return_oop=0}
                      ; - java.lang.StringBuilder::append@2
                      ; - java.lang.StringBuilder::append@5
                      ; - org.eclipse.osgi.internal.framework.BundleContextImpl::dispatchEvent@133 (line 984)
  0x00000223b495bd20: 5c2a 0707 

  0x00000223b495bd24: ;   {other}
  0x00000223b495bd24: 0f1f 8400 | 1417 000b | 488b 8424 | c000 0000 

  0x00000223b495bd34: ;   {metadata(method data for {method} {0x000002240a67a218} 'dispatchEvent' '(Ljava/lang/Object;Ljava/lang/Object;ILjava/lang/Object;)V' in 'org/eclipse/osgi/internal/framework/BundleContextImpl')}
  0x00000223b495bd34: 4c8b c048 | baf0 128a | 0a24 0200 | 0048 8382 | 5004 0000 

  0x00000223b495bd48: ;   {metadata(method data for {method} {0x00000223c8461ae8} 'append' '(Ljava/lang/String;)Ljava/lang/StringBuilder;' in 'java/lang/StringBuilder')}
  0x00000223b495bd48: 0149 b8d0 | b100 0a24 | 0200 0041 | 8b90 cc00 | 0000 83c2 | 0241 8990 | cc00 0000 | 81e2 feff 
  0x00000223b495bd68: 1f00 85d2 | 0f84 2f40 | 0000 4c8b 

  0x00000223b495bd74: ;   {metadata(method data for {method} {0x00000223c8461ae8} 'append' '(Ljava/lang/String;)Ljava/lang/StringBuilder;' in 'java/lang/StringBuilder')}
  0x00000223b495bd74: c048 bad0 | b100 0a24 | 0200 0048 | 8382 1001 

  0x00000223b495bd84: ;   {oop("]("{0x00000000806abe68})}
  0x00000223b495bd84: 0000 0149 | b868 be6a | 8000 0000 | 0048 8bd0 

  0x00000223b495bd94: ;   {optimized virtual_call}
  0x00000223b495bd94: 6666 90e8 

  0x00000223b495bd98: ; ImmutableOopMap {[128]=Oop [152]=Oop [168]=Oop [176]=Oop [184]=Oop [192]=Oop [200]=Oop }
                      ;*invokespecial append {reexecute=0 rethrow=0 return_oop=0}
                      ; - java.lang.StringBuilder::append@2
                      ; - org.eclipse.osgi.internal.framework.BundleContextImpl::dispatchEvent@139 (line 984)
  0x00000223b495bd98: e429 0707 

  0x00000223b495bd9c: ;   {other}
  0x00000223b495bd9c: 0f1f 8400 | 8c17 000c | 488b 8424 | c000 0000 

  0x00000223b495bdac: ;   {metadata(method data for {method} {0x000002240a67a218} 'dispatchEvent' '(Ljava/lang/Object;Ljava/lang/Object;ILjava/lang/Object;)V' in 'org/eclipse/osgi/internal/framework/BundleContextImpl')}
  0x00000223b495bdac: 49b8 f012 | 8a0a 2402 | 0000 4983 | 8088 0400 

  0x00000223b495bdbc: ;   {metadata(method data for {method} {0x00000223c8461ae8} 'append' '(Ljava/lang/String;)Ljava/lang/StringBuilder;' in 'java/lang/StringBuilder')}
  0x00000223b495bdbc: 0001 49b8 | d0b1 000a | 2402 0000 | 418b 90cc | 0000 0083 | c202 4189 | 90cc 0000 | 0081 e2fe 
  0x00000223b495bddc: ff1f 0085 | d20f 84db | 3f00 0048 | 8b84 24c0 

  0x00000223b495bdec: ;   {metadata(method data for {method} {0x00000223c8461ae8} 'append' '(Ljava/lang/String;)Ljava/lang/StringBuilder;' in 'java/lang/StringBuilder')}
  0x00000223b495bdec: 0000 0049 | b8d0 b100 | 0a24 0200 | 0049 8380 | 1001 0000 | 014c 8b84 | 24b8 0000 | 0048 8b94 
  0x00000223b495be0c: 24c0 0000 | 0066 0f1f 

  0x00000223b495be14: ;   {optimized virtual_call}
  0x00000223b495be14: 4400 00e8 

  0x00000223b495be18: ; ImmutableOopMap {[128]=Oop [152]=Oop [168]=Oop [176]=Oop [192]=Oop [200]=Oop }
                      ;*invokespecial append {reexecute=0 rethrow=0 return_oop=0}
                      ; - java.lang.StringBuilder::append@2
                      ; - org.eclipse.osgi.internal.framework.BundleContextImpl::dispatchEvent@144 (line 984)
  0x00000223b495be18: 6429 0707 

  0x00000223b495be1c: ;   {other}
  0x00000223b495be1c: 0f1f 8400 | 0c18 000d | 488b 8424 | c000 0000 

  0x00000223b495be2c: ;   {metadata(method data for {method} {0x000002240a67a218} 'dispatchEvent' '(Ljava/lang/Object;Ljava/lang/Object;ILjava/lang/Object;)V' in 'org/eclipse/osgi/internal/framework/BundleContextImpl')}
  0x00000223b495be2c: 49b8 f012 | 8a0a 2402 | 0000 4983 | 80c0 0400 

  0x00000223b495be3c: ;   {metadata(method data for {method} {0x00000223c8461ae8} 'append' '(Ljava/lang/String;)Ljava/lang/StringBuilder;' in 'java/lang/StringBuilder')}
  0x00000223b495be3c: 0001 49b8 | d0b1 000a | 2402 0000 | 418b 90cc | 0000 0083 | c202 4189 | 90cc 0000 | 0081 e2fe 
  0x00000223b495be5c: ff1f 0085 | d20f 847c | 3f00 0048 | 8b84 24c0 

  0x00000223b495be6c: ;   {metadata(method data for {method} {0x00000223c8461ae8} 'append' '(Ljava/lang/String;)Ljava/lang/StringBuilder;' in 'java/lang/StringBuilder')}
  0x00000223b495be6c: 0000 0049 | b8d0 b100 | 0a24 0200 | 0049 8380 | 1001 0000 

  0x00000223b495be80: ;   {oop(")"{0x0000000080002de8})}
  0x00000223b495be80: 0149 b8e8 | 2d00 8000 | 0000 0048 | 8b94 24c0 | 0000 000f 

  0x00000223b495be94: ;   {optimized virtual_call}
  0x00000223b495be94: 1f40 00e8 

  0x00000223b495be98: ; ImmutableOopMap {[128]=Oop [152]=Oop [168]=Oop [176]=Oop [192]=Oop [200]=Oop }
                      ;*invokespecial append {reexecute=0 rethrow=0 return_oop=0}
                      ; - java.lang.StringBuilder::append@2
                      ; - org.eclipse.osgi.internal.framework.BundleContextImpl::dispatchEvent@150 (line 984)
  0x00000223b495be98: e428 0707 

  0x00000223b495be9c: ;   {other}
  0x00000223b495be9c: 0f1f 8400 | 8c18 000e | 488b 8424 | c000 0000 

  0x00000223b495beac: ;   {metadata(method data for {method} {0x000002240a67a218} 'dispatchEvent' '(Ljava/lang/Object;Ljava/lang/Object;ILjava/lang/Object;)V' in 'org/eclipse/osgi/internal/framework/BundleContextImpl')}
  0x00000223b495beac: 48ba f012 | 8a0a 2402 | 0000 4883 | 82f8 0400 

  0x00000223b495bebc: ;   {metadata(method data for {method} {0x00000223c8008958} 'toString' '()Ljava/lang/String;' in 'java/lang/StringBuilder')}
  0x00000223b495bebc: 0001 48ba | f8b8 000a | 2402 0000 | 8bb2 cc00 | 0000 83c6 | 0289 b2cc | 0000 0081 | e6fe ff1f 
  0x00000223b495bedc: 0085 f60f | 841f 3f00 

  0x00000223b495bee4: ;   {metadata('java/lang/String')}
  0x00000223b495bee4: 0048 ba78 | e800 c823 | 0200 0049 | 8b87 b801 | 0000 488d | 7818 493b | bfc8 0100 | 000f 871e 
  0x00000223b495bf04: 3f00 0049 | 89bf b801 | 0000 48c7 | 0001 0000 | 0048 8bca | 49ba 0000 | 00c8 2302 | 0000 492b 
  0x00000223b495bf24: ca89 4808 | 4833 c989 | 480c 4833 | c948 8948 | 104c 8bc0 

  0x00000223b495bf38: ;   {metadata(method data for {method} {0x00000223c8008958} 'toString' '()Ljava/lang/String;' in 'java/lang/StringBuilder')}
  0x00000223b495bf38: 49b9 f8b8 | 000a 2402 | 0000 4983 | 8110 0100 

  0x00000223b495bf48: ;   {metadata(method data for {method} {0x00000223c8455dd8} '<init>' '(Ljava/lang/StringBuilder;)V' in 'java/lang/String')}
  0x00000223b495bf48: 0001 49b8 | 40ba 000a | 2402 0000 | 458b 88cc | 0000 0041 | 83c1 0245 | 8988 cc00 | 0000 4181 
  0x00000223b495bf68: e1fe ff1f | 0045 85c9 | 0f84 bc3e | 0000 4c8b 

  0x00000223b495bf78: ;   {metadata(method data for {method} {0x00000223c8455dd8} '<init>' '(Ljava/lang/StringBuilder;)V' in 'java/lang/String')}
  0x00000223b495bf78: c049 b940 | ba00 0a24 | 0200 0049 | 8381 1001 | 0000 014c | 8b84 24c0 

  0x00000223b495bf90: ;   {oop(nullptr)}
  0x00000223b495bf90: 0000 0049 | b900 0000 | 0000 0000 | 0048 8bd0 | 4889 8424 | d000 0000 | 0f1f 8000 

  0x00000223b495bfac: ;   {optimized virtual_call}
  0x00000223b495bfac: 0000 00e8 

  0x00000223b495bfb0: ; ImmutableOopMap {[128]=Oop [152]=Oop [168]=Oop [176]=Oop [200]=Oop [208]=Oop }
                      ;*invokespecial <init> {reexecute=0 rethrow=0 return_oop=0}
                      ; - java.lang.String::<init>@3
                      ; - java.lang.StringBuilder::toString@5
                      ; - org.eclipse.osgi.internal.framework.BundleContextImpl::dispatchEvent@153 (line 984)
  0x00000223b495bfb0: cc27 0707 

  0x00000223b495bfb4: ;   {other}
  0x00000223b495bfb4: 0f1f 8400 | a419 000f | 488b 9c24 | c800 0000 

  0x00000223b495bfc4: ; implicit exception: dispatches to 0x00000223b495fe53
  0x00000223b495bfc4: 483b 034c 

  0x00000223b495bfc8: ;   {metadata(method data for {method} {0x000002240a67a218} 'dispatchEvent' '(Ljava/lang/Object;Ljava/lang/Object;ILjava/lang/Object;)V' in 'org/eclipse/osgi/internal/framework/BundleContextImpl')}
  0x00000223b495bfc8: 8bc3 49b9 | f012 8a0a | 2402 0000 

  0x00000223b495bfd4: ;   {metadata('org/eclipse/osgi/internal/debug/Debug')}
  0x00000223b495bfd4: 49ba 8009 | 09c9 2302 | 0000 4d89 | 9140 0500 | 0049 8381 | 4805 0000 

  0x00000223b495bfec: ;   {metadata(method data for {method} {0x000002240a4e53d0} 'trace' '(Ljava/lang/String;Ljava/lang/String;)V' in 'org/eclipse/osgi/internal/debug/Debug')}
  0x00000223b495bfec: 0149 b858 | a083 0a24 | 0200 0045 | 8b88 cc00 | 0000 4183 | c102 4589 | 88cc 0000 | 0041 81e1 
  0x00000223b495c00c: feff 1f00 | 4585 c90f | 843f 3e00 | 008b 5324 

  0x00000223b495c01c: ;   {metadata(method data for {method} {0x000002240a4e53d0} 'trace' '(Ljava/lang/String;Ljava/lang/String;)V' in 'org/eclipse/osgi/internal/debug/Debug')}
  0x00000223b495c01c: 4885 d249 | b858 a083 | 0a24 0200 | 0049 c7c1 | 1001 0000 | 7407 49c7 | c120 0100 | 004b 8b34 
  0x00000223b495c03c: 0848 8d76 | 014b 8934 | 080f 84ff | 0200 0048 | 85d2 0f84 | 2900 0000 

  0x00000223b495c054: ;   {metadata('org/eclipse/osgi/internal/log/ExtendedLogServiceImpl')}
  0x00000223b495c054: 48bf 4056 | 09c9 2302 | 0000 8b72 | 0849 ba00 | 0000 c823 | 0200 0049 | 03f2 483b | 7e38 0f85 
  0x00000223b495c074: 013e 0000 | e900 0000 | 004c 8bc2 

  0x00000223b495c080: ; implicit exception: dispatches to 0x00000223b495fe7e
  0x00000223b495c080: 483b 024c 

  0x00000223b495c084: ;   {metadata(method data for {method} {0x000002240a4e53d0} 'trace' '(Ljava/lang/String;Ljava/lang/String;)V' in 'org/eclipse/osgi/internal/debug/Debug')}
  0x00000223b495c084: 8bc2 49b9 | 58a0 830a | 2402 0000 

  0x00000223b495c090: ;   {metadata('org/eclipse/osgi/internal/log/ExtendedLogServiceImpl')}
  0x00000223b495c090: 49ba 4056 | 09c9 2302 | 0000 4d89 | 9140 0100 | 0049 8381 | 4801 0000 

  0x00000223b495c0a8: ;   {metadata(method data for {method} {0x000002240a50ca80} 'getLogger' '(Ljava/lang/String;)Lorg/osgi/service/log/Logger;' in 'org/eclipse/osgi/internal/log/ExtendedLogServiceImpl')}
  0x00000223b495c0a8: 0149 b898 | a283 0a24 | 0200 0045 | 8b88 cc00 | 0000 4183 | c102 4589 | 88cc 0000 | 0041 81e1 
  0x00000223b495c0c8: feff 1f00 | 4585 c90f | 84ae 3d00 | 004c 8bc2 

  0x00000223b495c0d8: ;   {metadata(method data for {method} {0x000002240a50ca80} 'getLogger' '(Ljava/lang/String;)Lorg/osgi/service/log/Logger;' in 'org/eclipse/osgi/internal/log/ExtendedLogServiceImpl')}
  0x00000223b495c0d8: 49b9 98a2 | 830a 2402 

  0x00000223b495c0e0: ;   {metadata('org/eclipse/osgi/internal/log/ExtendedLogServiceImpl')}
  0x00000223b495c0e0: 0000 49ba | 4056 09c9 | 2302 0000 | 4d89 9120 | 0100 0049 | 8381 2801 

  0x00000223b495c0f8: ;   {metadata(method data for {method} {0x000002240a50a308} 'getLogger' '(Ljava/lang/String;)Lorg/eclipse/equinox/log/Logger;' in 'org/eclipse/osgi/internal/log/ExtendedLogServiceImpl')}
  0x00000223b495c0f8: 0000 0149 | b828 a483 | 0a24 0200 | 0045 8b88 | cc00 0000 | 4183 c102 | 4589 88cc | 0000 0041 
  0x00000223b495c118: 81e1 feff | 1f00 4585 | c90f 847d | 3d00 004c 

  0x00000223b495c128: ;   {metadata(method data for {method} {0x000002240a50a308} 'getLogger' '(Ljava/lang/String;)Lorg/eclipse/equinox/log/Logger;' in 'org/eclipse/osgi/internal/log/ExtendedLogServiceImpl')}
  0x00000223b495c128: 8bc2 49b9 | 28a4 830a | 2402 0000 

  0x00000223b495c134: ;   {metadata('org/eclipse/osgi/internal/log/ExtendedLogServiceImpl')}
  0x00000223b495c134: 49ba 4056 | 09c9 2302 | 0000 4d89 | 9120 0100 | 0049 8381 | 2801 0000 

  0x00000223b495c14c: ;   {oop("org.eclipse.osgi/debug/events"{0x00000000803e7958})}
  0x00000223b495c14c: 0149 b858 | 793e 8000 

  0x00000223b495c154: ;   {oop(a 'java/lang/Class'{0x00000000805e0f98} = 'org/osgi/service/log/Logger')}
  0x00000223b495c154: 0000 0049 | b998 0f5e | 8000 0000 | 0066 0f1f 

  0x00000223b495c164: ;   {optimized virtual_call}
  0x00000223b495c164: 4400 00e8 

  0x00000223b495c168: ; ImmutableOopMap {[128]=Oop [152]=Oop [168]=Oop [176]=Oop [208]=Oop }
                      ;*invokevirtual getLogger {reexecute=0 rethrow=0 return_oop=0}
                      ; - org.eclipse.osgi.internal.log.ExtendedLogServiceImpl::getLogger@4 (line 73)
                      ; - org.eclipse.osgi.internal.log.ExtendedLogServiceImpl::getLogger@2 (line 1)
                      ; - org.eclipse.osgi.internal.debug.Debug::trace@11 (line 265)
                      ; - org.eclipse.osgi.internal.framework.BundleContextImpl::dispatchEvent@156 (line 984)
  0x00000223b495c168: 1426 0707 

  0x00000223b495c16c: ;   {other}
  0x00000223b495c16c: 0f1f 8400 | 5c1b 0010 | 4885 c075 

  0x00000223b495c178: ;   {metadata(method data for {method} {0x000002240a50a308} 'getLogger' '(Ljava/lang/String;)Lorg/eclipse/equinox/log/Logger;' in 'org/eclipse/osgi/internal/log/ExtendedLogServiceImpl')}
  0x00000223b495c178: 1648 be28 | a483 0a24 | 0200 0080 | 8e41 0100 | 0001 e9e7 

  0x00000223b495c18c: ;   {metadata('org/eclipse/equinox/log/Logger')}
  0x00000223b495c18c: 0000 0048 | bff8 2909 | c923 0200 | 008b 7008 | 49ba 0000 | 00c8 2302 | 0000 4903 | f248 3b7e 
  0x00000223b495c1ac: 200f 841a | 0000 0048 | 3bf7 0f84 | 1100 0000 

  0x00000223b495c1bc: ;   {runtime_call slow_subtype_check Runtime1 stub}
  0x00000223b495c1bc: 5657 e8bd | 7312 075e | 5e85 f60f | 848d 0000 

  0x00000223b495c1cc: ;   {metadata(method data for {method} {0x000002240a50a308} 'getLogger' '(Ljava/lang/String;)Lorg/eclipse/equinox/log/Logger;' in 'org/eclipse/osgi/internal/log/ExtendedLogServiceImpl')}
  0x00000223b495c1cc: 0048 be28 | a483 0a24 | 0200 008b | 7808 49ba | 0000 00c8 | 2302 0000 | 4903 fa48 | 3bbe 5801 
  0x00000223b495c1ec: 0000 750d | 4883 8660 | 0100 0001 | e979 0000 | 0048 3bbe | 6801 0000 | 750d 4883 | 8670 0100 
  0x00000223b495c20c: 0001 e963 | 0000 0048 | 83be 5801 | 0000 0075 | 1748 89be | 5801 0000 | 48c7 8660 | 0100 0001 
  0x00000223b495c22c: 0000 00e9 | 4200 0000 | 4883 be68 | 0100 0000 | 7517 4889 | be68 0100 | 0048 c786 | 7001 0000 
  0x00000223b495c24c: 0100 0000 | e921 0000 | 00e9 1c00 

  0x00000223b495c258: ;   {metadata(method data for {method} {0x000002240a50a308} 'getLogger' '(Ljava/lang/String;)Lorg/eclipse/equinox/log/Logger;' in 'org/eclipse/osgi/internal/log/ExtendedLogServiceImpl')}
  0x00000223b495c258: 0000 48be | 28a4 830a | 2402 0000 | 4883 ae48 | 0100 0001 | e954 3c00 | 00e9 0000 | 0000 488b 
  0x00000223b495c278: d048 3b02 

  0x00000223b495c27c: ;   {metadata(method data for {method} {0x000002240a4e53d0} 'trace' '(Ljava/lang/String;Ljava/lang/String;)V' in 'org/eclipse/osgi/internal/debug/Debug')}
  0x00000223b495c27c: 4c8b c248 | be58 a083 | 0a24 0200 | 0045 8b40 | 0849 ba00 | 0000 c823 | 0200 004d | 03c2 4c3b 
  0x00000223b495c29c: 8678 0100 | 0075 0d48 | 8386 8001 | 0000 01e9 | 6000 0000 | 4c3b 8688 | 0100 0075 | 0d48 8386 
  0x00000223b495c2bc: 9001 0000 | 01e9 4a00 | 0000 4883 | be78 0100 | 0000 7517 | 4c89 8678 | 0100 0048 | c786 8001 
  0x00000223b495c2dc: 0000 0100 | 0000 e929 | 0000 0048 | 83be 8801 | 0000 0075 | 174c 8986 | 8801 0000 | 48c7 8690 
  0x00000223b495c2fc: 0100 0001 | 0000 00e9 | 0800 0000 | 4883 8668 | 0100 0001 | 4c8b 8424 | d000 0000 | 0f1f 4400 
  0x00000223b495c31c: 0048 b8ff | ffff ffff 

  0x00000223b495c324: ;   {virtual_call}
  0x00000223b495c324: ffff ffe8 

  0x00000223b495c328: ; ImmutableOopMap {[128]=Oop [152]=Oop [168]=Oop [176]=Oop }
                      ;*invokeinterface debug {reexecute=0 rethrow=0 return_oop=0}
                      ; - org.eclipse.osgi.internal.debug.Debug::trace@17 (line 265)
                      ; - org.eclipse.osgi.internal.framework.BundleContextImpl::dispatchEvent@156 (line 984)
  0x00000223b495c328: 5427 0707 

  0x00000223b495c32c: ;   {other}
  0x00000223b495c32c: 0f1f 8400 | 1c1d 0011 

  0x00000223b495c334: ;   {metadata(method data for {method} {0x000002240a4e53d0} 'trace' '(Ljava/lang/String;Ljava/lang/String;)V' in 'org/eclipse/osgi/internal/debug/Debug')}
  0x00000223b495c334: 49b8 58a0 | 830a 2402 | 0000 41ff | 80a0 0100 | 00e9 5200 | 0000 488b | 8424 d000 

  0x00000223b495c350: ;   {oop(a 'java/lang/Class'{0x00000000805de648} = 'org/eclipse/osgi/internal/debug/Debug')}
  0x00000223b495c350: 0000 49b8 | 48e6 5d80 | 0000 0000 | 418b 90d0 | 0000 0048 | 3b02 4c8b 

  0x00000223b495c368: ;   {metadata(method data for {method} {0x000002240a4e53d0} 'trace' '(Ljava/lang/String;Ljava/lang/String;)V' in 'org/eclipse/osgi/internal/debug/Debug')}
  0x00000223b495c368: c248 be58 | a083 0a24 

  0x00000223b495c370: ;   {metadata('java/io/PrintStream')}
  0x00000223b495c370: 0200 0049 | bac8 a300 | c823 0200 | 004c 8996 | c801 0000 | 4883 86d0 | 0100 0001 

  0x00000223b495c38c: ;   {optimized virtual_call}
  0x00000223b495c38c: 4c8b c0e8 

  0x00000223b495c390: ; ImmutableOopMap {[128]=Oop [152]=Oop [168]=Oop [176]=Oop }
                      ;*invokevirtual println {reexecute=0 rethrow=0 return_oop=0}
                      ; - org.eclipse.osgi.internal.debug.Debug::trace@29 (line 267)
                      ; - org.eclipse.osgi.internal.framework.BundleContextImpl::dispatchEvent@156 (line 984)
  0x00000223b495c390: ec23 0707 

  0x00000223b495c394: ;   {other}
  0x00000223b495c394: 0f1f 8400 | 841d 0012 | 488b 9c24 | a800 0000 | 488b b424 | 9800 0000 | 4885 f675 

  0x00000223b495c3b0: ;   {metadata(method data for {method} {0x000002240a67a218} 'dispatchEvent' '(Ljava/lang/Object;Ljava/lang/Object;ILjava/lang/Object;)V' in 'org/eclipse/osgi/internal/framework/BundleContextImpl')}
  0x00000223b495c3b0: 1648 bff0 | 128a 0a24 | 0200 0080 | 8f61 0500 | 0001 e9cc 

  0x00000223b495c3c4: ;   {metadata('org/osgi/framework/BundleEvent')}
  0x00000223b495c3c4: 0000 0048 | b868 8608 | c923 0200 | 008b 5608 | 49ba 0000 | 00c8 2302 | 0000 4903 | d248 3bc2 
  0x00000223b495c3e4: 0f85 8d00 

  0x00000223b495c3e8: ;   {metadata(method data for {method} {0x000002240a67a218} 'dispatchEvent' '(Ljava/lang/Object;Ljava/lang/Object;ILjava/lang/Object;)V' in 'org/eclipse/osgi/internal/framework/BundleContextImpl')}
  0x00000223b495c3e8: 0000 48bf | f012 8a0a | 2402 0000 | 8b46 0849 | ba00 0000 | c823 0200 | 0049 03c2 | 483b 8778 
  0x00000223b495c408: 0500 0075 | 0d48 8387 | 8005 0000 | 01e9 7900 | 0000 483b | 8788 0500 | 0075 0d48 | 8387 9005 
  0x00000223b495c428: 0000 01e9 | 6300 0000 | 4883 bf78 | 0500 0000 | 7517 4889 | 8778 0500 | 0048 c787 | 8005 0000 
  0x00000223b495c448: 0100 0000 | e942 0000 | 0048 83bf | 8805 0000 | 0075 1748 | 8987 8805 | 0000 48c7 | 8790 0500 
  0x00000223b495c468: 0001 0000 | 00e9 2100 | 0000 e91c 

  0x00000223b495c474: ;   {metadata(method data for {method} {0x000002240a67a218} 'dispatchEvent' '(Ljava/lang/Object;Ljava/lang/Object;ILjava/lang/Object;)V' in 'org/eclipse/osgi/internal/framework/BundleContextImpl')}
  0x00000223b495c474: 0000 0048 | bff0 128a | 0a24 0200 | 0048 83af | 6805 0000 | 01e9 4a3a | 0000 e900 | 0000 004c 
  0x00000223b495c494: 8bc6 483b | 0348 8bd3 

  0x00000223b495c49c: ;   {metadata(method data for {method} {0x000002240a67a218} 'dispatchEvent' '(Ljava/lang/Object;Ljava/lang/Object;ILjava/lang/Object;)V' in 'org/eclipse/osgi/internal/framework/BundleContextImpl')}
  0x00000223b495c49c: 48bf f012 | 8a0a 2402 | 0000 8b52 | 0849 ba00 | 0000 c823 | 0200 0049 | 03d2 483b | 97b0 0500 
  0x00000223b495c4bc: 0075 0d48 | 8387 b805 | 0000 01e9 | 6000 0000 | 483b 97c0 | 0500 0075 | 0d48 8387 | c805 0000 
  0x00000223b495c4dc: 01e9 4a00 | 0000 4883 | bfb0 0500 | 0000 7517 | 4889 97b0 | 0500 0048 | c787 b805 | 0000 0100 
  0x00000223b495c4fc: 0000 e929 | 0000 0048 | 83bf c005 | 0000 0075 | 1748 8997 | c005 0000 | 48c7 87c8 | 0500 0001 
  0x00000223b495c51c: 0000 00e9 | 0800 0000 | 4883 87a0 | 0500 0001 | 488b d366 | 0f1f 4400 | 0048 b820 | 0975 0924 
  0x00000223b495c53c: ;   {virtual_call}
  0x00000223b495c53c: 0200 00e8 

  0x00000223b495c540: ; ImmutableOopMap {[128]=Oop [152]=Oop [176]=Oop }
                      ;*invokeinterface bundleChanged {reexecute=0 rethrow=0 return_oop=0}
                      ; - org.eclipse.osgi.internal.framework.BundleContextImpl::dispatchEvent@166 (line 987)
  0x00000223b495c540: ccd7 1207 

  0x00000223b495c544: ;   {other}
  0x00000223b495c544: 0f1f 8400 | 341f 0013 

  0x00000223b495c54c: ;   {metadata(method data for {method} {0x000002240a67a218} 'dispatchEvent' '(Ljava/lang/Object;Ljava/lang/Object;ILjava/lang/Object;)V' in 'org/eclipse/osgi/internal/framework/BundleContextImpl')}
  0x00000223b495c54c: 48ba f012 | 8a0a 2402 | 0000 ff82 | d805 0000 | 488b 8424 | b000 0000 | e90c 2400 | 004c 8b8c 
  0x00000223b495c56c: 2490 0000 | 004d 85c9 

  0x00000223b495c574: ;   {metadata(method data for {method} {0x000002240a67a218} 'dispatchEvent' '(Ljava/lang/Object;Ljava/lang/Object;ILjava/lang/Object;)V' in 'org/eclipse/osgi/internal/framework/BundleContextImpl')}
  0x00000223b495c574: 7516 48bf | f012 8a0a | 2402 0000 | 808f 8109 | 0000 01e9 | e900 0000 

  0x00000223b495c58c: ;   {metadata('org/osgi/framework/FrameworkListener')}
  0x00000223b495c58c: 48b8 a094 | 08c9 2302 | 0000 418b | 7908 49ba | 0000 00c8 | 2302 0000 | 4903 fa48 | 3b47 200f 
  0x00000223b495c5ac: 841a 0000 | 0048 3bf8 | 0f84 1100 | 0000 5750 

  0x00000223b495c5bc: ;   {runtime_call slow_subtype_check Runtime1 stub}
  0x00000223b495c5bc: e8bf 6f12 | 075f 5f85 | ff0f 848e 

  0x00000223b495c5c8: ;   {metadata(method data for {method} {0x000002240a67a218} 'dispatchEvent' '(Ljava/lang/Object;Ljava/lang/Object;ILjava/lang/Object;)V' in 'org/eclipse/osgi/internal/framework/BundleContextImpl')}
  0x00000223b495c5c8: 0000 0048 | bff0 128a | 0a24 0200 | 0041 8b41 | 0849 ba00 | 0000 c823 | 0200 0049 | 03c2 483b 
  0x00000223b495c5e8: 8798 0900 | 0075 0d48 | 8387 a009 | 0000 01e9 | 7900 0000 | 483b 87a8 | 0900 0075 | 0d48 8387 
  0x00000223b495c608: b009 0000 | 01e9 6300 | 0000 4883 | bf98 0900 | 0000 7517 | 4889 8798 | 0900 0048 | c787 a009 
  0x00000223b495c628: 0000 0100 | 0000 e942 | 0000 0048 | 83bf a809 | 0000 0075 | 1748 8987 | a809 0000 | 48c7 87b0 
  0x00000223b495c648: 0900 0001 | 0000 00e9 | 2100 0000 | e91c 0000 

  0x00000223b495c658: ;   {metadata(method data for {method} {0x000002240a67a218} 'dispatchEvent' '(Ljava/lang/Object;Ljava/lang/Object;ILjava/lang/Object;)V' in 'org/eclipse/osgi/internal/framework/BundleContextImpl')}
  0x00000223b495c658: 0048 bff0 | 128a 0a24 | 0200 0048 | 83af 8809 | 0000 01e9 | 7638 0000 | e900 0000 | 0049 8bd9 
  0x00000223b495c678: 8b72 180f | be76 1385 

  0x00000223b495c680: ;   {metadata(method data for {method} {0x000002240a67a218} 'dispatchEvent' '(Ljava/lang/Object;Ljava/lang/Object;ILjava/lang/Object;)V' in 'org/eclipse/osgi/internal/framework/BundleContextImpl')}
  0x00000223b495c680: f648 bef0 | 128a 0a24 | 0200 0048 | c7c7 c009 | 0000 7407 | 48c7 c7d0 | 0900 0048 | 8b04 3e48 
  0x00000223b495c6a0: 8d40 0148 | 8904 3e0f | 84ef 0e00 | 0066 6690 

  0x00000223b495c6b0: ;   {no_reloc}
  0x00000223b495c6b0: e94e 3800 | 0000 0000 | 0000 498b | 87b8 0100 | 0048 8d78 | 1849 3bbf | c801 0000 | 0f87 3b38 
  0x00000223b495c6d0: 0000 4989 | bfb8 0100 | 0048 c700 | 0100 0000 | 488b ca49 | ba00 0000 | c823 0200 | 0049 2bca 
  0x00000223b495c6f0: 8948 0848 | 33c9 8948 | 0c48 33c9 | 4889 4810 | 4889 8424 | d800 0000 

  0x00000223b495c708: ; implicit exception: dispatches to 0x00000223b495ff1a
  0x00000223b495c708: 483b 0348 

  0x00000223b495c70c: ;   {metadata(method data for {method} {0x000002240a67a218} 'dispatchEvent' '(Ljava/lang/Object;Ljava/lang/Object;ILjava/lang/Object;)V' in 'org/eclipse/osgi/internal/framework/BundleContextImpl')}
  0x00000223b495c70c: 8bd3 48be | f012 8a0a | 2402 0000 | 4883 86e0 | 0900 0001 | 8b53 0849 | ba00 0000 | c823 0200 
  0x00000223b495c72c: 0049 03d2 | 488b 5270 | 488b 1248 | 3b02 488b 

  0x00000223b495c73c: ;   {metadata(method data for {method} {0x000002240a67a218} 'dispatchEvent' '(Ljava/lang/Object;Ljava/lang/Object;ILjava/lang/Object;)V' in 'org/eclipse/osgi/internal/framework/BundleContextImpl')}
  0x00000223b495c73c: f248 bff0 | 128a 0a24 | 0200 0048 | 8387 180a 

  0x00000223b495c74c: ;   {metadata(method data for {method} {0x00000223c8469ad8} 'getName' '()Ljava/lang/String;' in 'java/lang/Class')}
  0x00000223b495c74c: 0000 0148 | bef8 7c05 | 0a24 0200 | 008b becc | 0000 0083 | c702 89be | cc00 0000 | 81e7 feff 
  0x00000223b495c76c: 1f00 85ff | 0f84 ae37 | 0000 8b72 | 2c48 85f6 

  0x00000223b495c77c: ;   {metadata(method data for {method} {0x00000223c8469ad8} 'getName' '()Ljava/lang/String;' in 'java/lang/Class')}
  0x00000223b495c77c: 48bf f87c | 050a 2402 | 0000 48c7 | c110 0100 | 0074 0748 | c7c1 2001 | 0000 4c8b | 0c0f 4d8d 
  0x00000223b495c79c: 4901 4c89 | 0c0f 0f84 | 1d00 0000 

  0x00000223b495c7a8: ;   {metadata(method data for {method} {0x00000223c8469ad8} 'getName' '()Ljava/lang/String;' in 'java/lang/Class')}
  0x00000223b495c7a8: 48ba f87c | 050a 2402 | 0000 ff82 | 3001 0000 | 4889 9c24 | e000 0000 | e932 0000 | 0048 899c 
  0x00000223b495c7c8: 24e0 0000 | 0048 8bfa 

  0x00000223b495c7d0: ;   {metadata(method data for {method} {0x00000223c8469ad8} 'getName' '()Ljava/lang/String;' in 'java/lang/Class')}
  0x00000223b495c7d0: 48b9 f87c | 050a 2402 | 0000 4883 | 8148 0100 | 0001 0f1f 

  0x00000223b495c7e4: ;   {optimized virtual_call}
  0x00000223b495c7e4: 4400 00e8 

  0x00000223b495c7e8: ; ImmutableOopMap {[128]=Oop [152]=Oop [176]=Oop [216]=Oop [224]=Oop }
                      ;*invokevirtual initClassName {reexecute=0 rethrow=0 return_oop=0}
                      ; - java.lang.Class::getName@14
                      ; - org.eclipse.osgi.internal.framework.BundleContextImpl::dispatchEvent@321 (line 1008)
  0x00000223b495c7e8: 941f 0707 

  0x00000223b495c7ec: ;   {other}
  0x00000223b495c7ec: 0f1f 8400 | dc21 0014 

  0x00000223b495c7f4: ;   {metadata(method data for {method} {0x000002240a67a218} 'dispatchEvent' '(Ljava/lang/Object;Ljava/lang/Object;ILjava/lang/Object;)V' in 'org/eclipse/osgi/internal/framework/BundleContextImpl')}
  0x00000223b495c7f4: 488b f048 | baf0 128a | 0a24 0200 | 0048 8382 | 500a 0000 

  0x00000223b495c808: ;   {metadata(method data for {method} {0x00000223c8455280} 'valueOf' '(Ljava/lang/Object;)Ljava/lang/String;' in 'java/lang/String')}
  0x00000223b495c808: 0148 ba10 | 8b09 0a24 | 0200 008b | bacc 0000 | 0083 c702 | 89ba cc00 | 0000 81e7 | feff 1f00 
  0x00000223b495c828: 85ff 0f84 | 1537 0000 

  0x00000223b495c830: ;   {metadata(method data for {method} {0x00000223c8455280} 'valueOf' '(Ljava/lang/Object;)Ljava/lang/String;' in 'java/lang/String')}
  0x00000223b495c830: 4885 f648 | ba10 8b09 | 0a24 0200 | 0048 c7c7 | 1001 0000 | 7507 48c7 | c720 0100 | 0048 8b1c 
  0x00000223b495c850: 3a48 8d5b | 0148 891c | 3a0f 851f 

  0x00000223b495c85c: ;   {metadata(method data for {method} {0x00000223c8455280} 'valueOf' '(Ljava/lang/Object;)Ljava/lang/String;' in 'java/lang/String')}
  0x00000223b495c85c: 0000 0048 | ba10 8b09 | 0a24 0200 | 00ff 8230 

  0x00000223b495c86c: ;   {oop("null"{0x0000000080000808})}
  0x00000223b495c86c: 0100 0048 | be08 0800 | 8000 0000 | 00e9 b900 | 0000 483b | 0648 8bd6 

  0x00000223b495c884: ;   {metadata(method data for {method} {0x00000223c8455280} 'valueOf' '(Ljava/lang/Object;)Ljava/lang/String;' in 'java/lang/String')}
  0x00000223b495c884: 48bf 108b | 090a 2402 | 0000 8b52 | 0849 ba00 | 0000 c823 | 0200 0049 | 03d2 483b | 9758 0100 
  0x00000223b495c8a4: 0075 0d48 | 8387 6001 | 0000 01e9 | 6000 0000 | 483b 9768 | 0100 0075 | 0d48 8387 | 7001 0000 
  0x00000223b495c8c4: 01e9 4a00 | 0000 4883 | bf58 0100 | 0000 7517 | 4889 9758 | 0100 0048 | c787 6001 | 0000 0100 
  0x00000223b495c8e4: 0000 e929 | 0000 0048 | 83bf 6801 | 0000 0075 | 1748 8997 | 6801 0000 | 48c7 8770 | 0100 0001 
  0x00000223b495c904: 0000 00e9 | 0800 0000 | 4883 8748 | 0100 0001 | 488b d666 | 0f1f 4400 | 0048 b8ff | ffff ffff 
  0x00000223b495c924: ;   {virtual_call}
  0x00000223b495c924: ffff ffe8 

  0x00000223b495c928: ; ImmutableOopMap {[128]=Oop [152]=Oop [176]=Oop [216]=Oop [224]=Oop }
                      ;*invokevirtual toString {reexecute=0 rethrow=0 return_oop=0}
                      ; - java.lang.String::valueOf@11
                      ; - org.eclipse.osgi.internal.framework.BundleContextImpl::dispatchEvent@324 (line 1008)
  0x00000223b495c928: 5421 0707 

  0x00000223b495c92c: ;   {other}
  0x00000223b495c92c: 0f1f 8400 | 1c23 0015 | 488b f048 | 8b84 24d8 | 0000 004c 

  0x00000223b495c940: ;   {metadata(method data for {method} {0x000002240a67a218} 'dispatchEvent' '(Ljava/lang/Object;Ljava/lang/Object;ILjava/lang/Object;)V' in 'org/eclipse/osgi/internal/framework/BundleContextImpl')}
  0x00000223b495c940: 8bc0 48bf | f012 8a0a | 2402 0000 | 4883 8760 | 0a00 0001 

  0x00000223b495c954: ;   {metadata(method data for {method} {0x00000223c8461da8} '<init>' '(Ljava/lang/String;)V' in 'java/lang/StringBuilder')}
  0x00000223b495c954: 49b8 80e0 | 300a 2402 | 0000 418b | b8cc 0000 | 0083 c702 | 4189 b8cc | 0000 0081 | e7fe ff1f 
  0x00000223b495c974: 0085 ff0f | 84ee 3500 | 004c 8bc0 

  0x00000223b495c980: ;   {metadata(method data for {method} {0x00000223c8461da8} '<init>' '(Ljava/lang/String;)V' in 'java/lang/StringBuilder')}
  0x00000223b495c980: 48bf 80e0 | 300a 2402 | 0000 4883 | 8710 0100 | 0001 4c8b | c648 8bd0 | 0f1f 8000 

  0x00000223b495c99c: ;   {optimized virtual_call}
  0x00000223b495c99c: 0000 00e8 

  0x00000223b495c9a0: ; ImmutableOopMap {[128]=Oop [152]=Oop [176]=Oop [216]=Oop [224]=Oop }
                      ;*invokespecial <init> {reexecute=0 rethrow=0 return_oop=0}
                      ; - java.lang.StringBuilder::<init>@2
                      ; - org.eclipse.osgi.internal.framework.BundleContextImpl::dispatchEvent@327 (line 1008)
  0x00000223b495c9a0: dc1d 0707 

  0x00000223b495c9a4: ;   {other}
  0x00000223b495c9a4: 0f1f 8400 | 9423 0016 | 488b 8424 | d800 0000 

  0x00000223b495c9b4: ;   {metadata(method data for {method} {0x000002240a67a218} 'dispatchEvent' '(Ljava/lang/Object;Ljava/lang/Object;ILjava/lang/Object;)V' in 'org/eclipse/osgi/internal/framework/BundleContextImpl')}
  0x00000223b495c9b4: 49b8 f012 | 8a0a 2402 | 0000 4983 | 8070 0a00 

  0x00000223b495c9c4: ;   {metadata(method data for {method} {0x00000223c8461ae8} 'append' '(Ljava/lang/String;)Ljava/lang/StringBuilder;' in 'java/lang/StringBuilder')}
  0x00000223b495c9c4: 0001 49b8 | d0b1 000a | 2402 0000 | 418b 90cc | 0000 0083 | c202 4189 | 90cc 0000 | 0081 e2fe 
  0x00000223b495c9e4: ff1f 0085 | d20f 849d | 3500 0048 | 8b84 24d8 

  0x00000223b495c9f4: ;   {metadata(method data for {method} {0x00000223c8461ae8} 'append' '(Ljava/lang/String;)Ljava/lang/StringBuilder;' in 'java/lang/StringBuilder')}
  0x00000223b495c9f4: 0000 0049 | b8d0 b100 | 0a24 0200 | 0049 8380 | 1001 0000 

  0x00000223b495ca08: ;   {oop("@"{0x000000008064e468})}
  0x00000223b495ca08: 0149 b868 | e464 8000 | 0000 0048 | 8b94 24d8 | 0000 000f 

  0x00000223b495ca1c: ;   {optimized virtual_call}
  0x00000223b495ca1c: 1f40 00e8 

  0x00000223b495ca20: ; ImmutableOopMap {[128]=Oop [152]=Oop [176]=Oop [216]=Oop [224]=Oop }
                      ;*invokespecial append {reexecute=0 rethrow=0 return_oop=0}
                      ; - java.lang.StringBuilder::append@2
                      ; - org.eclipse.osgi.internal.framework.BundleContextImpl::dispatchEvent@333 (line 1008)
  0x00000223b495ca20: 5c1d 0707 

  0x00000223b495ca24: ;   {other}
  0x00000223b495ca24: 0f1f 8400 | 1424 0017 

  0x00000223b495ca2c: ;   {metadata(method data for {method} {0x000002240a67a218} 'dispatchEvent' '(Ljava/lang/Object;Ljava/lang/Object;ILjava/lang/Object;)V' in 'org/eclipse/osgi/internal/framework/BundleContextImpl')}
  0x00000223b495ca2c: 48ba f012 | 8a0a 2402 | 0000 4883 | 82a8 0a00 | 0001 488b | 9424 e000 

  0x00000223b495ca44: ;   {static_call}
  0x00000223b495ca44: 0000 90e8 

  0x00000223b495ca48: ; ImmutableOopMap {[128]=Oop [152]=Oop [176]=Oop [216]=Oop [224]=Oop }
                      ;*invokestatic identityHashCode {reexecute=0 rethrow=0 return_oop=0}
                      ; - org.eclipse.osgi.internal.framework.BundleContextImpl::dispatchEvent@338 (line 1009)
  0x00000223b495ca48: 3423 0707 

  0x00000223b495ca4c: ;   {other}
  0x00000223b495ca4c: 0f1f 8400 | 3c24 0018 

  0x00000223b495ca54: ;   {metadata(method data for {method} {0x000002240a67a218} 'dispatchEvent' '(Ljava/lang/Object;Ljava/lang/Object;ILjava/lang/Object;)V' in 'org/eclipse/osgi/internal/framework/BundleContextImpl')}
  0x00000223b495ca54: 48ba f012 | 8a0a 2402 | 0000 4883 | 82b8 0a00 

  0x00000223b495ca64: ;   {metadata(method data for {method} {0x00000223c8416620} 'toHexString' '(I)Ljava/lang/String;' in 'java/lang/Integer')}
  0x00000223b495ca64: 0001 48ba | 884b 300a | 2402 0000 | 448b 82cc | 0000 0041 | 83c0 0244 | 8982 cc00 | 0000 4181 
  0x00000223b495ca84: e0fe ff1f | 0045 85c0 | 0f84 1b35 

  0x00000223b495ca90: ;   {metadata(method data for {method} {0x00000223c8416620} 'toHexString' '(I)Ljava/lang/String;' in 'java/lang/Integer')}
  0x00000223b495ca90: 0000 48ba | 884b 300a | 2402 0000 | 4883 8210 | 0100 0001 | 488b d041 | b804 0000 

  0x00000223b495caac: ;   {static_call}
  0x00000223b495caac: 0066 90e8 

  0x00000223b495cab0: ; ImmutableOopMap {[128]=Oop [152]=Oop [176]=Oop [216]=Oop [224]=Oop }
                      ;*invokestatic toUnsignedString0 {reexecute=0 rethrow=0 return_oop=0}
                      ; - java.lang.Integer::toHexString@2
                      ; - org.eclipse.osgi.internal.framework.BundleContextImpl::dispatchEvent@341 (line 1009)
  0x00000223b495cab0: cc22 0707 

  0x00000223b495cab4: ;   {other}
  0x00000223b495cab4: 0f1f 8400 | a424 0019 | 4c8b 8424 | d800 0000 

  0x00000223b495cac4: ;   {metadata(method data for {method} {0x000002240a67a218} 'dispatchEvent' '(Ljava/lang/Object;Ljava/lang/Object;ILjava/lang/Object;)V' in 'org/eclipse/osgi/internal/framework/BundleContextImpl')}
  0x00000223b495cac4: 48ba f012 | 8a0a 2402 | 0000 4883 | 82c8 0a00 

  0x00000223b495cad4: ;   {metadata(method data for {method} {0x00000223c8461ae8} 'append' '(Ljava/lang/String;)Ljava/lang/StringBuilder;' in 'java/lang/StringBuilder')}
  0x00000223b495cad4: 0001 49b8 | d0b1 000a | 2402 0000 | 418b 90cc | 0000 0083 | c202 4189 | 90cc 0000 | 0081 e2fe 
  0x00000223b495caf4: ff1f 0085 | d20f 84cf | 3400 004c | 8b84 24d8 

  0x00000223b495cb04: ;   {metadata(method data for {method} {0x00000223c8461ae8} 'append' '(Ljava/lang/String;)Ljava/lang/StringBuilder;' in 'java/lang/StringBuilder')}
  0x00000223b495cb04: 0000 0048 | bad0 b100 | 0a24 0200 | 0048 8382 | 1001 0000 | 014c 8bc0 | 488b 9424 | d800 0000 
  0x00000223b495cb24: ;   {optimized virtual_call}
  0x00000223b495cb24: 6666 90e8 

  0x00000223b495cb28: ; ImmutableOopMap {[128]=Oop [152]=Oop [176]=Oop [216]=Oop [224]=Oop }
                      ;*invokespecial append {reexecute=0 rethrow=0 return_oop=0}
                      ; - java.lang.StringBuilder::append@2
                      ; - org.eclipse.osgi.internal.framework.BundleContextImpl::dispatchEvent@344 (line 1009)
  0x00000223b495cb28: 541c 0707 

  0x00000223b495cb2c: ;   {other}
  0x00000223b495cb2c: 0f1f 8400 | 1c25 001a | 488b 8424 | d800 0000 

  0x00000223b495cb3c: ;   {metadata(method data for {method} {0x000002240a67a218} 'dispatchEvent' '(Ljava/lang/Object;Ljava/lang/Object;ILjava/lang/Object;)V' in 'org/eclipse/osgi/internal/framework/BundleContextImpl')}
  0x00000223b495cb3c: 48ba f012 | 8a0a 2402 | 0000 4883 | 8200 0b00 

  0x00000223b495cb4c: ;   {metadata(method data for {method} {0x00000223c8008958} 'toString' '()Ljava/lang/String;' in 'java/lang/StringBuilder')}
  0x00000223b495cb4c: 0001 48ba | f8b8 000a | 2402 0000 | 8bb2 cc00 | 0000 83c6 | 0289 b2cc | 0000 0081 | e6fe ff1f 
  0x00000223b495cb6c: 0085 f60f | 847a 3400 

  0x00000223b495cb74: ;   {metadata('java/lang/String')}
  0x00000223b495cb74: 0048 ba78 | e800 c823 | 0200 0049 | 8b87 b801 | 0000 488d | 7818 493b | bfc8 0100 | 000f 8779 
  0x00000223b495cb94: 3400 0049 | 89bf b801 | 0000 48c7 | 0001 0000 | 0048 8bca | 49ba 0000 | 00c8 2302 | 0000 492b 
  0x00000223b495cbb4: ca89 4808 | 4833 c989 | 480c 4833 | c948 8948 | 1048 8984 | 24e8 0000 | 004c 8bc0 

  0x00000223b495cbd0: ;   {metadata(method data for {method} {0x00000223c8008958} 'toString' '()Ljava/lang/String;' in 'java/lang/StringBuilder')}
  0x00000223b495cbd0: 49b9 f8b8 | 000a 2402 | 0000 4983 | 8110 0100 

  0x00000223b495cbe0: ;   {metadata(method data for {method} {0x00000223c8455dd8} '<init>' '(Ljava/lang/StringBuilder;)V' in 'java/lang/String')}
  0x00000223b495cbe0: 0001 49b8 | 40ba 000a | 2402 0000 | 458b 88cc | 0000 0041 | 83c1 0245 | 8988 cc00 | 0000 4181 
  0x00000223b495cc00: e1fe ff1f | 0045 85c9 | 0f84 0f34 | 0000 4c8b 

  0x00000223b495cc10: ;   {metadata(method data for {method} {0x00000223c8455dd8} '<init>' '(Ljava/lang/StringBuilder;)V' in 'java/lang/String')}
  0x00000223b495cc10: c049 b940 | ba00 0a24 | 0200 0049 | 8381 1001 | 0000 014c | 8b84 24d8 

  0x00000223b495cc28: ;   {oop(nullptr)}
  0x00000223b495cc28: 0000 0049 | b900 0000 | 0000 0000 | 0048 8bd0 | 0f1f 8000 

  0x00000223b495cc3c: ;   {optimized virtual_call}
  0x00000223b495cc3c: 0000 00e8 

  0x00000223b495cc40: ; ImmutableOopMap {[128]=Oop [152]=Oop [176]=Oop [224]=Oop [232]=Oop }
                      ;*invokespecial <init> {reexecute=0 rethrow=0 return_oop=0}
                      ; - java.lang.String::<init>@3
                      ; - java.lang.StringBuilder::toString@5
                      ; - org.eclipse.osgi.internal.framework.BundleContextImpl::dispatchEvent@347 (line 1008)
  0x00000223b495cc40: 3c1b 0707 

  0x00000223b495cc44: ;   {other}
  0x00000223b495cc44: 0f1f 8400 | 3426 001b | 488b 9424 | 8000 0000 | 8b5a 1848 | 899c 24f8 | 0000 0090 

  0x00000223b495cc60: ;   {no_reloc}
  0x00000223b495cc60: e9e8 3300 | 0000 0000 | 0000 498b | 87b8 0100 | 0048 8d78 | 1849 3bbf | c801 0000 | 0f87 d533 
  0x00000223b495cc80: 0000 4989 | bfb8 0100 | 0048 c700 | 0100 0000 | 488b ca49 | ba00 0000 | c823 0200 | 0049 2bca 
  0x00000223b495cca0: 8948 0848 | 33c9 8948 | 0c48 33c9 | 4889 4810 | 4889 8424 | f000 0000 

  0x00000223b495ccb8: ;   {metadata(method data for {method} {0x000002240a67a218} 'dispatchEvent' '(Ljava/lang/Object;Ljava/lang/Object;ILjava/lang/Object;)V' in 'org/eclipse/osgi/internal/framework/BundleContextImpl')}
  0x00000223b495ccb8: 4c8b c048 | baf0 128a | 0a24 0200 | 0048 8382 | 380b 0000 

  0x00000223b495cccc: ;   {metadata(method data for {method} {0x00000223c8461da8} '<init>' '(Ljava/lang/String;)V' in 'java/lang/StringBuilder')}
  0x00000223b495cccc: 0149 b880 | e030 0a24 | 0200 0041 | 8b90 cc00 | 0000 83c2 | 0241 8990 | cc00 0000 | 81e2 feff 
  0x00000223b495ccec: 1f00 85d2 | 0f84 6e33 | 0000 4c8b 

  0x00000223b495ccf8: ;   {metadata(method data for {method} {0x00000223c8461da8} '<init>' '(Ljava/lang/String;)V' in 'java/lang/StringBuilder')}
  0x00000223b495ccf8: c048 ba80 | e030 0a24 | 0200 0048 | 8382 1001 

  0x00000223b495cd08: ;   {oop("dispatchFrameworkEvent["{0x00000000806abda8})}
  0x00000223b495cd08: 0000 0149 | b8a8 bd6a | 8000 0000 | 0048 8bd0 | 0f1f 8000 

  0x00000223b495cd1c: ;   {optimized virtual_call}
  0x00000223b495cd1c: 0000 00e8 

  0x00000223b495cd20: ; ImmutableOopMap {[128]=Oop [152]=Oop [176]=Oop [224]=Oop [232]=Oop [240]=Oop [248]=Oop }
                      ;*invokespecial <init> {reexecute=0 rethrow=0 return_oop=0}
                      ; - java.lang.StringBuilder::<init>@2
                      ; - org.eclipse.osgi.internal.framework.BundleContextImpl::dispatchEvent@366 (line 1011)
  0x00000223b495cd20: 5c1a 0707 

  0x00000223b495cd24: ;   {other}
  0x00000223b495cd24: 0f1f 8400 | 1427 001c | 488b 9424 | 8000 0000 | 8b72 1048 | 8b84 24f0 

  0x00000223b495cd3c: ;   {metadata(method data for {method} {0x000002240a67a218} 'dispatchEvent' '(Ljava/lang/Object;Ljava/lang/Object;ILjava/lang/Object;)V' in 'org/eclipse/osgi/internal/framework/BundleContextImpl')}
  0x00000223b495cd3c: 0000 0048 | bff0 128a | 0a24 0200 | 0048 8387 | 480b 0000 

  0x00000223b495cd50: ;   {metadata(method data for {method} {0x00000223c8461b40} 'append' '(Ljava/lang/Object;)Ljava/lang/StringBuilder;' in 'java/lang/StringBuilder')}
  0x00000223b495cd50: 0148 bf70 | 8909 0a24 | 0200 008b | 9fcc 0000 | 0083 c302 | 899f cc00 | 0000 81e3 | feff 1f00 
  0x00000223b495cd70: 85db 0f84 | 0d33 0000 

  0x00000223b495cd78: ;   {metadata(method data for {method} {0x00000223c8461b40} 'append' '(Ljava/lang/Object;)Ljava/lang/StringBuilder;' in 'java/lang/StringBuilder')}
  0x00000223b495cd78: 48bf 7089 | 090a 2402 | 0000 4883 | 8710 0100 

  0x00000223b495cd88: ;   {metadata(method data for {method} {0x00000223c8455280} 'valueOf' '(Ljava/lang/Object;)Ljava/lang/String;' in 'java/lang/String')}
  0x00000223b495cd88: 0001 48bf | 108b 090a | 2402 0000 | 8b9f cc00 | 0000 83c3 | 0289 9fcc | 0000 0081 | e3fe ff1f 
  0x00000223b495cda8: 0085 db0f | 84f5 3200 | 0048 85f6 

  0x00000223b495cdb4: ;   {metadata(method data for {method} {0x00000223c8455280} 'valueOf' '(Ljava/lang/Object;)Ljava/lang/String;' in 'java/lang/String')}
  0x00000223b495cdb4: 48bf 108b | 090a 2402 | 0000 48c7 | c310 0100 | 0075 0748 | c7c3 2001 | 0000 488b | 041f 488d 
  0x00000223b495cdd4: 4001 4889 | 041f 0f85 | 1f00 0000 

  0x00000223b495cde0: ;   {metadata(method data for {method} {0x00000223c8455280} 'valueOf' '(Ljava/lang/Object;)Ljava/lang/String;' in 'java/lang/String')}
  0x00000223b495cde0: 48be 108b | 090a 2402 | 0000 ff86 | 3001 0000 

  0x00000223b495cdf0: ;   {oop("null"{0x0000000080000808})}
  0x00000223b495cdf0: 48be 0808 | 0080 0000 | 0000 e9b0 | 0000 0048 | 3b06 488b 

  0x00000223b495ce04: ;   {metadata(method data for {method} {0x00000223c8455280} 'valueOf' '(Ljava/lang/Object;)Ljava/lang/String;' in 'java/lang/String')}
  0x00000223b495ce04: fe48 bb10 | 8b09 0a24 | 0200 008b | 7f08 49ba | 0000 00c8 | 2302 0000 | 4903 fa48 | 3bbb 5801 
  0x00000223b495ce24: 0000 750d | 4883 8360 | 0100 0001 | e960 0000 | 0048 3bbb | 6801 0000 | 750d 4883 | 8370 0100 
  0x00000223b495ce44: 0001 e94a | 0000 0048 | 83bb 5801 | 0000 0075 | 1748 89bb | 5801 0000 | 48c7 8360 | 0100 0001 
  0x00000223b495ce64: 0000 00e9 | 2900 0000 | 4883 bb68 | 0100 0000 | 7517 4889 | bb68 0100 | 0048 c783 | 7001 0000 
  0x00000223b495ce84: 0100 0000 | e908 0000 | 0048 8383 | 4801 0000 | 0148 8bd6 | 0f1f 8000 

  0x00000223b495ce9c: ;   {optimized virtual_call}
  0x00000223b495ce9c: 0000 00e8 

  0x00000223b495cea0: ; ImmutableOopMap {[128]=Oop [152]=Oop [176]=Oop [224]=Oop [232]=Oop [240]=Oop [248]=Oop }
                      ;*invokevirtual toString {reexecute=0 rethrow=0 return_oop=0}
                      ; - java.lang.String::valueOf@11
                      ; - java.lang.StringBuilder::append@2
                      ; - org.eclipse.osgi.internal.framework.BundleContextImpl::dispatchEvent@373 (line 1011)
  0x00000223b495cea0: dc18 0707 

  0x00000223b495cea4: ;   {other}
  0x00000223b495cea4: 0f1f 8400 | 9428 001d | 488b f048 | 8b84 24f0 

  0x00000223b495ceb4: ;   {metadata(method data for {method} {0x00000223c8461b40} 'append' '(Ljava/lang/Object;)Ljava/lang/StringBuilder;' in 'java/lang/StringBuilder')}
  0x00000223b495ceb4: 0000 0049 | b870 8909 | 0a24 0200 | 0049 8380 | 2001 0000 

  0x00000223b495cec8: ;   {metadata(method data for {method} {0x00000223c8461ae8} 'append' '(Ljava/lang/String;)Ljava/lang/StringBuilder;' in 'java/lang/StringBuilder')}
  0x00000223b495cec8: 0149 b8d0 | b100 0a24 | 0200 0041 | 8b90 cc00 | 0000 83c2 | 0241 8990 | cc00 0000 | 81e2 feff 
  0x00000223b495cee8: 1f00 85d2 | 0f84 da31 | 0000 488b | 8424 f000 

  0x00000223b495cef8: ;   {metadata(method data for {method} {0x00000223c8461ae8} 'append' '(Ljava/lang/String;)Ljava/lang/StringBuilder;' in 'java/lang/StringBuilder')}
  0x00000223b495cef8: 0000 49b8 | d0b1 000a | 2402 0000 | 4983 8010 | 0100 0001 | 4c8b c648 | 8b94 24f0 

  0x00000223b495cf14: ;   {optimized virtual_call}
  0x00000223b495cf14: 0000 00e8 

  0x00000223b495cf18: ; ImmutableOopMap {[128]=Oop [152]=Oop [176]=Oop [224]=Oop [232]=Oop [240]=Oop [248]=Oop }
                      ;*invokespecial append {reexecute=0 rethrow=0 return_oop=0}
                      ; - java.lang.StringBuilder::append@2
                      ; - java.lang.StringBuilder::append@5
                      ; - org.eclipse.osgi.internal.framework.BundleContextImpl::dispatchEvent@373 (line 1011)
  0x00000223b495cf18: 6418 0707 

  0x00000223b495cf1c: ;   {other}
  0x00000223b495cf1c: 0f1f 8400 | 0c29 001e | 488b 8424 | f000 0000 

  0x00000223b495cf2c: ;   {metadata(method data for {method} {0x000002240a67a218} 'dispatchEvent' '(Ljava/lang/Object;Ljava/lang/Object;ILjava/lang/Object;)V' in 'org/eclipse/osgi/internal/framework/BundleContextImpl')}
  0x00000223b495cf2c: 4c8b c048 | baf0 128a | 0a24 0200 | 0048 8382 | 800b 0000 

  0x00000223b495cf40: ;   {metadata(method data for {method} {0x00000223c8461ae8} 'append' '(Ljava/lang/String;)Ljava/lang/StringBuilder;' in 'java/lang/StringBuilder')}
  0x00000223b495cf40: 0149 b8d0 | b100 0a24 | 0200 0041 | 8b90 cc00 | 0000 83c2 | 0241 8990 | cc00 0000 | 81e2 feff 
  0x00000223b495cf60: 1f00 85d2 | 0f84 8331 | 0000 4c8b 

  0x00000223b495cf6c: ;   {metadata(method data for {method} {0x00000223c8461ae8} 'append' '(Ljava/lang/String;)Ljava/lang/StringBuilder;' in 'java/lang/StringBuilder')}
  0x00000223b495cf6c: c048 bad0 | b100 0a24 | 0200 0048 | 8382 1001 

  0x00000223b495cf7c: ;   {oop("]("{0x00000000806abe68})}
  0x00000223b495cf7c: 0000 0149 | b868 be6a | 8000 0000 | 0048 8bd0 

  0x00000223b495cf8c: ;   {optimized virtual_call}
  0x00000223b495cf8c: 6666 90e8 

  0x00000223b495cf90: ; ImmutableOopMap {[128]=Oop [152]=Oop [176]=Oop [224]=Oop [232]=Oop [240]=Oop [248]=Oop }
                      ;*invokespecial append {reexecute=0 rethrow=0 return_oop=0}
                      ; - java.lang.StringBuilder::append@2
                      ; - org.eclipse.osgi.internal.framework.BundleContextImpl::dispatchEvent@379 (line 1011)
  0x00000223b495cf90: ec17 0707 

  0x00000223b495cf94: ;   {other}
  0x00000223b495cf94: 0f1f 8400 | 8429 001f | 488b 8424 | f000 0000 

  0x00000223b495cfa4: ;   {metadata(method data for {method} {0x000002240a67a218} 'dispatchEvent' '(Ljava/lang/Object;Ljava/lang/Object;ILjava/lang/Object;)V' in 'org/eclipse/osgi/internal/framework/BundleContextImpl')}
  0x00000223b495cfa4: 49b8 f012 | 8a0a 2402 | 0000 4983 | 80b8 0b00 

  0x00000223b495cfb4: ;   {metadata(method data for {method} {0x00000223c8461ae8} 'append' '(Ljava/lang/String;)Ljava/lang/StringBuilder;' in 'java/lang/StringBuilder')}
  0x00000223b495cfb4: 0001 49b8 | d0b1 000a | 2402 0000 | 418b 90cc | 0000 0083 | c202 4189 | 90cc 0000 | 0081 e2fe 
  0x00000223b495cfd4: ff1f 0085 | d20f 842f | 3100 0048 | 8b84 24f0 

  0x00000223b495cfe4: ;   {metadata(method data for {method} {0x00000223c8461ae8} 'append' '(Ljava/lang/String;)Ljava/lang/StringBuilder;' in 'java/lang/StringBuilder')}
  0x00000223b495cfe4: 0000 0049 | b8d0 b100 | 0a24 0200 | 0049 8380 | 1001 0000 | 014c 8b84 | 24e8 0000 | 0048 8b94 
  0x00000223b495d004: 24f0 0000 | 0066 0f1f 

  0x00000223b495d00c: ;   {optimized virtual_call}
  0x00000223b495d00c: 4400 00e8 

  0x00000223b495d010: ; ImmutableOopMap {[128]=Oop [152]=Oop [176]=Oop [224]=Oop [240]=Oop [248]=Oop }
                      ;*invokespecial append {reexecute=0 rethrow=0 return_oop=0}
                      ; - java.lang.StringBuilder::append@2
                      ; - org.eclipse.osgi.internal.framework.BundleContextImpl::dispatchEvent@384 (line 1011)
  0x00000223b495d010: 6c17 0707 

  0x00000223b495d014: ;   {other}
  0x00000223b495d014: 0f1f 8400 | 042a 0020 | 488b 8424 | f000 0000 

  0x00000223b495d024: ;   {metadata(method data for {method} {0x000002240a67a218} 'dispatchEvent' '(Ljava/lang/Object;Ljava/lang/Object;ILjava/lang/Object;)V' in 'org/eclipse/osgi/internal/framework/BundleContextImpl')}
  0x00000223b495d024: 49b8 f012 | 8a0a 2402 | 0000 4983 | 80f0 0b00 

  0x00000223b495d034: ;   {metadata(method data for {method} {0x00000223c8461ae8} 'append' '(Ljava/lang/String;)Ljava/lang/StringBuilder;' in 'java/lang/StringBuilder')}
  0x00000223b495d034: 0001 49b8 | d0b1 000a | 2402 0000 | 418b 90cc | 0000 0083 | c202 4189 | 90cc 0000 | 0081 e2fe 
  0x00000223b495d054: ff1f 0085 | d20f 84d0 | 3000 0048 | 8b84 24f0 

  0x00000223b495d064: ;   {metadata(method data for {method} {0x00000223c8461ae8} 'append' '(Ljava/lang/String;)Ljava/lang/StringBuilder;' in 'java/lang/StringBuilder')}
  0x00000223b495d064: 0000 0049 | b8d0 b100 | 0a24 0200 | 0049 8380 | 1001 0000 

  0x00000223b495d078: ;   {oop(")"{0x0000000080002de8})}
  0x00000223b495d078: 0149 b8e8 | 2d00 8000 | 0000 0048 | 8b94 24f0 | 0000 000f 

  0x00000223b495d08c: ;   {optimized virtual_call}
  0x00000223b495d08c: 1f40 00e8 

  0x00000223b495d090: ; ImmutableOopMap {[128]=Oop [152]=Oop [176]=Oop [224]=Oop [240]=Oop [248]=Oop }
                      ;*invokespecial append {reexecute=0 rethrow=0 return_oop=0}
                      ; - java.lang.StringBuilder::append@2
                      ; - org.eclipse.osgi.internal.framework.BundleContextImpl::dispatchEvent@390 (line 1011)
  0x00000223b495d090: ec16 0707 

  0x00000223b495d094: ;   {other}
  0x00000223b495d094: 0f1f 8400 | 842a 0021 | 488b 8424 | f000 0000 

  0x00000223b495d0a4: ;   {metadata(method data for {method} {0x000002240a67a218} 'dispatchEvent' '(Ljava/lang/Object;Ljava/lang/Object;ILjava/lang/Object;)V' in 'org/eclipse/osgi/internal/framework/BundleContextImpl')}
  0x00000223b495d0a4: 48ba f012 | 8a0a 2402 | 0000 4883 | 8228 0c00 

  0x00000223b495d0b4: ;   {metadata(method data for {method} {0x00000223c8008958} 'toString' '()Ljava/lang/String;' in 'java/lang/StringBuilder')}
  0x00000223b495d0b4: 0001 48ba | f8b8 000a | 2402 0000 | 8bb2 cc00 | 0000 83c6 | 0289 b2cc | 0000 0081 | e6fe ff1f 
  0x00000223b495d0d4: 0085 f60f | 8473 3000 

  0x00000223b495d0dc: ;   {metadata('java/lang/String')}
  0x00000223b495d0dc: 0048 ba78 | e800 c823 | 0200 0049 | 8b87 b801 | 0000 488d | 7818 493b | bfc8 0100 | 000f 8772 
  0x00000223b495d0fc: 3000 0049 | 89bf b801 | 0000 48c7 | 0001 0000 | 0048 8bca | 49ba 0000 | 00c8 2302 | 0000 492b 
  0x00000223b495d11c: ca89 4808 | 4833 c989 | 480c 4833 | c948 8948 | 104c 8bc0 

  0x00000223b495d130: ;   {metadata(method data for {method} {0x00000223c8008958} 'toString' '()Ljava/lang/String;' in 'java/lang/StringBuilder')}
  0x00000223b495d130: 49b9 f8b8 | 000a 2402 | 0000 4983 | 8110 0100 

  0x00000223b495d140: ;   {metadata(method data for {method} {0x00000223c8455dd8} '<init>' '(Ljava/lang/StringBuilder;)V' in 'java/lang/String')}
  0x00000223b495d140: 0001 49b8 | 40ba 000a | 2402 0000 | 458b 88cc | 0000 0041 | 83c1 0245 | 8988 cc00 | 0000 4181 
  0x00000223b495d160: e1fe ff1f | 0045 85c9 | 0f84 1030 | 0000 4c8b 

  0x00000223b495d170: ;   {metadata(method data for {method} {0x00000223c8455dd8} '<init>' '(Ljava/lang/StringBuilder;)V' in 'java/lang/String')}
  0x00000223b495d170: c049 b940 | ba00 0a24 | 0200 0049 | 8381 1001 | 0000 014c | 8b84 24f0 

  0x00000223b495d188: ;   {oop(nullptr)}
  0x00000223b495d188: 0000 0049 | b900 0000 | 0000 0000 | 0048 8bd0 | 4889 8424 | 0001 0000 | 0f1f 8000 

  0x00000223b495d1a4: ;   {optimized virtual_call}
  0x00000223b495d1a4: 0000 00e8 

  0x00000223b495d1a8: ; ImmutableOopMap {[128]=Oop [152]=Oop [176]=Oop [224]=Oop [248]=Oop [256]=Oop }
                      ;*invokespecial <init> {reexecute=0 rethrow=0 return_oop=0}
                      ; - java.lang.String::<init>@3
                      ; - java.lang.StringBuilder::toString@5
                      ; - org.eclipse.osgi.internal.framework.BundleContextImpl::dispatchEvent@393 (line 1011)
  0x00000223b495d1a8: d415 0707 

  0x00000223b495d1ac: ;   {other}
  0x00000223b495d1ac: 0f1f 8400 | 9c2b 0022 | 488b 9c24 | f800 0000 

  0x00000223b495d1bc: ; implicit exception: dispatches to 0x00000223b496019f
  0x00000223b495d1bc: 483b 034c 

  0x00000223b495d1c0: ;   {metadata(method data for {method} {0x000002240a67a218} 'dispatchEvent' '(Ljava/lang/Object;Ljava/lang/Object;ILjava/lang/Object;)V' in 'org/eclipse/osgi/internal/framework/BundleContextImpl')}
  0x00000223b495d1c0: 8bc3 49b9 | f012 8a0a | 2402 0000 

  0x00000223b495d1cc: ;   {metadata('org/eclipse/osgi/internal/debug/Debug')}
  0x00000223b495d1cc: 49ba 8009 | 09c9 2302 | 0000 4d89 | 9170 0c00 | 0049 8381 | 780c 0000 

  0x00000223b495d1e4: ;   {metadata(method data for {method} {0x000002240a4e53d0} 'trace' '(Ljava/lang/String;Ljava/lang/String;)V' in 'org/eclipse/osgi/internal/debug/Debug')}
  0x00000223b495d1e4: 0149 b858 | a083 0a24 | 0200 0045 | 8b88 cc00 | 0000 4183 | c102 4589 | 88cc 0000 | 0041 81e1 
  0x00000223b495d204: feff 1f00 | 4585 c90f | 8493 2f00 | 008b 5324 

  0x00000223b495d214: ;   {metadata(method data for {method} {0x000002240a4e53d0} 'trace' '(Ljava/lang/String;Ljava/lang/String;)V' in 'org/eclipse/osgi/internal/debug/Debug')}
  0x00000223b495d214: 4885 d249 | b858 a083 | 0a24 0200 | 0049 c7c1 | 1001 0000 | 7407 49c7 | c120 0100 | 004b 8b34 
  0x00000223b495d234: 0848 8d76 | 014b 8934 | 080f 84ff | 0200 0048 | 85d2 0f84 | 2900 0000 

  0x00000223b495d24c: ;   {metadata('org/eclipse/osgi/internal/log/ExtendedLogServiceImpl')}
  0x00000223b495d24c: 48bf 4056 | 09c9 2302 | 0000 8b72 | 0849 ba00 | 0000 c823 | 0200 0049 | 03f2 483b | 7e38 0f85 
  0x00000223b495d26c: 552f 0000 | e900 0000 | 004c 8bc2 

  0x00000223b495d278: ; implicit exception: dispatches to 0x00000223b49601ca
  0x00000223b495d278: 483b 024c 

  0x00000223b495d27c: ;   {metadata(method data for {method} {0x000002240a4e53d0} 'trace' '(Ljava/lang/String;Ljava/lang/String;)V' in 'org/eclipse/osgi/internal/debug/Debug')}
  0x00000223b495d27c: 8bc2 49b9 | 58a0 830a | 2402 0000 

  0x00000223b495d288: ;   {metadata('org/eclipse/osgi/internal/log/ExtendedLogServiceImpl')}
  0x00000223b495d288: 49ba 4056 | 09c9 2302 | 0000 4d89 | 9140 0100 | 0049 8381 | 4801 0000 

  0x00000223b495d2a0: ;   {metadata(method data for {method} {0x000002240a50ca80} 'getLogger' '(Ljava/lang/String;)Lorg/osgi/service/log/Logger;' in 'org/eclipse/osgi/internal/log/ExtendedLogServiceImpl')}
  0x00000223b495d2a0: 0149 b898 | a283 0a24 | 0200 0045 | 8b88 cc00 | 0000 4183 | c102 4589 | 88cc 0000 | 0041 81e1 
  0x00000223b495d2c0: feff 1f00 | 4585 c90f | 8402 2f00 | 004c 8bc2 

  0x00000223b495d2d0: ;   {metadata(method data for {method} {0x000002240a50ca80} 'getLogger' '(Ljava/lang/String;)Lorg/osgi/service/log/Logger;' in 'org/eclipse/osgi/internal/log/ExtendedLogServiceImpl')}
  0x00000223b495d2d0: 49b9 98a2 | 830a 2402 

  0x00000223b495d2d8: ;   {metadata('org/eclipse/osgi/internal/log/ExtendedLogServiceImpl')}
  0x00000223b495d2d8: 0000 49ba | 4056 09c9 | 2302 0000 | 4d89 9120 | 0100 0049 | 8381 2801 

  0x00000223b495d2f0: ;   {metadata(method data for {method} {0x000002240a50a308} 'getLogger' '(Ljava/lang/String;)Lorg/eclipse/equinox/log/Logger;' in 'org/eclipse/osgi/internal/log/ExtendedLogServiceImpl')}
  0x00000223b495d2f0: 0000 0149 | b828 a483 | 0a24 0200 | 0045 8b88 | cc00 0000 | 4183 c102 | 4589 88cc | 0000 0041 
  0x00000223b495d310: 81e1 feff | 1f00 4585 | c90f 84d1 | 2e00 004c 

  0x00000223b495d320: ;   {metadata(method data for {method} {0x000002240a50a308} 'getLogger' '(Ljava/lang/String;)Lorg/eclipse/equinox/log/Logger;' in 'org/eclipse/osgi/internal/log/ExtendedLogServiceImpl')}
  0x00000223b495d320: 8bc2 49b9 | 28a4 830a | 2402 0000 

  0x00000223b495d32c: ;   {metadata('org/eclipse/osgi/internal/log/ExtendedLogServiceImpl')}
  0x00000223b495d32c: 49ba 4056 | 09c9 2302 | 0000 4d89 | 9120 0100 | 0049 8381 | 2801 0000 

  0x00000223b495d344: ;   {oop("org.eclipse.osgi/debug/events"{0x00000000803e7958})}
  0x00000223b495d344: 0149 b858 | 793e 8000 

  0x00000223b495d34c: ;   {oop(a 'java/lang/Class'{0x00000000805e0f98} = 'org/osgi/service/log/Logger')}
  0x00000223b495d34c: 0000 0049 | b998 0f5e | 8000 0000 | 0066 0f1f 

  0x00000223b495d35c: ;   {optimized virtual_call}
  0x00000223b495d35c: 4400 00e8 

  0x00000223b495d360: ; ImmutableOopMap {[128]=Oop [152]=Oop [176]=Oop [224]=Oop [256]=Oop }
                      ;*invokevirtual getLogger {reexecute=0 rethrow=0 return_oop=0}
                      ; - org.eclipse.osgi.internal.log.ExtendedLogServiceImpl::getLogger@4 (line 73)
                      ; - org.eclipse.osgi.internal.log.ExtendedLogServiceImpl::getLogger@2 (line 1)
                      ; - org.eclipse.osgi.internal.debug.Debug::trace@11 (line 265)
                      ; - org.eclipse.osgi.internal.framework.BundleContextImpl::dispatchEvent@396 (line 1010)
  0x00000223b495d360: 1c14 0707 

  0x00000223b495d364: ;   {other}
  0x00000223b495d364: 0f1f 8400 | 542d 0023 | 4885 c075 

  0x00000223b495d370: ;   {metadata(method data for {method} {0x000002240a50a308} 'getLogger' '(Ljava/lang/String;)Lorg/eclipse/equinox/log/Logger;' in 'org/eclipse/osgi/internal/log/ExtendedLogServiceImpl')}
  0x00000223b495d370: 1648 be28 | a483 0a24 | 0200 0080 | 8e41 0100 | 0001 e9e7 

  0x00000223b495d384: ;   {metadata('org/eclipse/equinox/log/Logger')}
  0x00000223b495d384: 0000 0048 | bff8 2909 | c923 0200 | 008b 7008 | 49ba 0000 | 00c8 2302 | 0000 4903 | f248 3b7e 
  0x00000223b495d3a4: 200f 841a | 0000 0048 | 3bf7 0f84 | 1100 0000 

  0x00000223b495d3b4: ;   {runtime_call slow_subtype_check Runtime1 stub}
  0x00000223b495d3b4: 5657 e8c5 | 6112 075e | 5e85 f60f | 848d 0000 

  0x00000223b495d3c4: ;   {metadata(method data for {method} {0x000002240a50a308} 'getLogger' '(Ljava/lang/String;)Lorg/eclipse/equinox/log/Logger;' in 'org/eclipse/osgi/internal/log/ExtendedLogServiceImpl')}
  0x00000223b495d3c4: 0048 be28 | a483 0a24 | 0200 008b | 7808 49ba | 0000 00c8 | 2302 0000 | 4903 fa48 | 3bbe 5801 
  0x00000223b495d3e4: 0000 750d | 4883 8660 | 0100 0001 | e979 0000 | 0048 3bbe | 6801 0000 | 750d 4883 | 8670 0100 
  0x00000223b495d404: 0001 e963 | 0000 0048 | 83be 5801 | 0000 0075 | 1748 89be | 5801 0000 | 48c7 8660 | 0100 0001 
  0x00000223b495d424: 0000 00e9 | 4200 0000 | 4883 be68 | 0100 0000 | 7517 4889 | be68 0100 | 0048 c786 | 7001 0000 
  0x00000223b495d444: 0100 0000 | e921 0000 | 00e9 1c00 

  0x00000223b495d450: ;   {metadata(method data for {method} {0x000002240a50a308} 'getLogger' '(Ljava/lang/String;)Lorg/eclipse/equinox/log/Logger;' in 'org/eclipse/osgi/internal/log/ExtendedLogServiceImpl')}
  0x00000223b495d450: 0000 48be | 28a4 830a | 2402 0000 | 4883 ae48 | 0100 0001 | e9a8 2d00 | 00e9 0000 | 0000 488b 
  0x00000223b495d470: d048 3b02 

  0x00000223b495d474: ;   {metadata(method data for {method} {0x000002240a4e53d0} 'trace' '(Ljava/lang/String;Ljava/lang/String;)V' in 'org/eclipse/osgi/internal/debug/Debug')}
  0x00000223b495d474: 4c8b c248 | be58 a083 | 0a24 0200 | 0045 8b40 | 0849 ba00 | 0000 c823 | 0200 004d | 03c2 4c3b 
  0x00000223b495d494: 8678 0100 | 0075 0d48 | 8386 8001 | 0000 01e9 | 6000 0000 | 4c3b 8688 | 0100 0075 | 0d48 8386 
  0x00000223b495d4b4: 9001 0000 | 01e9 4a00 | 0000 4883 | be78 0100 | 0000 7517 | 4c89 8678 | 0100 0048 | c786 8001 
  0x00000223b495d4d4: 0000 0100 | 0000 e929 | 0000 0048 | 83be 8801 | 0000 0075 | 174c 8986 | 8801 0000 | 48c7 8690 
  0x00000223b495d4f4: 0100 0001 | 0000 00e9 | 0800 0000 | 4883 8668 | 0100 0001 | 4c8b 8424 | 0001 0000 | 0f1f 4400 
  0x00000223b495d514: 0048 b8ff | ffff ffff 

  0x00000223b495d51c: ;   {virtual_call}
  0x00000223b495d51c: ffff ffe8 

  0x00000223b495d520: ; ImmutableOopMap {[128]=Oop [152]=Oop [176]=Oop [224]=Oop }
                      ;*invokeinterface debug {reexecute=0 rethrow=0 return_oop=0}
                      ; - org.eclipse.osgi.internal.debug.Debug::trace@17 (line 265)
                      ; - org.eclipse.osgi.internal.framework.BundleContextImpl::dispatchEvent@396 (line 1010)
  0x00000223b495d520: 5c15 0707 

  0x00000223b495d524: ;   {other}
  0x00000223b495d524: 0f1f 8400 | 142f 0024 

  0x00000223b495d52c: ;   {metadata(method data for {method} {0x000002240a4e53d0} 'trace' '(Ljava/lang/String;Ljava/lang/String;)V' in 'org/eclipse/osgi/internal/debug/Debug')}
  0x00000223b495d52c: 49b8 58a0 | 830a 2402 | 0000 41ff | 80a0 0100 | 00e9 5200 | 0000 488b | 8424 0001 

  0x00000223b495d548: ;   {oop(a 'java/lang/Class'{0x00000000805de648} = 'org/eclipse/osgi/internal/debug/Debug')}
  0x00000223b495d548: 0000 49b8 | 48e6 5d80 | 0000 0000 | 418b 90d0 | 0000 0048 | 3b02 4c8b 

  0x00000223b495d560: ;   {metadata(method data for {method} {0x000002240a4e53d0} 'trace' '(Ljava/lang/String;Ljava/lang/String;)V' in 'org/eclipse/osgi/internal/debug/Debug')}
  0x00000223b495d560: c248 be58 | a083 0a24 

  0x00000223b495d568: ;   {metadata('java/io/PrintStream')}
  0x00000223b495d568: 0200 0049 | bac8 a300 | c823 0200 | 004c 8996 | c801 0000 | 4883 86d0 | 0100 0001 

  0x00000223b495d584: ;   {optimized virtual_call}
  0x00000223b495d584: 4c8b c0e8 

  0x00000223b495d588: ; ImmutableOopMap {[128]=Oop [152]=Oop [176]=Oop [224]=Oop }
                      ;*invokevirtual println {reexecute=0 rethrow=0 return_oop=0}
                      ; - org.eclipse.osgi.internal.debug.Debug::trace@29 (line 267)
                      ; - org.eclipse.osgi.internal.framework.BundleContextImpl::dispatchEvent@396 (line 1010)
  0x00000223b495d588: f411 0707 

  0x00000223b495d58c: ;   {other}
  0x00000223b495d58c: 0f1f 8400 | 7c2f 0025 | 488b 9c24 | e000 0000 | 488b b424 | 9800 0000 | 4885 f675 

  0x00000223b495d5a8: ;   {metadata(method data for {method} {0x000002240a67a218} 'dispatchEvent' '(Ljava/lang/Object;Ljava/lang/Object;ILjava/lang/Object;)V' in 'org/eclipse/osgi/internal/framework/BundleContextImpl')}
  0x00000223b495d5a8: 1648 bff0 | 128a 0a24 | 0200 0080 | 8f91 0c00 | 0001 e9cc 

  0x00000223b495d5bc: ;   {metadata('org/osgi/framework/FrameworkEvent')}
  0x00000223b495d5bc: 0000 0048 | b840 1a12 | c923 0200 | 008b 5608 | 49ba 0000 | 00c8 2302 | 0000 4903 | d248 3bc2 
  0x00000223b495d5dc: 0f85 8d00 

  0x00000223b495d5e0: ;   {metadata(method data for {method} {0x000002240a67a218} 'dispatchEvent' '(Ljava/lang/Object;Ljava/lang/Object;ILjava/lang/Object;)V' in 'org/eclipse/osgi/internal/framework/BundleContextImpl')}
  0x00000223b495d5e0: 0000 48bf | f012 8a0a | 2402 0000 | 8b46 0849 | ba00 0000 | c823 0200 | 0049 03c2 | 483b 87a8 
  0x00000223b495d600: 0c00 0075 | 0d48 8387 | b00c 0000 | 01e9 7900 | 0000 483b | 87b8 0c00 | 0075 0d48 | 8387 c00c 
  0x00000223b495d620: 0000 01e9 | 6300 0000 | 4883 bfa8 | 0c00 0000 | 7517 4889 | 87a8 0c00 | 0048 c787 | b00c 0000 
  0x00000223b495d640: 0100 0000 | e942 0000 | 0048 83bf | b80c 0000 | 0075 1748 | 8987 b80c | 0000 48c7 | 87c0 0c00 
  0x00000223b495d660: 0001 0000 | 00e9 2100 | 0000 e91c 

  0x00000223b495d66c: ;   {metadata(method data for {method} {0x000002240a67a218} 'dispatchEvent' '(Ljava/lang/Object;Ljava/lang/Object;ILjava/lang/Object;)V' in 'org/eclipse/osgi/internal/framework/BundleContextImpl')}
  0x00000223b495d66c: 0000 0048 | bff0 128a | 0a24 0200 | 0048 83af | 980c 0000 | 01e9 9e2b | 0000 e900 | 0000 004c 
  0x00000223b495d68c: 8bc6 483b | 0348 8bd3 

  0x00000223b495d694: ;   {metadata(method data for {method} {0x000002240a67a218} 'dispatchEvent' '(Ljava/lang/Object;Ljava/lang/Object;ILjava/lang/Object;)V' in 'org/eclipse/osgi/internal/framework/BundleContextImpl')}
  0x00000223b495d694: 48bf f012 | 8a0a 2402 | 0000 8b52 | 0849 ba00 | 0000 c823 | 0200 0049 | 03d2 483b | 97e0 0c00 
  0x00000223b495d6b4: 0075 0d48 | 8387 e80c | 0000 01e9 | 6000 0000 | 483b 97f0 | 0c00 0075 | 0d48 8387 | f80c 0000 
  0x00000223b495d6d4: 01e9 4a00 | 0000 4883 | bfe0 0c00 | 0000 7517 | 4889 97e0 | 0c00 0048 | c787 e80c | 0000 0100 
  0x00000223b495d6f4: 0000 e929 | 0000 0048 | 83bf f00c | 0000 0075 | 1748 8997 | f00c 0000 | 48c7 87f8 | 0c00 0001 
  0x00000223b495d714: 0000 00e9 | 0800 0000 | 4883 87d0 | 0c00 0001 | 488b d366 | 0f1f 4400 | 0048 b8ff | ffff ffff 
  0x00000223b495d734: ;   {virtual_call}
  0x00000223b495d734: ffff ffe8 

  0x00000223b495d738: ; ImmutableOopMap {[128]=Oop [152]=Oop [176]=Oop }
                      ;*invokeinterface frameworkEvent {reexecute=0 rethrow=0 return_oop=0}
                      ; - org.eclipse.osgi.internal.framework.BundleContextImpl::dispatchEvent@406 (line 1014)
  0x00000223b495d738: 4413 0707 

  0x00000223b495d73c: ;   {other}
  0x00000223b495d73c: 0f1f 8400 | 2c31 0026 

  0x00000223b495d744: ;   {metadata(method data for {method} {0x000002240a67a218} 'dispatchEvent' '(Ljava/lang/Object;Ljava/lang/Object;ILjava/lang/Object;)V' in 'org/eclipse/osgi/internal/framework/BundleContextImpl')}
  0x00000223b495d744: 48ba f012 | 8a0a 2402 | 0000 ff82 | 080d 0000 | 488b 8424 | b000 0000 | e914 1200 | 0048 8bb4 
  0x00000223b495d764: 2498 0000 | 004c 8b8c | 2490 0000 | 0048 85f6 

  0x00000223b495d774: ;   {metadata(method data for {method} {0x000002240a67a218} 'dispatchEvent' '(Ljava/lang/Object;Ljava/lang/Object;ILjava/lang/Object;)V' in 'org/eclipse/osgi/internal/framework/BundleContextImpl')}
  0x00000223b495d774: 7516 48b8 | f012 8a0a | 2402 0000 | 8088 e905 | 0000 01e9 | cd00 0000 

  0x00000223b495d78c: ;   {metadata('org/osgi/framework/ServiceEvent')}
  0x00000223b495d78c: 48b9 b8dc | 0bc9 2302 | 0000 8b46 | 0849 ba00 | 0000 c823 | 0200 0049 | 03c2 483b | 4840 0f85 
  0x00000223b495d7ac: 8d00 0000 

  0x00000223b495d7b0: ;   {metadata(method data for {method} {0x000002240a67a218} 'dispatchEvent' '(Ljava/lang/Object;Ljava/lang/Object;ILjava/lang/Object;)V' in 'org/eclipse/osgi/internal/framework/BundleContextImpl')}
  0x00000223b495d7b0: 48b8 f012 | 8a0a 2402 | 0000 8b4e | 0849 ba00 | 0000 c823 | 0200 0049 | 03ca 483b | 8800 0600 
  0x00000223b495d7d0: 0075 0d48 | 8380 0806 | 0000 01e9 | 7900 0000 | 483b 8810 | 0600 0075 | 0d48 8380 | 1806 0000 
  0x00000223b495d7f0: 01e9 6300 | 0000 4883 | b800 0600 | 0000 7517 | 4889 8800 | 0600 0048 | c780 0806 | 0000 0100 
  0x00000223b495d810: 0000 e942 | 0000 0048 | 83b8 1006 | 0000 0075 | 1748 8988 | 1006 0000 | 48c7 8018 | 0600 0001 
  0x00000223b495d830: 0000 00e9 | 2100 0000 | e91c 0000 

  0x00000223b495d83c: ;   {metadata(method data for {method} {0x000002240a67a218} 'dispatchEvent' '(Ljava/lang/Object;Ljava/lang/Object;ILjava/lang/Object;)V' in 'org/eclipse/osgi/internal/framework/BundleContextImpl')}
  0x00000223b495d83c: 0048 b8f0 | 128a 0a24 | 0200 0048 | 83a8 f005 | 0000 01e9 | de29 0000 | e900 0000 | 0048 8bde 
  0x00000223b495d85c: 4d85 c975 

  0x00000223b495d860: ;   {metadata(method data for {method} {0x000002240a67a218} 'dispatchEvent' '(Ljava/lang/Object;Ljava/lang/Object;ILjava/lang/Object;)V' in 'org/eclipse/osgi/internal/framework/BundleContextImpl')}
  0x00000223b495d860: 1648 b8f0 | 128a 0a24 | 0200 0080 | 8821 0600 | 0001 e9e9 

  0x00000223b495d874: ;   {metadata('org/osgi/framework/ServiceListener')}
  0x00000223b495d874: 0000 0048 | b948 1d09 | c923 0200 | 0041 8b41 | 0849 ba00 | 0000 c823 | 0200 0049 | 03c2 483b 
  0x00000223b495d894: 4820 0f84 | 1a00 0000 | 483b c10f | 8411 0000 

  0x00000223b495d8a4: ;   {runtime_call slow_subtype_check Runtime1 stub}
  0x00000223b495d8a4: 0050 51e8 | d45c 1207 | 5858 85c0 | 0f84 8e00 

  0x00000223b495d8b4: ;   {metadata(method data for {method} {0x000002240a67a218} 'dispatchEvent' '(Ljava/lang/Object;Ljava/lang/Object;ILjava/lang/Object;)V' in 'org/eclipse/osgi/internal/framework/BundleContextImpl')}
  0x00000223b495d8b4: 0000 48b8 | f012 8a0a | 2402 0000 | 418b 4908 | 49ba 0000 | 00c8 2302 | 0000 4903 | ca48 3b88 
  0x00000223b495d8d4: 3806 0000 | 750d 4883 | 8040 0600 | 0001 e979 | 0000 0048 | 3b88 4806 | 0000 750d | 4883 8050 
  0x00000223b495d8f4: 0600 0001 | e963 0000 | 0048 83b8 | 3806 0000 | 0075 1748 | 8988 3806 | 0000 48c7 | 8040 0600 
  0x00000223b495d914: 0001 0000 | 00e9 4200 | 0000 4883 | b848 0600 | 0000 7517 | 4889 8848 | 0600 0048 | c780 5006 
  0x00000223b495d934: 0000 0100 | 0000 e921 | 0000 00e9 | 1c00 0000 

  0x00000223b495d944: ;   {metadata(method data for {method} {0x000002240a67a218} 'dispatchEvent' '(Ljava/lang/Object;Ljava/lang/Object;ILjava/lang/Object;)V' in 'org/eclipse/osgi/internal/framework/BundleContextImpl')}
  0x00000223b495d944: 48b8 f012 | 8a0a 2402 | 0000 4883 | a828 0600 | 0001 e9e0 | 2800 00e9 | 0000 0000 | 4d8b c18b 
  0x00000223b495d964: 7a18 0fbe | 7f13 85ff 

  0x00000223b495d96c: ;   {metadata(method data for {method} {0x000002240a67a218} 'dispatchEvent' '(Ljava/lang/Object;Ljava/lang/Object;ILjava/lang/Object;)V' in 'org/eclipse/osgi/internal/framework/BundleContextImpl')}
  0x00000223b495d96c: 48bf f012 | 8a0a 2402 | 0000 48c7 | c070 0600 | 0075 0748 | c7c0 6006 | 0000 488b | 0c07 488d 
  0x00000223b495d98c: 4901 4889 | 0c07 0f85 | 0800 0000 | 498b d0e9 | 040f 0000 

  0x00000223b495d9a0: ;   {no_reloc}
  0x00000223b495d9a0: e9b3 2800 | 0000 0000 | 0000 498b | 87b8 0100 | 0048 8d78 | 1849 3bbf | c801 0000 | 0f87 a028 
  0x00000223b495d9c0: 0000 4989 | bfb8 0100 | 0048 c700 | 0100 0000 | 488b ca49 | ba00 0000 | c823 0200 | 0049 2bca 
  0x00000223b495d9e0: 8948 0848 | 33c9 8948 | 0c48 33c9 | 4889 4810 | 4889 8424 | 0801 0000 

  0x00000223b495d9f8: ; implicit exception: dispatches to 0x00000223b496026f
  0x00000223b495d9f8: 493b 0049 

  0x00000223b495d9fc: ;   {metadata(method data for {method} {0x000002240a67a218} 'dispatchEvent' '(Ljava/lang/Object;Ljava/lang/Object;ILjava/lang/Object;)V' in 'org/eclipse/osgi/internal/framework/BundleContextImpl')}
  0x00000223b495d9fc: 8bd0 48be | f012 8a0a | 2402 0000 | 4883 8680 | 0600 0001 | 418b 5008 | 49ba 0000 | 00c8 2302 
  0x00000223b495da1c: 0000 4903 | d248 8b52 | 7048 8b12 

  0x00000223b495da28: ; implicit exception: dispatches to 0x00000223b4960274
  0x00000223b495da28: 483b 0248 

  0x00000223b495da2c: ;   {metadata(method data for {method} {0x000002240a67a218} 'dispatchEvent' '(Ljava/lang/Object;Ljava/lang/Object;ILjava/lang/Object;)V' in 'org/eclipse/osgi/internal/framework/BundleContextImpl')}
  0x00000223b495da2c: 8bf2 48bf | f012 8a0a | 2402 0000 | 4883 87b8 | 0600 0001 

  0x00000223b495da40: ;   {metadata(method data for {method} {0x00000223c8469ad8} 'getName' '()Ljava/lang/String;' in 'java/lang/Class')}
  0x00000223b495da40: 48be f87c | 050a 2402 | 0000 8bbe | cc00 0000 | 83c7 0289 | becc 0000 | 0081 e7fe | ff1f 0085 
  0x00000223b495da60: ff0f 8412 | 2800 008b | 722c 4885 

  0x00000223b495da6c: ;   {metadata(method data for {method} {0x00000223c8469ad8} 'getName' '()Ljava/lang/String;' in 'java/lang/Class')}
  0x00000223b495da6c: f648 bff8 | 7c05 0a24 | 0200 0048 | c7c1 1001 | 0000 7407 | 48c7 c120 | 0100 004c | 8b2c 0f4d 
  0x00000223b495da8c: 8d6d 014c | 892c 0f0f | 8425 0000 

  0x00000223b495da98: ;   {metadata(method data for {method} {0x00000223c8469ad8} 'getName' '()Ljava/lang/String;' in 'java/lang/Class')}
  0x00000223b495da98: 0048 baf8 | 7c05 0a24 | 0200 00ff | 8230 0100 | 004c 8984 | 2410 0100 | 0048 899c | 2418 0100 
  0x00000223b495dab8: 00e9 3900 | 0000 4c89 | 8424 1001 | 0000 4889 | 9c24 1801 | 0000 488b 

  0x00000223b495dad0: ;   {metadata(method data for {method} {0x00000223c8469ad8} 'getName' '()Ljava/lang/String;' in 'java/lang/Class')}
  0x00000223b495dad0: ca49 b9f8 | 7c05 0a24 | 0200 0049 | 8381 4801 | 0000 010f 

  0x00000223b495dae4: ;   {optimized virtual_call}
  0x00000223b495dae4: 1f40 00e8 

  0x00000223b495dae8: ; ImmutableOopMap {[128]=Oop [152]=Oop [176]=Oop [264]=Oop [272]=Oop [280]=Oop }
                      ;*invokevirtual initClassName {reexecute=0 rethrow=0 return_oop=0}
                      ; - java.lang.Class::getName@14
                      ; - org.eclipse.osgi.internal.framework.BundleContextImpl::dispatchEvent@206 (line 996)
  0x00000223b495dae8: 940c 0707 

  0x00000223b495daec: ;   {other}
  0x00000223b495daec: 0f1f 8400 | dc34 0027 

  0x00000223b495daf4: ;   {metadata(method data for {method} {0x000002240a67a218} 'dispatchEvent' '(Ljava/lang/Object;Ljava/lang/Object;ILjava/lang/Object;)V' in 'org/eclipse/osgi/internal/framework/BundleContextImpl')}
  0x00000223b495daf4: 488b f048 | baf0 128a | 0a24 0200 | 0048 8382 | f006 0000 

  0x00000223b495db08: ;   {metadata(method data for {method} {0x00000223c8455280} 'valueOf' '(Ljava/lang/Object;)Ljava/lang/String;' in 'java/lang/String')}
  0x00000223b495db08: 0148 ba10 | 8b09 0a24 | 0200 008b | bacc 0000 | 0083 c702 | 89ba cc00 | 0000 81e7 | feff 1f00 
  0x00000223b495db28: 85ff 0f84 | 6a27 0000 

  0x00000223b495db30: ;   {metadata(method data for {method} {0x00000223c8455280} 'valueOf' '(Ljava/lang/Object;)Ljava/lang/String;' in 'java/lang/String')}
  0x00000223b495db30: 4885 f648 | ba10 8b09 | 0a24 0200 | 0048 c7c7 | 1001 0000 | 7507 48c7 | c720 0100 | 0048 8b1c 
  0x00000223b495db50: 3a48 8d5b | 0148 891c | 3a0f 851f 

  0x00000223b495db5c: ;   {metadata(method data for {method} {0x00000223c8455280} 'valueOf' '(Ljava/lang/Object;)Ljava/lang/String;' in 'java/lang/String')}
  0x00000223b495db5c: 0000 0048 | ba10 8b09 | 0a24 0200 | 00ff 8230 

  0x00000223b495db6c: ;   {oop("null"{0x0000000080000808})}
  0x00000223b495db6c: 0100 0048 | be08 0800 | 8000 0000 | 00e9 b900 | 0000 483b | 0648 8bd6 

  0x00000223b495db84: ;   {metadata(method data for {method} {0x00000223c8455280} 'valueOf' '(Ljava/lang/Object;)Ljava/lang/String;' in 'java/lang/String')}
  0x00000223b495db84: 48bf 108b | 090a 2402 | 0000 8b52 | 0849 ba00 | 0000 c823 | 0200 0049 | 03d2 483b | 9758 0100 
  0x00000223b495dba4: 0075 0d48 | 8387 6001 | 0000 01e9 | 6000 0000 | 483b 9768 | 0100 0075 | 0d48 8387 | 7001 0000 
  0x00000223b495dbc4: 01e9 4a00 | 0000 4883 | bf58 0100 | 0000 7517 | 4889 9758 | 0100 0048 | c787 6001 | 0000 0100 
  0x00000223b495dbe4: 0000 e929 | 0000 0048 | 83bf 6801 | 0000 0075 | 1748 8997 | 6801 0000 | 48c7 8770 | 0100 0001 
  0x00000223b495dc04: 0000 00e9 | 0800 0000 | 4883 8748 | 0100 0001 | 488b d666 | 0f1f 4400 | 0048 b8ff | ffff ffff 
  0x00000223b495dc24: ;   {virtual_call}
  0x00000223b495dc24: ffff ffe8 

  0x00000223b495dc28: ; ImmutableOopMap {[128]=Oop [152]=Oop [176]=Oop [264]=Oop [272]=Oop [280]=Oop }
                      ;*invokevirtual toString {reexecute=0 rethrow=0 return_oop=0}
                      ; - java.lang.String::valueOf@11
                      ; - org.eclipse.osgi.internal.framework.BundleContextImpl::dispatchEvent@209 (line 996)
  0x00000223b495dc28: 540e 0707 

  0x00000223b495dc2c: ;   {other}
  0x00000223b495dc2c: 0f1f 8400 | 1c36 0028 | 488b f048 | 8b84 2408 | 0100 004c 

  0x00000223b495dc40: ;   {metadata(method data for {method} {0x000002240a67a218} 'dispatchEvent' '(Ljava/lang/Object;Ljava/lang/Object;ILjava/lang/Object;)V' in 'org/eclipse/osgi/internal/framework/BundleContextImpl')}
  0x00000223b495dc40: 8bc0 48bf | f012 8a0a | 2402 0000 | 4883 8700 | 0700 0001 

  0x00000223b495dc54: ;   {metadata(method data for {method} {0x00000223c8461da8} '<init>' '(Ljava/lang/String;)V' in 'java/lang/StringBuilder')}
  0x00000223b495dc54: 49b8 80e0 | 300a 2402 | 0000 418b | b8cc 0000 | 0083 c702 | 4189 b8cc | 0000 0081 | e7fe ff1f 
  0x00000223b495dc74: 0085 ff0f | 8443 2600 | 004c 8bc0 

  0x00000223b495dc80: ;   {metadata(method data for {method} {0x00000223c8461da8} '<init>' '(Ljava/lang/String;)V' in 'java/lang/StringBuilder')}
  0x00000223b495dc80: 48bf 80e0 | 300a 2402 | 0000 4883 | 8710 0100 | 0001 4c8b | c648 8bd0 | 0f1f 8000 

  0x00000223b495dc9c: ;   {optimized virtual_call}
  0x00000223b495dc9c: 0000 00e8 

  0x00000223b495dca0: ; ImmutableOopMap {[128]=Oop [152]=Oop [176]=Oop [264]=Oop [272]=Oop [280]=Oop }
                      ;*invokespecial <init> {reexecute=0 rethrow=0 return_oop=0}
                      ; - java.lang.StringBuilder::<init>@2
                      ; - org.eclipse.osgi.internal.framework.BundleContextImpl::dispatchEvent@212 (line 996)
  0x00000223b495dca0: dc0a 0707 

  0x00000223b495dca4: ;   {other}
  0x00000223b495dca4: 0f1f 8400 | 9436 0029 | 488b 8424 | 0801 0000 

  0x00000223b495dcb4: ;   {metadata(method data for {method} {0x000002240a67a218} 'dispatchEvent' '(Ljava/lang/Object;Ljava/lang/Object;ILjava/lang/Object;)V' in 'org/eclipse/osgi/internal/framework/BundleContextImpl')}
  0x00000223b495dcb4: 49b8 f012 | 8a0a 2402 | 0000 4983 | 8010 0700 

  0x00000223b495dcc4: ;   {metadata(method data for {method} {0x00000223c8461ae8} 'append' '(Ljava/lang/String;)Ljava/lang/StringBuilder;' in 'java/lang/StringBuilder')}
  0x00000223b495dcc4: 0001 49b8 | d0b1 000a | 2402 0000 | 418b 90cc | 0000 0083 | c202 4189 | 90cc 0000 | 0081 e2fe 
  0x00000223b495dce4: ff1f 0085 | d20f 84f2 | 2500 0048 | 8b84 2408 

  0x00000223b495dcf4: ;   {metadata(method data for {method} {0x00000223c8461ae8} 'append' '(Ljava/lang/String;)Ljava/lang/StringBuilder;' in 'java/lang/StringBuilder')}
  0x00000223b495dcf4: 0100 0049 | b8d0 b100 | 0a24 0200 | 0049 8380 | 1001 0000 

  0x00000223b495dd08: ;   {oop("@"{0x000000008064e468})}
  0x00000223b495dd08: 0149 b868 | e464 8000 | 0000 0048 | 8b94 2408 | 0100 000f 

  0x00000223b495dd1c: ;   {optimized virtual_call}
  0x00000223b495dd1c: 1f40 00e8 

  0x00000223b495dd20: ; ImmutableOopMap {[128]=Oop [152]=Oop [176]=Oop [264]=Oop [272]=Oop [280]=Oop }
                      ;*invokespecial append {reexecute=0 rethrow=0 return_oop=0}
                      ; - java.lang.StringBuilder::append@2
                      ; - org.eclipse.osgi.internal.framework.BundleContextImpl::dispatchEvent@218 (line 996)
  0x00000223b495dd20: 5c0a 0707 

  0x00000223b495dd24: ;   {other}
  0x00000223b495dd24: 0f1f 8400 | 1437 002a 

  0x00000223b495dd2c: ;   {metadata(method data for {method} {0x000002240a67a218} 'dispatchEvent' '(Ljava/lang/Object;Ljava/lang/Object;ILjava/lang/Object;)V' in 'org/eclipse/osgi/internal/framework/BundleContextImpl')}
  0x00000223b495dd2c: 48ba f012 | 8a0a 2402 | 0000 4883 | 8248 0700 | 0001 488b | 9424 1001 

  0x00000223b495dd44: ;   {static_call}
  0x00000223b495dd44: 0000 90e8 

  0x00000223b495dd48: ; ImmutableOopMap {[128]=Oop [152]=Oop [176]=Oop [264]=Oop [272]=Oop [280]=Oop }
                      ;*invokestatic identityHashCode {reexecute=0 rethrow=0 return_oop=0}
                      ; - org.eclipse.osgi.internal.framework.BundleContextImpl::dispatchEvent@223 (line 997)
  0x00000223b495dd48: 3410 0707 

  0x00000223b495dd4c: ;   {other}
  0x00000223b495dd4c: 0f1f 8400 | 3c37 002b 

  0x00000223b495dd54: ;   {metadata(method data for {method} {0x000002240a67a218} 'dispatchEvent' '(Ljava/lang/Object;Ljava/lang/Object;ILjava/lang/Object;)V' in 'org/eclipse/osgi/internal/framework/BundleContextImpl')}
  0x00000223b495dd54: 48ba f012 | 8a0a 2402 | 0000 4883 | 8258 0700 

  0x00000223b495dd64: ;   {metadata(method data for {method} {0x00000223c8416620} 'toHexString' '(I)Ljava/lang/String;' in 'java/lang/Integer')}
  0x00000223b495dd64: 0001 48ba | 884b 300a | 2402 0000 | 448b 82cc | 0000 0041 | 83c0 0244 | 8982 cc00 | 0000 4181 
  0x00000223b495dd84: e0fe ff1f | 0045 85c0 | 0f84 7025 

  0x00000223b495dd90: ;   {metadata(method data for {method} {0x00000223c8416620} 'toHexString' '(I)Ljava/lang/String;' in 'java/lang/Integer')}
  0x00000223b495dd90: 0000 48ba | 884b 300a | 2402 0000 | 4883 8210 | 0100 0001 | 488b d041 | b804 0000 

  0x00000223b495ddac: ;   {static_call}
  0x00000223b495ddac: 0066 90e8 

  0x00000223b495ddb0: ; ImmutableOopMap {[128]=Oop [152]=Oop [176]=Oop [264]=Oop [272]=Oop [280]=Oop }
                      ;*invokestatic toUnsignedString0 {reexecute=0 rethrow=0 return_oop=0}
                      ; - java.lang.Integer::toHexString@2
                      ; - org.eclipse.osgi.internal.framework.BundleContextImpl::dispatchEvent@226 (line 997)
  0x00000223b495ddb0: cc0f 0707 

  0x00000223b495ddb4: ;   {other}
  0x00000223b495ddb4: 0f1f 8400 | a437 002c | 4c8b 8424 | 0801 0000 

  0x00000223b495ddc4: ;   {metadata(method data for {method} {0x000002240a67a218} 'dispatchEvent' '(Ljava/lang/Object;Ljava/lang/Object;ILjava/lang/Object;)V' in 'org/eclipse/osgi/internal/framework/BundleContextImpl')}
  0x00000223b495ddc4: 48ba f012 | 8a0a 2402 | 0000 4883 | 8268 0700 

  0x00000223b495ddd4: ;   {metadata(method data for {method} {0x00000223c8461ae8} 'append' '(Ljava/lang/String;)Ljava/lang/StringBuilder;' in 'java/lang/StringBuilder')}
  0x00000223b495ddd4: 0001 49b8 | d0b1 000a | 2402 0000 | 418b 90cc | 0000 0083 | c202 4189 | 90cc 0000 | 0081 e2fe 
  0x00000223b495ddf4: ff1f 0085 | d20f 8424 | 2500 004c | 8b84 2408 

  0x00000223b495de04: ;   {metadata(method data for {method} {0x00000223c8461ae8} 'append' '(Ljava/lang/String;)Ljava/lang/StringBuilder;' in 'java/lang/StringBuilder')}
  0x00000223b495de04: 0100 0048 | bad0 b100 | 0a24 0200 | 0048 8382 | 1001 0000 | 014c 8bc0 | 488b 9424 | 0801 0000 
  0x00000223b495de24: ;   {optimized virtual_call}
  0x00000223b495de24: 6666 90e8 

  0x00000223b495de28: ; ImmutableOopMap {[128]=Oop [152]=Oop [176]=Oop [264]=Oop [272]=Oop [280]=Oop }
                      ;*invokespecial append {reexecute=0 rethrow=0 return_oop=0}
                      ; - java.lang.StringBuilder::append@2
                      ; - org.eclipse.osgi.internal.framework.BundleContextImpl::dispatchEvent@229 (line 997)
  0x00000223b495de28: 5409 0707 

  0x00000223b495de2c: ;   {other}
  0x00000223b495de2c: 0f1f 8400 | 1c38 002d | 488b 8424 | 0801 0000 

  0x00000223b495de3c: ;   {metadata(method data for {method} {0x000002240a67a218} 'dispatchEvent' '(Ljava/lang/Object;Ljava/lang/Object;ILjava/lang/Object;)V' in 'org/eclipse/osgi/internal/framework/BundleContextImpl')}
  0x00000223b495de3c: 48ba f012 | 8a0a 2402 | 0000 4883 | 82a0 0700 

  0x00000223b495de4c: ;   {metadata(method data for {method} {0x00000223c8008958} 'toString' '()Ljava/lang/String;' in 'java/lang/StringBuilder')}
  0x00000223b495de4c: 0001 48ba | f8b8 000a | 2402 0000 | 8bb2 cc00 | 0000 83c6 | 0289 b2cc | 0000 0081 | e6fe ff1f 
  0x00000223b495de6c: 0085 f60f | 84cf 2400 

  0x00000223b495de74: ;   {metadata('java/lang/String')}
  0x00000223b495de74: 0048 ba78 | e800 c823 | 0200 0049 | 8b87 b801 | 0000 488d | 7818 493b | bfc8 0100 | 000f 87ce 
  0x00000223b495de94: 2400 0049 | 89bf b801 | 0000 48c7 | 0001 0000 | 0048 8bca | 49ba 0000 | 00c8 2302 | 0000 492b 
  0x00000223b495deb4: ca89 4808 | 4833 c989 | 480c 4833 | c948 8948 | 1048 8984 | 2420 0100 | 004c 8bc0 

  0x00000223b495ded0: ;   {metadata(method data for {method} {0x00000223c8008958} 'toString' '()Ljava/lang/String;' in 'java/lang/StringBuilder')}
  0x00000223b495ded0: 49b9 f8b8 | 000a 2402 | 0000 4983 | 8110 0100 

  0x00000223b495dee0: ;   {metadata(method data for {method} {0x00000223c8455dd8} '<init>' '(Ljava/lang/StringBuilder;)V' in 'java/lang/String')}
  0x00000223b495dee0: 0001 49b8 | 40ba 000a | 2402 0000 | 458b 88cc | 0000 0041 | 83c1 0245 | 8988 cc00 | 0000 4181 
  0x00000223b495df00: e1fe ff1f | 0045 85c9 | 0f84 6424 | 0000 4c8b 

  0x00000223b495df10: ;   {metadata(method data for {method} {0x00000223c8455dd8} '<init>' '(Ljava/lang/StringBuilder;)V' in 'java/lang/String')}
  0x00000223b495df10: c049 b940 | ba00 0a24 | 0200 0049 | 8381 1001 | 0000 014c | 8b84 2408 

  0x00000223b495df28: ;   {oop(nullptr)}
  0x00000223b495df28: 0100 0049 | b900 0000 | 0000 0000 | 0048 8bd0 | 0f1f 8000 

  0x00000223b495df3c: ;   {optimized virtual_call}
  0x00000223b495df3c: 0000 00e8 

  0x00000223b495df40: ; ImmutableOopMap {[128]=Oop [152]=Oop [176]=Oop [272]=Oop [280]=Oop [288]=Oop }
                      ;*invokespecial <init> {reexecute=0 rethrow=0 return_oop=0}
                      ; - java.lang.String::<init>@3
                      ; - java.lang.StringBuilder::toString@5
                      ; - org.eclipse.osgi.internal.framework.BundleContextImpl::dispatchEvent@232 (line 996)
  0x00000223b495df40: 3c08 0707 

  0x00000223b495df44: ;   {other}
  0x00000223b495df44: 0f1f 8400 | 3439 002e | 488b 9424 | 8000 0000 | 8b5a 1848 | 899c 2430 | 0100 0090 

  0x00000223b495df60: ;   {no_reloc}
  0x00000223b495df60: e93d 2400 | 0000 0000 | 0000 498b | 87b8 0100 | 0048 8d78 | 1849 3bbf | c801 0000 | 0f87 2a24 
  0x00000223b495df80: 0000 4989 | bfb8 0100 | 0048 c700 | 0100 0000 | 488b ca49 | ba00 0000 | c823 0200 | 0049 2bca 
  0x00000223b495dfa0: 8948 0848 | 33c9 8948 | 0c48 33c9 | 4889 4810 | 4889 8424 | 2801 0000 

  0x00000223b495dfb8: ;   {metadata(method data for {method} {0x000002240a67a218} 'dispatchEvent' '(Ljava/lang/Object;Ljava/lang/Object;ILjava/lang/Object;)V' in 'org/eclipse/osgi/internal/framework/BundleContextImpl')}
  0x00000223b495dfb8: 4c8b c048 | baf0 128a | 0a24 0200 | 0048 8382 | d807 0000 

  0x00000223b495dfcc: ;   {metadata(method data for {method} {0x00000223c8461da8} '<init>' '(Ljava/lang/String;)V' in 'java/lang/StringBuilder')}
  0x00000223b495dfcc: 0149 b880 | e030 0a24 | 0200 0041 | 8b90 cc00 | 0000 83c2 | 0241 8990 | cc00 0000 | 81e2 feff 
  0x00000223b495dfec: 1f00 85d2 | 0f84 c323 | 0000 4c8b 

  0x00000223b495dff8: ;   {metadata(method data for {method} {0x00000223c8461da8} '<init>' '(Ljava/lang/String;)V' in 'java/lang/StringBuilder')}
  0x00000223b495dff8: c048 ba80 | e030 0a24 | 0200 0048 | 8382 1001 

  0x00000223b495e008: ;   {oop("dispatchServiceEvent["{0x00000000806abde8})}
  0x00000223b495e008: 0000 0149 | b8e8 bd6a | 8000 0000 | 0048 8bd0 | 0f1f 8000 

  0x00000223b495e01c: ;   {optimized virtual_call}
  0x00000223b495e01c: 0000 00e8 

  0x00000223b495e020: ; ImmutableOopMap {[128]=Oop [152]=Oop [176]=Oop [272]=Oop [280]=Oop [288]=Oop [296]=Oop [304]=Oop }
                      ;*invokespecial <init> {reexecute=0 rethrow=0 return_oop=0}
                      ; - java.lang.StringBuilder::<init>@2
                      ; - org.eclipse.osgi.internal.framework.BundleContextImpl::dispatchEvent@251 (line 998)
  0x00000223b495e020: 5c07 0707 

  0x00000223b495e024: ;   {other}
  0x00000223b495e024: 0f1f 8400 | 143a 002f | 488b 9424 | 8000 0000 | 8b72 1048 | 8b84 2428 

  0x00000223b495e03c: ;   {metadata(method data for {method} {0x000002240a67a218} 'dispatchEvent' '(Ljava/lang/Object;Ljava/lang/Object;ILjava/lang/Object;)V' in 'org/eclipse/osgi/internal/framework/BundleContextImpl')}
  0x00000223b495e03c: 0100 0048 | bff0 128a | 0a24 0200 | 0048 8387 | e807 0000 

  0x00000223b495e050: ;   {metadata(method data for {method} {0x00000223c8461b40} 'append' '(Ljava/lang/Object;)Ljava/lang/StringBuilder;' in 'java/lang/StringBuilder')}
  0x00000223b495e050: 0148 bf70 | 8909 0a24 | 0200 008b | 9fcc 0000 | 0083 c302 | 899f cc00 | 0000 81e3 | feff 1f00 
  0x00000223b495e070: 85db 0f84 | 6223 0000 

  0x00000223b495e078: ;   {metadata(method data for {method} {0x00000223c8461b40} 'append' '(Ljava/lang/Object;)Ljava/lang/StringBuilder;' in 'java/lang/StringBuilder')}
  0x00000223b495e078: 48bf 7089 | 090a 2402 | 0000 4883 | 8710 0100 

  0x00000223b495e088: ;   {metadata(method data for {method} {0x00000223c8455280} 'valueOf' '(Ljava/lang/Object;)Ljava/lang/String;' in 'java/lang/String')}
  0x00000223b495e088: 0001 48bf | 108b 090a | 2402 0000 | 8b9f cc00 | 0000 83c3 | 0289 9fcc | 0000 0081 | e3fe ff1f 
  0x00000223b495e0a8: 0085 db0f | 844a 2300 | 0048 85f6 

  0x00000223b495e0b4: ;   {metadata(method data for {method} {0x00000223c8455280} 'valueOf' '(Ljava/lang/Object;)Ljava/lang/String;' in 'java/lang/String')}
  0x00000223b495e0b4: 48bf 108b | 090a 2402 | 0000 48c7 | c310 0100 | 0075 0748 | c7c3 2001 | 0000 488b | 041f 488d 
  0x00000223b495e0d4: 4001 4889 | 041f 0f85 | 1f00 0000 

  0x00000223b495e0e0: ;   {metadata(method data for {method} {0x00000223c8455280} 'valueOf' '(Ljava/lang/Object;)Ljava/lang/String;' in 'java/lang/String')}
  0x00000223b495e0e0: 48be 108b | 090a 2402 | 0000 ff86 | 3001 0000 

  0x00000223b495e0f0: ;   {oop("null"{0x0000000080000808})}
  0x00000223b495e0f0: 48be 0808 | 0080 0000 | 0000 e9b0 | 0000 0048 | 3b06 488b 

  0x00000223b495e104: ;   {metadata(method data for {method} {0x00000223c8455280} 'valueOf' '(Ljava/lang/Object;)Ljava/lang/String;' in 'java/lang/String')}
  0x00000223b495e104: fe48 bb10 | 8b09 0a24 | 0200 008b | 7f08 49ba | 0000 00c8 | 2302 0000 | 4903 fa48 | 3bbb 5801 
  0x00000223b495e124: 0000 750d | 4883 8360 | 0100 0001 | e960 0000 | 0048 3bbb | 6801 0000 | 750d 4883 | 8370 0100 
  0x00000223b495e144: 0001 e94a | 0000 0048 | 83bb 5801 | 0000 0075 | 1748 89bb | 5801 0000 | 48c7 8360 | 0100 0001 
  0x00000223b495e164: 0000 00e9 | 2900 0000 | 4883 bb68 | 0100 0000 | 7517 4889 | bb68 0100 | 0048 c783 | 7001 0000 
  0x00000223b495e184: 0100 0000 | e908 0000 | 0048 8383 | 4801 0000 | 0148 8bd6 | 0f1f 8000 

  0x00000223b495e19c: ;   {optimized virtual_call}
  0x00000223b495e19c: 0000 00e8 

  0x00000223b495e1a0: ; ImmutableOopMap {[128]=Oop [152]=Oop [176]=Oop [272]=Oop [280]=Oop [288]=Oop [296]=Oop [304]=Oop }
                      ;*invokevirtual toString {reexecute=0 rethrow=0 return_oop=0}
                      ; - java.lang.String::valueOf@11
                      ; - java.lang.StringBuilder::append@2
                      ; - org.eclipse.osgi.internal.framework.BundleContextImpl::dispatchEvent@258 (line 998)
  0x00000223b495e1a0: dc05 0707 

  0x00000223b495e1a4: ;   {other}
  0x00000223b495e1a4: 0f1f 8400 | 943b 0030 | 488b f048 | 8b84 2428 

  0x00000223b495e1b4: ;   {metadata(method data for {method} {0x00000223c8461b40} 'append' '(Ljava/lang/Object;)Ljava/lang/StringBuilder;' in 'java/lang/StringBuilder')}
  0x00000223b495e1b4: 0100 0049 | b870 8909 | 0a24 0200 | 0049 8380 | 2001 0000 

  0x00000223b495e1c8: ;   {metadata(method data for {method} {0x00000223c8461ae8} 'append' '(Ljava/lang/String;)Ljava/lang/StringBuilder;' in 'java/lang/StringBuilder')}
  0x00000223b495e1c8: 0149 b8d0 | b100 0a24 | 0200 0041 | 8b90 cc00 | 0000 83c2 | 0241 8990 | cc00 0000 | 81e2 feff 
  0x00000223b495e1e8: 1f00 85d2 | 0f84 2f22 | 0000 488b | 8424 2801 

  0x00000223b495e1f8: ;   {metadata(method data for {method} {0x00000223c8461ae8} 'append' '(Ljava/lang/String;)Ljava/lang/StringBuilder;' in 'java/lang/StringBuilder')}
  0x00000223b495e1f8: 0000 49b8 | d0b1 000a | 2402 0000 | 4983 8010 | 0100 0001 | 4c8b c648 | 8b94 2428 

  0x00000223b495e214: ;   {optimized virtual_call}
  0x00000223b495e214: 0100 00e8 

  0x00000223b495e218: ; ImmutableOopMap {[128]=Oop [152]=Oop [176]=Oop [272]=Oop [280]=Oop [288]=Oop [296]=Oop [304]=Oop }
                      ;*invokespecial append {reexecute=0 rethrow=0 return_oop=0}
                      ; - java.lang.StringBuilder::append@2
                      ; - java.lang.StringBuilder::append@5
                      ; - org.eclipse.osgi.internal.framework.BundleContextImpl::dispatchEvent@258 (line 998)
  0x00000223b495e218: 6405 0707 

  0x00000223b495e21c: ;   {other}
  0x00000223b495e21c: 0f1f 8400 | 0c3c 0031 | 488b 8424 | 2801 0000 

  0x00000223b495e22c: ;   {metadata(method data for {method} {0x000002240a67a218} 'dispatchEvent' '(Ljava/lang/Object;Ljava/lang/Object;ILjava/lang/Object;)V' in 'org/eclipse/osgi/internal/framework/BundleContextImpl')}
  0x00000223b495e22c: 4c8b c048 | baf0 128a | 0a24 0200 | 0048 8382 | 2008 0000 

  0x00000223b495e240: ;   {metadata(method data for {method} {0x00000223c8461ae8} 'append' '(Ljava/lang/String;)Ljava/lang/StringBuilder;' in 'java/lang/StringBuilder')}
  0x00000223b495e240: 0149 b8d0 | b100 0a24 | 0200 0041 | 8b90 cc00 | 0000 83c2 | 0241 8990 | cc00 0000 | 81e2 feff 
  0x00000223b495e260: 1f00 85d2 | 0f84 d821 | 0000 4c8b 

  0x00000223b495e26c: ;   {metadata(method data for {method} {0x00000223c8461ae8} 'append' '(Ljava/lang/String;)Ljava/lang/StringBuilder;' in 'java/lang/StringBuilder')}
  0x00000223b495e26c: c048 bad0 | b100 0a24 | 0200 0048 | 8382 1001 

  0x00000223b495e27c: ;   {oop("]("{0x00000000806abe68})}
  0x00000223b495e27c: 0000 0149 | b868 be6a | 8000 0000 | 0048 8bd0 

  0x00000223b495e28c: ;   {optimized virtual_call}
  0x00000223b495e28c: 6666 90e8 

  0x00000223b495e290: ; ImmutableOopMap {[128]=Oop [152]=Oop [176]=Oop [272]=Oop [280]=Oop [288]=Oop [296]=Oop [304]=Oop }
                      ;*invokespecial append {reexecute=0 rethrow=0 return_oop=0}
                      ; - java.lang.StringBuilder::append@2
                      ; - org.eclipse.osgi.internal.framework.BundleContextImpl::dispatchEvent@264 (line 998)
  0x00000223b495e290: ec04 0707 

  0x00000223b495e294: ;   {other}
  0x00000223b495e294: 0f1f 8400 | 843c 0032 | 488b 8424 | 2801 0000 

  0x00000223b495e2a4: ;   {metadata(method data for {method} {0x000002240a67a218} 'dispatchEvent' '(Ljava/lang/Object;Ljava/lang/Object;ILjava/lang/Object;)V' in 'org/eclipse/osgi/internal/framework/BundleContextImpl')}
  0x00000223b495e2a4: 49b8 f012 | 8a0a 2402 | 0000 4983 | 8058 0800 

  0x00000223b495e2b4: ;   {metadata(method data for {method} {0x00000223c8461ae8} 'append' '(Ljava/lang/String;)Ljava/lang/StringBuilder;' in 'java/lang/StringBuilder')}
  0x00000223b495e2b4: 0001 49b8 | d0b1 000a | 2402 0000 | 418b 90cc | 0000 0083 | c202 4189 | 90cc 0000 | 0081 e2fe 
  0x00000223b495e2d4: ff1f 0085 | d20f 8484 | 2100 0048 | 8b84 2428 

  0x00000223b495e2e4: ;   {metadata(method data for {method} {0x00000223c8461ae8} 'append' '(Ljava/lang/String;)Ljava/lang/StringBuilder;' in 'java/lang/StringBuilder')}
  0x00000223b495e2e4: 0100 0049 | b8d0 b100 | 0a24 0200 | 0049 8380 | 1001 0000 | 014c 8b84 | 2420 0100 | 0048 8b94 
  0x00000223b495e304: 2428 0100 | 0066 0f1f 

  0x00000223b495e30c: ;   {optimized virtual_call}
  0x00000223b495e30c: 4400 00e8 

  0x00000223b495e310: ; ImmutableOopMap {[128]=Oop [152]=Oop [176]=Oop [272]=Oop [280]=Oop [296]=Oop [304]=Oop }
                      ;*invokespecial append {reexecute=0 rethrow=0 return_oop=0}
                      ; - java.lang.StringBuilder::append@2
                      ; - org.eclipse.osgi.internal.framework.BundleContextImpl::dispatchEvent@269 (line 998)
  0x00000223b495e310: 6c04 0707 

  0x00000223b495e314: ;   {other}
  0x00000223b495e314: 0f1f 8400 | 043d 0033 | 488b 8424 | 2801 0000 

  0x00000223b495e324: ;   {metadata(method data for {method} {0x000002240a67a218} 'dispatchEvent' '(Ljava/lang/Object;Ljava/lang/Object;ILjava/lang/Object;)V' in 'org/eclipse/osgi/internal/framework/BundleContextImpl')}
  0x00000223b495e324: 49b8 f012 | 8a0a 2402 | 0000 4983 | 8090 0800 

  0x00000223b495e334: ;   {metadata(method data for {method} {0x00000223c8461ae8} 'append' '(Ljava/lang/String;)Ljava/lang/StringBuilder;' in 'java/lang/StringBuilder')}
  0x00000223b495e334: 0001 49b8 | d0b1 000a | 2402 0000 | 418b 90cc | 0000 0083 | c202 4189 | 90cc 0000 | 0081 e2fe 
  0x00000223b495e354: ff1f 0085 | d20f 8425 | 2100 0048 | 8b84 2428 

  0x00000223b495e364: ;   {metadata(method data for {method} {0x00000223c8461ae8} 'append' '(Ljava/lang/String;)Ljava/lang/StringBuilder;' in 'java/lang/StringBuilder')}
  0x00000223b495e364: 0100 0049 | b8d0 b100 | 0a24 0200 | 0049 8380 | 1001 0000 

  0x00000223b495e378: ;   {oop(")"{0x0000000080002de8})}
  0x00000223b495e378: 0149 b8e8 | 2d00 8000 | 0000 0048 | 8b94 2428 | 0100 000f 

  0x00000223b495e38c: ;   {optimized virtual_call}
  0x00000223b495e38c: 1f40 00e8 

  0x00000223b495e390: ; ImmutableOopMap {[128]=Oop [152]=Oop [176]=Oop [272]=Oop [280]=Oop [296]=Oop [304]=Oop }
                      ;*invokespecial append {reexecute=0 rethrow=0 return_oop=0}
                      ; - java.lang.StringBuilder::append@2
                      ; - org.eclipse.osgi.internal.framework.BundleContextImpl::dispatchEvent@275 (line 998)
  0x00000223b495e390: ec03 0707 

  0x00000223b495e394: ;   {other}
  0x00000223b495e394: 0f1f 8400 | 843d 0034 | 488b 8424 | 2801 0000 

  0x00000223b495e3a4: ;   {metadata(method data for {method} {0x000002240a67a218} 'dispatchEvent' '(Ljava/lang/Object;Ljava/lang/Object;ILjava/lang/Object;)V' in 'org/eclipse/osgi/internal/framework/BundleContextImpl')}
  0x00000223b495e3a4: 48ba f012 | 8a0a 2402 | 0000 4883 | 82c8 0800 

  0x00000223b495e3b4: ;   {metadata(method data for {method} {0x00000223c8008958} 'toString' '()Ljava/lang/String;' in 'java/lang/StringBuilder')}
  0x00000223b495e3b4: 0001 48ba | f8b8 000a | 2402 0000 | 8bb2 cc00 | 0000 83c6 | 0289 b2cc | 0000 0081 | e6fe ff1f 
  0x00000223b495e3d4: 0085 f60f | 84c8 2000 

  0x00000223b495e3dc: ;   {metadata('java/lang/String')}
  0x00000223b495e3dc: 0048 ba78 | e800 c823 | 0200 0049 | 8b87 b801 | 0000 488d | 7818 493b | bfc8 0100 | 000f 87c7 
  0x00000223b495e3fc: 2000 0049 | 89bf b801 | 0000 48c7 | 0001 0000 | 0048 8bca | 49ba 0000 | 00c8 2302 | 0000 492b 
  0x00000223b495e41c: ca89 4808 | 4833 c989 | 480c 4833 | c948 8948 | 104c 8bc0 

  0x00000223b495e430: ;   {metadata(method data for {method} {0x00000223c8008958} 'toString' '()Ljava/lang/String;' in 'java/lang/StringBuilder')}
  0x00000223b495e430: 49b9 f8b8 | 000a 2402 | 0000 4983 | 8110 0100 

  0x00000223b495e440: ;   {metadata(method data for {method} {0x00000223c8455dd8} '<init>' '(Ljava/lang/StringBuilder;)V' in 'java/lang/String')}
  0x00000223b495e440: 0001 49b8 | 40ba 000a | 2402 0000 | 458b 88cc | 0000 0041 | 83c1 0245 | 8988 cc00 | 0000 4181 
  0x00000223b495e460: e1fe ff1f | 0045 85c9 | 0f84 6520 | 0000 4c8b 

  0x00000223b495e470: ;   {metadata(method data for {method} {0x00000223c8455dd8} '<init>' '(Ljava/lang/StringBuilder;)V' in 'java/lang/String')}
  0x00000223b495e470: c049 b940 | ba00 0a24 | 0200 0049 | 8381 1001 | 0000 014c | 8b84 2428 

  0x00000223b495e488: ;   {oop(nullptr)}
  0x00000223b495e488: 0100 0049 | b900 0000 | 0000 0000 | 0048 8bd0 | 4889 8424 | 3801 0000 | 0f1f 8000 

  0x00000223b495e4a4: ;   {optimized virtual_call}
  0x00000223b495e4a4: 0000 00e8 

  0x00000223b495e4a8: ; ImmutableOopMap {[128]=Oop [152]=Oop [176]=Oop [272]=Oop [280]=Oop [304]=Oop [312]=Oop }
                      ;*invokespecial <init> {reexecute=0 rethrow=0 return_oop=0}
                      ; - java.lang.String::<init>@3
                      ; - java.lang.StringBuilder::toString@5
                      ; - org.eclipse.osgi.internal.framework.BundleContextImpl::dispatchEvent@278 (line 998)
  0x00000223b495e4a8: d402 0707 

  0x00000223b495e4ac: ;   {other}
  0x00000223b495e4ac: 0f1f 8400 | 9c3e 0035 | 488b 9c24 | 3001 0000 

  0x00000223b495e4bc: ; implicit exception: dispatches to 0x00000223b49604f4
  0x00000223b495e4bc: 483b 034c 

  0x00000223b495e4c0: ;   {metadata(method data for {method} {0x000002240a67a218} 'dispatchEvent' '(Ljava/lang/Object;Ljava/lang/Object;ILjava/lang/Object;)V' in 'org/eclipse/osgi/internal/framework/BundleContextImpl')}
  0x00000223b495e4c0: 8bc3 49b9 | f012 8a0a | 2402 0000 

  0x00000223b495e4cc: ;   {metadata('org/eclipse/osgi/internal/debug/Debug')}
  0x00000223b495e4cc: 49ba 8009 | 09c9 2302 | 0000 4d89 | 9110 0900 | 0049 8381 | 1809 0000 

  0x00000223b495e4e4: ;   {metadata(method data for {method} {0x000002240a4e53d0} 'trace' '(Ljava/lang/String;Ljava/lang/String;)V' in 'org/eclipse/osgi/internal/debug/Debug')}
  0x00000223b495e4e4: 0149 b858 | a083 0a24 | 0200 0045 | 8b88 cc00 | 0000 4183 | c102 4589 | 88cc 0000 | 0041 81e1 
  0x00000223b495e504: feff 1f00 | 4585 c90f | 84e8 1f00 | 008b 5324 

  0x00000223b495e514: ;   {metadata(method data for {method} {0x000002240a4e53d0} 'trace' '(Ljava/lang/String;Ljava/lang/String;)V' in 'org/eclipse/osgi/internal/debug/Debug')}
  0x00000223b495e514: 4885 d249 | b858 a083 | 0a24 0200 | 0049 c7c1 | 1001 0000 | 7407 49c7 | c120 0100 | 004b 8b34 
  0x00000223b495e534: 0848 8d76 | 014b 8934 | 080f 84ff | 0200 0048 | 85d2 0f84 | 2900 0000 

  0x00000223b495e54c: ;   {metadata('org/eclipse/osgi/internal/log/ExtendedLogServiceImpl')}
  0x00000223b495e54c: 48bf 4056 | 09c9 2302 | 0000 8b72 | 0849 ba00 | 0000 c823 | 0200 0049 | 03f2 483b | 7e38 0f85 
  0x00000223b495e56c: aa1f 0000 | e900 0000 | 004c 8bc2 

  0x00000223b495e578: ; implicit exception: dispatches to 0x00000223b496051f
  0x00000223b495e578: 483b 024c 

  0x00000223b495e57c: ;   {metadata(method data for {method} {0x000002240a4e53d0} 'trace' '(Ljava/lang/String;Ljava/lang/String;)V' in 'org/eclipse/osgi/internal/debug/Debug')}
  0x00000223b495e57c: 8bc2 49b9 | 58a0 830a | 2402 0000 

  0x00000223b495e588: ;   {metadata('org/eclipse/osgi/internal/log/ExtendedLogServiceImpl')}
  0x00000223b495e588: 49ba 4056 | 09c9 2302 | 0000 4d89 | 9140 0100 | 0049 8381 | 4801 0000 

  0x00000223b495e5a0: ;   {metadata(method data for {method} {0x000002240a50ca80} 'getLogger' '(Ljava/lang/String;)Lorg/osgi/service/log/Logger;' in 'org/eclipse/osgi/internal/log/ExtendedLogServiceImpl')}
  0x00000223b495e5a0: 0149 b898 | a283 0a24 | 0200 0045 | 8b88 cc00 | 0000 4183 | c102 4589 | 88cc 0000 | 0041 81e1 
  0x00000223b495e5c0: feff 1f00 | 4585 c90f | 8457 1f00 | 004c 8bc2 

  0x00000223b495e5d0: ;   {metadata(method data for {method} {0x000002240a50ca80} 'getLogger' '(Ljava/lang/String;)Lorg/osgi/service/log/Logger;' in 'org/eclipse/osgi/internal/log/ExtendedLogServiceImpl')}
  0x00000223b495e5d0: 49b9 98a2 | 830a 2402 

  0x00000223b495e5d8: ;   {metadata('org/eclipse/osgi/internal/log/ExtendedLogServiceImpl')}
  0x00000223b495e5d8: 0000 49ba | 4056 09c9 | 2302 0000 | 4d89 9120 | 0100 0049 | 8381 2801 

  0x00000223b495e5f0: ;   {metadata(method data for {method} {0x000002240a50a308} 'getLogger' '(Ljava/lang/String;)Lorg/eclipse/equinox/log/Logger;' in 'org/eclipse/osgi/internal/log/ExtendedLogServiceImpl')}
  0x00000223b495e5f0: 0000 0149 | b828 a483 | 0a24 0200 | 0045 8b88 | cc00 0000 | 4183 c102 | 4589 88cc | 0000 0041 
  0x00000223b495e610: 81e1 feff | 1f00 4585 | c90f 8426 | 1f00 004c 

  0x00000223b495e620: ;   {metadata(method data for {method} {0x000002240a50a308} 'getLogger' '(Ljava/lang/String;)Lorg/eclipse/equinox/log/Logger;' in 'org/eclipse/osgi/internal/log/ExtendedLogServiceImpl')}
  0x00000223b495e620: 8bc2 49b9 | 28a4 830a | 2402 0000 

  0x00000223b495e62c: ;   {metadata('org/eclipse/osgi/internal/log/ExtendedLogServiceImpl')}
  0x00000223b495e62c: 49ba 4056 | 09c9 2302 | 0000 4d89 | 9120 0100 | 0049 8381 | 2801 0000 

  0x00000223b495e644: ;   {oop("org.eclipse.osgi/debug/events"{0x00000000803e7958})}
  0x00000223b495e644: 0149 b858 | 793e 8000 

  0x00000223b495e64c: ;   {oop(a 'java/lang/Class'{0x00000000805e0f98} = 'org/osgi/service/log/Logger')}
  0x00000223b495e64c: 0000 0049 | b998 0f5e | 8000 0000 | 0066 0f1f 

  0x00000223b495e65c: ;   {optimized virtual_call}
  0x00000223b495e65c: 4400 00e8 

  0x00000223b495e660: ; ImmutableOopMap {[128]=Oop [152]=Oop [176]=Oop [272]=Oop [280]=Oop [312]=Oop }
                      ;*invokevirtual getLogger {reexecute=0 rethrow=0 return_oop=0}
                      ; - org.eclipse.osgi.internal.log.ExtendedLogServiceImpl::getLogger@4 (line 73)
                      ; - org.eclipse.osgi.internal.log.ExtendedLogServiceImpl::getLogger@2 (line 1)
                      ; - org.eclipse.osgi.internal.debug.Debug::trace@11 (line 265)
                      ; - org.eclipse.osgi.internal.framework.BundleContextImpl::dispatchEvent@281 (line 998)
  0x00000223b495e660: 1c01 0707 

  0x00000223b495e664: ;   {other}
  0x00000223b495e664: 0f1f 8400 | 5440 0036 | 4885 c075 

  0x00000223b495e670: ;   {metadata(method data for {method} {0x000002240a50a308} 'getLogger' '(Ljava/lang/String;)Lorg/eclipse/equinox/log/Logger;' in 'org/eclipse/osgi/internal/log/ExtendedLogServiceImpl')}
  0x00000223b495e670: 1648 be28 | a483 0a24 | 0200 0080 | 8e41 0100 | 0001 e9e7 

  0x00000223b495e684: ;   {metadata('org/eclipse/equinox/log/Logger')}
  0x00000223b495e684: 0000 0048 | bff8 2909 | c923 0200 | 008b 7008 | 49ba 0000 | 00c8 2302 | 0000 4903 | f248 3b7e 
  0x00000223b495e6a4: 200f 841a | 0000 0048 | 3bf7 0f84 | 1100 0000 

  0x00000223b495e6b4: ;   {runtime_call slow_subtype_check Runtime1 stub}
  0x00000223b495e6b4: 5657 e8c5 | 4e12 075e | 5e85 f60f | 848d 0000 

  0x00000223b495e6c4: ;   {metadata(method data for {method} {0x000002240a50a308} 'getLogger' '(Ljava/lang/String;)Lorg/eclipse/equinox/log/Logger;' in 'org/eclipse/osgi/internal/log/ExtendedLogServiceImpl')}
  0x00000223b495e6c4: 0048 be28 | a483 0a24 | 0200 008b | 7808 49ba | 0000 00c8 | 2302 0000 | 4903 fa48 | 3bbe 5801 
  0x00000223b495e6e4: 0000 750d | 4883 8660 | 0100 0001 | e979 0000 | 0048 3bbe | 6801 0000 | 750d 4883 | 8670 0100 
  0x00000223b495e704: 0001 e963 | 0000 0048 | 83be 5801 | 0000 0075 | 1748 89be | 5801 0000 | 48c7 8660 | 0100 0001 
  0x00000223b495e724: 0000 00e9 | 4200 0000 | 4883 be68 | 0100 0000 | 7517 4889 | be68 0100 | 0048 c786 | 7001 0000 
  0x00000223b495e744: 0100 0000 | e921 0000 | 00e9 1c00 

  0x00000223b495e750: ;   {metadata(method data for {method} {0x000002240a50a308} 'getLogger' '(Ljava/lang/String;)Lorg/eclipse/equinox/log/Logger;' in 'org/eclipse/osgi/internal/log/ExtendedLogServiceImpl')}
  0x00000223b495e750: 0000 48be | 28a4 830a | 2402 0000 | 4883 ae48 | 0100 0001 | e9fd 1d00 | 00e9 0000 | 0000 488b 
  0x00000223b495e770: d048 3b02 

  0x00000223b495e774: ;   {metadata(method data for {method} {0x000002240a4e53d0} 'trace' '(Ljava/lang/String;Ljava/lang/String;)V' in 'org/eclipse/osgi/internal/debug/Debug')}
  0x00000223b495e774: 4c8b c248 | be58 a083 | 0a24 0200 | 0045 8b40 | 0849 ba00 | 0000 c823 | 0200 004d | 03c2 4c3b 
  0x00000223b495e794: 8678 0100 | 0075 0d48 | 8386 8001 | 0000 01e9 | 6000 0000 | 4c3b 8688 | 0100 0075 | 0d48 8386 
  0x00000223b495e7b4: 9001 0000 | 01e9 4a00 | 0000 4883 | be78 0100 | 0000 7517 | 4c89 8678 | 0100 0048 | c786 8001 
  0x00000223b495e7d4: 0000 0100 | 0000 e929 | 0000 0048 | 83be 8801 | 0000 0075 | 174c 8986 | 8801 0000 | 48c7 8690 
  0x00000223b495e7f4: 0100 0001 | 0000 00e9 | 0800 0000 | 4883 8668 | 0100 0001 | 4c8b 8424 | 3801 0000 | 0f1f 4400 
  0x00000223b495e814: 0048 b8ff | ffff ffff 

  0x00000223b495e81c: ;   {virtual_call}
  0x00000223b495e81c: ffff ffe8 

  0x00000223b495e820: ; ImmutableOopMap {[128]=Oop [152]=Oop [176]=Oop [272]=Oop [280]=Oop }
                      ;*invokeinterface debug {reexecute=0 rethrow=0 return_oop=0}
                      ; - org.eclipse.osgi.internal.debug.Debug::trace@17 (line 265)
                      ; - org.eclipse.osgi.internal.framework.BundleContextImpl::dispatchEvent@281 (line 998)
  0x00000223b495e820: 5c02 0707 

  0x00000223b495e824: ;   {other}
  0x00000223b495e824: 0f1f 8400 | 1442 0037 

  0x00000223b495e82c: ;   {metadata(method data for {method} {0x000002240a4e53d0} 'trace' '(Ljava/lang/String;Ljava/lang/String;)V' in 'org/eclipse/osgi/internal/debug/Debug')}
  0x00000223b495e82c: 49b8 58a0 | 830a 2402 | 0000 41ff | 80a0 0100 | 00e9 5200 | 0000 488b | 8424 3801 

  0x00000223b495e848: ;   {oop(a 'java/lang/Class'{0x00000000805de648} = 'org/eclipse/osgi/internal/debug/Debug')}
  0x00000223b495e848: 0000 49b8 | 48e6 5d80 | 0000 0000 | 418b 90d0 | 0000 0048 | 3b02 4c8b 

  0x00000223b495e860: ;   {metadata(method data for {method} {0x000002240a4e53d0} 'trace' '(Ljava/lang/String;Ljava/lang/String;)V' in 'org/eclipse/osgi/internal/debug/Debug')}
  0x00000223b495e860: c248 be58 | a083 0a24 

  0x00000223b495e868: ;   {metadata('java/io/PrintStream')}
  0x00000223b495e868: 0200 0049 | bac8 a300 | c823 0200 | 004c 8996 | c801 0000 | 4883 86d0 | 0100 0001 

  0x00000223b495e884: ;   {optimized virtual_call}
  0x00000223b495e884: 4c8b c0e8 

  0x00000223b495e888: ; ImmutableOopMap {[128]=Oop [152]=Oop [176]=Oop [272]=Oop [280]=Oop }
                      ;*invokevirtual println {reexecute=0 rethrow=0 return_oop=0}
                      ; - org.eclipse.osgi.internal.debug.Debug::trace@29 (line 267)
                      ; - org.eclipse.osgi.internal.framework.BundleContextImpl::dispatchEvent@281 (line 998)
  0x00000223b495e888: f4fe 0607 

  0x00000223b495e88c: ;   {other}
  0x00000223b495e88c: 0f1f 8400 | 7c42 0038 | 488b 9424 | 1001 0000 | 488b 9c24 | 1801 0000 

  0x00000223b495e8a4: ; implicit exception: dispatches to 0x00000223b4960579
  0x00000223b495e8a4: 483b 024c 

  0x00000223b495e8a8: ;   {metadata(method data for {method} {0x000002240a67a218} 'dispatchEvent' '(Ljava/lang/Object;Ljava/lang/Object;ILjava/lang/Object;)V' in 'org/eclipse/osgi/internal/framework/BundleContextImpl')}
  0x00000223b495e8a8: 8bc2 48be | f012 8a0a | 2402 0000 | 458b 4008 | 49ba 0000 | 00c8 2302 | 0000 4d03 | c24c 3b86 
  0x00000223b495e8c8: 4809 0000 | 750d 4883 | 8650 0900 | 0001 e960 | 0000 004c | 3b86 5809 | 0000 750d | 4883 8660 
  0x00000223b495e8e8: 0900 0001 | e94a 0000 | 0048 83be | 4809 0000 | 0075 174c | 8986 4809 | 0000 48c7 | 8650 0900 
  0x00000223b495e908: 0001 0000 | 00e9 2900 | 0000 4883 | be58 0900 | 0000 7517 | 4c89 8658 | 0900 0048 | c786 6009 
  0x00000223b495e928: 0000 0100 | 0000 e908 | 0000 0048 | 8386 3809 | 0000 014c | 8bc3 0f1f | 8000 0000 | 0048 b880 
  0x00000223b495e948: f774 0924 

  0x00000223b495e94c: ;   {virtual_call}
  0x00000223b495e94c: 0200 00e8 

  0x00000223b495e950: ; ImmutableOopMap {[128]=Oop [152]=Oop [176]=Oop }
                      ;*invokeinterface serviceChanged {reexecute=0 rethrow=0 return_oop=0}
                      ; - org.eclipse.osgi.internal.framework.BundleContextImpl::dispatchEvent@288 (line 1000)
  0x00000223b495e950: e14d 0707 

  0x00000223b495e954: ;   {other}
  0x00000223b495e954: 0f1f 8400 | 4443 0039 

  0x00000223b495e95c: ;   {metadata(method data for {method} {0x000002240a67a218} 'dispatchEvent' '(Ljava/lang/Object;Ljava/lang/Object;ILjava/lang/Object;)V' in 'org/eclipse/osgi/internal/framework/BundleContextImpl')}
  0x00000223b495e95c: 49b8 f012 | 8a0a 2402 | 0000 41ff | 8070 0900 | 0048 8b84 | 24b0 0000 

  0x00000223b495e974: ;   {oop(a 'java/lang/Boolean'{0x0000000080001058} = false)}
  0x00000223b495e974: 0049 ba58 | 1000 8000 | 0000 0049 

  0x00000223b495e980: ;   {metadata(method data for {method} {0x000002240a67a218} 'dispatchEvent' '(Ljava/lang/Object;Ljava/lang/Object;ILjava/lang/Object;)V' in 'org/eclipse/osgi/internal/framework/BundleContextImpl')}
  0x00000223b495e980: 3bc2 49b8 | f012 8a0a | 2402 0000 | 48c7 c2f0 | 1000 0074 | 0748 c7c2 | 0011 0000 | 498b 3410 
  0x00000223b495e9a0: 488d 7601 | 4989 3410 | 0f84 e60e 

  0x00000223b495e9ac: ;   {metadata(method data for {method} {0x000002240a67a218} 'dispatchEvent' '(Ljava/lang/Object;Ljava/lang/Object;ILjava/lang/Object;)V' in 'org/eclipse/osgi/internal/framework/BundleContextImpl')}
  0x00000223b495e9ac: 0000 49b8 | f012 8a0a | 2402 0000 | 4983 8010 | 1100 0001 | 4885 c075 

  0x00000223b495e9c4: ;   {metadata(method data for {method} {0x000002240a67a218} 'dispatchEvent' '(Ljava/lang/Object;Ljava/lang/Object;ILjava/lang/Object;)V' in 'org/eclipse/osgi/internal/framework/BundleContextImpl')}
  0x00000223b495e9c4: 1648 bef0 | 128a 0a24 | 0200 0080 | 8e19 1100 | 0001 e9cd 

  0x00000223b495e9d8: ;   {metadata('java/lang/ClassLoader')}
  0x00000223b495e9d8: 0000 0048 | bf40 4001 | c823 0200 | 008b 7008 | 49ba 0000 | 00c8 2302 | 0000 4903 | f248 3b7e 
  0x00000223b495e9f8: 380f 858d 

  0x00000223b495e9fc: ;   {metadata(method data for {method} {0x000002240a67a218} 'dispatchEvent' '(Ljava/lang/Object;Ljava/lang/Object;ILjava/lang/Object;)V' in 'org/eclipse/osgi/internal/framework/BundleContextImpl')}
  0x00000223b495e9fc: 0000 0048 | bef0 128a | 0a24 0200 | 008b 7808 | 49ba 0000 | 00c8 2302 | 0000 4903 | fa48 3bbe 
  0x00000223b495ea1c: 3011 0000 | 750d 4883 | 8638 1100 | 0001 e979 | 0000 0048 | 3bbe 4011 | 0000 750d | 4883 8648 
  0x00000223b495ea3c: 1100 0001 | e963 0000 | 0048 83be | 3011 0000 | 0075 1748 | 89be 3011 | 0000 48c7 | 8638 1100 
  0x00000223b495ea5c: 0001 0000 | 00e9 4200 | 0000 4883 | be40 1100 | 0000 7517 | 4889 be40 | 1100 0048 | c786 4811 
  0x00000223b495ea7c: 0000 0100 | 0000 e921 | 0000 00e9 | 1c00 0000 

  0x00000223b495ea8c: ;   {metadata(method data for {method} {0x000002240a67a218} 'dispatchEvent' '(Ljava/lang/Object;Ljava/lang/Object;ILjava/lang/Object;)V' in 'org/eclipse/osgi/internal/framework/BundleContextImpl')}
  0x00000223b495ea8c: 48be f012 | 8a0a 2402 | 0000 4883 | ae20 1100 | 0001 e9db | 1a00 00e9 | 0000 0000 | 4c8b c049 
  0x00000223b495eaac: 8b97 8803 | 0000 488b | 1248 3b02 

  0x00000223b495eab8: ;   {metadata(method data for {method} {0x000002240a67a218} 'dispatchEvent' '(Ljava/lang/Object;Ljava/lang/Object;ILjava/lang/Object;)V' in 'org/eclipse/osgi/internal/framework/BundleContextImpl')}
  0x00000223b495eab8: 488b f248 | bff0 128a | 0a24 0200 | 008b 7608 | 49ba 0000 | 00c8 2302 | 0000 4903 | f248 3bb7 
  0x00000223b495ead8: 6811 0000 | 750d 4883 | 8770 1100 | 0001 e960 | 0000 0048 | 3bb7 7811 | 0000 750d | 4883 8780 
  0x00000223b495eaf8: 1100 0001 | e94a 0000 | 0048 83bf | 6811 0000 | 0075 1748 | 89b7 6811 | 0000 48c7 | 8770 1100 
  0x00000223b495eb18: 0001 0000 | 00e9 2900 | 0000 4883 | bf78 1100 | 0000 7517 | 4889 b778 | 1100 0048 | c787 8011 
  0x00000223b495eb38: 0000 0100 | 0000 e908 | 0000 0048 | 8387 5811 | 0000 0166 | 9048 b8ff | ffff ffff 

  0x00000223b495eb54: ;   {virtual_call}
  0x00000223b495eb54: ffff ffe8 

  0x00000223b495eb58: ; ImmutableOopMap {}
                      ;*invokevirtual setContextClassLoader {reexecute=0 rethrow=0 return_oop=0}
                      ; - org.eclipse.osgi.internal.framework.BundleContextImpl::dispatchEvent@573 (line 1039)
  0x00000223b495eb58: 24ff 0607 

  0x00000223b495eb5c: ;   {other}
  0x00000223b495eb5c: 0f1f 8400 | 4c45 003a | 4881 c490 | 0100 005d 

  0x00000223b495eb6c: ;   {poll_return}
  0x00000223b495eb6c: 493b a750 | 0400 000f | 8713 1a00 | 00c3 660f | 1f44 0000 

  0x00000223b495eb80: ;   {no_reloc}
  0x00000223b495eb80: e92c 1a00 | 0000 0000 | 0000 498b | 87b8 0100 | 0048 8d78 | 2849 3bbf | c801 0000 | 0f87 191a 
  0x00000223b495eba0: 0000 4989 | bfb8 0100 | 0048 c700 | 0100 0000 | 488b ca49 | ba00 0000 | c823 0200 | 0049 2bca 
  0x00000223b495ebc0: 8948 0848 | 33c9 8948 | 0c48 33c9 | 4889 4810 | 4889 4818 | 4889 4820 

  0x00000223b495ebd8: ;   {metadata(method data for {method} {0x000002240a67a218} 'dispatchEvent' '(Ljava/lang/Object;Ljava/lang/Object;ILjava/lang/Object;)V' in 'org/eclipse/osgi/internal/framework/BundleContextImpl')}
  0x00000223b495ebd8: 488b d048 | bef0 128a | 0a24 0200 | 0048 8386 | 200d 0000 | 0148 8bd0 | 4889 8424 | 4001 0000 
  0x00000223b495ebf8: 0f1f 8000 

  0x00000223b495ebfc: ;   {optimized virtual_call}
  0x00000223b495ebfc: 0000 00e8 

  0x00000223b495ec00: ; ImmutableOopMap {[128]=Oop [152]=Oop [176]=Oop [320]=Oop }
                      ;*invokespecial <init> {reexecute=0 rethrow=0 return_oop=0}
                      ; - org.eclipse.osgi.internal.framework.BundleContextImpl::dispatchEvent@418 (line 1018)
  0x00000223b495ec00: 7cfb 0607 

  0x00000223b495ec04: ;   {other}
  0x00000223b495ec04: 0f1f 8400 | f445 003b | 488b 8424 

  0x00000223b495ec10: ; ImmutableOopMap {rax=Oop [128]=Oop [152]=Oop [176]=Oop }
                      ;*athrow {reexecute=1 rethrow=0 return_oop=0}
                      ; - (reexecute) org.eclipse.osgi.internal.framework.BundleContextImpl::dispatchEvent@421 (line 1018)
  0x00000223b495ec10: 4001 0000 

  0x00000223b495ec14: ;   {section_word}
  0x00000223b495ec14: 48ba 14ec | 95b4 2302 

  0x00000223b495ec1c: ;   {runtime_call handle_exception_nofpu Runtime1 stub}
  0x00000223b495ec1c: 0000 e8dd | 1b09 0790 | 488b 9424 | 8000 0000 | 498b 8700 | 0500 004d | 33d2 4d89 | 9700 0500 
  0x00000223b495ec3c: 004d 33d2 | 4d89 9708 | 0500 008b | 5a18 0fbe | 7313 85f6 

  0x00000223b495ec50: ;   {metadata(method data for {method} {0x000002240a67a218} 'dispatchEvent' '(Ljava/lang/Object;Ljava/lang/Object;ILjava/lang/Object;)V' in 'org/eclipse/osgi/internal/framework/BundleContextImpl')}
  0x00000223b495ec50: 48be f012 | 8a0a 2402 | 0000 48c7 | c740 0d00 | 0075 0748 | c7c7 300d | 0000 488b | 0c3e 488d 
  0x00000223b495ec70: 4901 4889 | 0c3e 0f85 | 0d00 0000 | 4889 8424 | 4801 0000 | e963 0700 | 0048 899c | 2458 0100 
  0x00000223b495ec90: 0048 8984 | 2448 0100 | 000f 1f80 | 0000 0000 

  0x00000223b495eca0: ;   {no_reloc}
  0x00000223b495eca0: e937 1900 | 0000 0000 | 0000 498b | 87b8 0100 | 0048 8d78 | 1849 3bbf | c801 0000 | 0f87 2419 
  0x00000223b495ecc0: 0000 4989 | bfb8 0100 | 0048 c700 | 0100 0000 | 488b ca49 | ba00 0000 | c823 0200 | 0049 2bca 
  0x00000223b495ece0: 8948 0848 | 33c9 8948 | 0c48 33c9 | 4889 4810 

  0x00000223b495ecf0: ;   {metadata(method data for {method} {0x000002240a67a218} 'dispatchEvent' '(Ljava/lang/Object;Ljava/lang/Object;ILjava/lang/Object;)V' in 'org/eclipse/osgi/internal/framework/BundleContextImpl')}
  0x00000223b495ecf0: 4c8b c048 | baf0 128a | 0a24 0200 | 0048 8382 | 500d 0000 

  0x00000223b495ed04: ;   {metadata(method data for {method} {0x00000223c8461da8} '<init>' '(Ljava/lang/String;)V' in 'java/lang/StringBuilder')}
  0x00000223b495ed04: 0149 b880 | e030 0a24 | 0200 0041 | 8b90 cc00 | 0000 83c2 | 0241 8990 | cc00 0000 | 81e2 feff 
  0x00000223b495ed24: 1f00 85d2 | 0f84 c518 | 0000 4c8b 

  0x00000223b495ed30: ;   {metadata(method data for {method} {0x00000223c8461da8} '<init>' '(Ljava/lang/String;)V' in 'java/lang/StringBuilder')}
  0x00000223b495ed30: c048 ba80 | e030 0a24 | 0200 0048 | 8382 1001 

  0x00000223b495ed40: ;   {oop("Exception in bottom level event dispatcher: "{0x00000000806abd50})}
  0x00000223b495ed40: 0000 0149 | b850 bd6a | 8000 0000 | 0048 8bd0 | 4889 8424 | 5001 0000 | 0f1f 8000 

  0x00000223b495ed5c: ;   {optimized virtual_call}
  0x00000223b495ed5c: 0000 00e8 

  0x00000223b495ed60: ; ImmutableOopMap {[128]=Oop [152]=Oop [176]=Oop [328]=Oop [336]=Oop [344]=Oop }
                      ;*invokespecial <init> {reexecute=0 rethrow=0 return_oop=0}
                      ; - java.lang.StringBuilder::<init>@2
                      ; - org.eclipse.osgi.internal.framework.BundleContextImpl::dispatchEvent@448 (line 1024)
  0x00000223b495ed60: 1cfa 0607 

  0x00000223b495ed64: ;   {other}
  0x00000223b495ed64: 0f1f 8400 | 5447 003d | 488b 8424 | 4801 0000 

  0x00000223b495ed74: ;   {metadata(method data for {method} {0x000002240a67a218} 'dispatchEvent' '(Ljava/lang/Object;Ljava/lang/Object;ILjava/lang/Object;)V' in 'org/eclipse/osgi/internal/framework/BundleContextImpl')}
  0x00000223b495ed74: 48ba f012 | 8a0a 2402 | 0000 8b40 | 0849 ba00 | 0000 c823 | 0200 0049 | 03c2 483b | 8270 0d00 
  0x00000223b495ed94: 0075 0d48 | 8382 780d | 0000 01e9 | 6000 0000 | 483b 8280 | 0d00 0075 | 0d48 8382 | 880d 0000 
  0x00000223b495edb4: 01e9 4a00 | 0000 4883 | ba70 0d00 | 0000 7517 | 4889 8270 | 0d00 0048 | c782 780d | 0000 0100 
  0x00000223b495edd4: 0000 e929 | 0000 0048 | 83ba 800d | 0000 0075 | 1748 8982 | 800d 0000 | 48c7 8288 | 0d00 0001 
  0x00000223b495edf4: 0000 00e9 | 0800 0000 | 4883 8260 | 0d00 0001 | 488b 9424 | 4801 0000 | 9048 b8ff | ffff ffff 
  0x00000223b495ee14: ;   {virtual_call}
  0x00000223b495ee14: ffff ffe8 

  0x00000223b495ee18: ; ImmutableOopMap {[128]=Oop [152]=Oop [176]=Oop [328]=Oop [336]=Oop [344]=Oop }
                      ;*invokevirtual getMessage {reexecute=0 rethrow=0 return_oop=0}
                      ; - org.eclipse.osgi.internal.framework.BundleContextImpl::dispatchEvent@453 (line 1024)
  0x00000223b495ee18: 64fc 0607 

  0x00000223b495ee1c: ;   {other}
  0x00000223b495ee1c: 0f1f 8400 | 0c48 003e | 4c8b 8424 | 5001 0000 

  0x00000223b495ee2c: ;   {metadata(method data for {method} {0x000002240a67a218} 'dispatchEvent' '(Ljava/lang/Object;Ljava/lang/Object;ILjava/lang/Object;)V' in 'org/eclipse/osgi/internal/framework/BundleContextImpl')}
  0x00000223b495ee2c: 48ba f012 | 8a0a 2402 | 0000 4883 | 8298 0d00 

  0x00000223b495ee3c: ;   {metadata(method data for {method} {0x00000223c8461ae8} 'append' '(Ljava/lang/String;)Ljava/lang/StringBuilder;' in 'java/lang/StringBuilder')}
  0x00000223b495ee3c: 0001 49b8 | d0b1 000a | 2402 0000 | 418b 90cc | 0000 0083 | c202 4189 | 90cc 0000 | 0081 e2fe 
  0x00000223b495ee5c: ff1f 0085 | d20f 84ad | 1700 004c | 8b84 2450 

  0x00000223b495ee6c: ;   {metadata(method data for {method} {0x00000223c8461ae8} 'append' '(Ljava/lang/String;)Ljava/lang/StringBuilder;' in 'java/lang/StringBuilder')}
  0x00000223b495ee6c: 0100 0048 | bad0 b100 | 0a24 0200 | 0048 8382 | 1001 0000 | 014c 8bc0 | 488b 9424 | 5001 0000 
  0x00000223b495ee8c: ;   {optimized virtual_call}
  0x00000223b495ee8c: 6666 90e8 

  0x00000223b495ee90: ; ImmutableOopMap {[128]=Oop [152]=Oop [176]=Oop [328]=Oop [336]=Oop [344]=Oop }
                      ;*invokespecial append {reexecute=0 rethrow=0 return_oop=0}
                      ; - java.lang.StringBuilder::append@2
                      ; - org.eclipse.osgi.internal.framework.BundleContextImpl::dispatchEvent@456 (line 1024)
  0x00000223b495ee90: ecf8 0607 

  0x00000223b495ee94: ;   {other}
  0x00000223b495ee94: 0f1f 8400 | 8448 003f | 488b 8424 | 5001 0000 

  0x00000223b495eea4: ;   {metadata(method data for {method} {0x000002240a67a218} 'dispatchEvent' '(Ljava/lang/Object;Ljava/lang/Object;ILjava/lang/Object;)V' in 'org/eclipse/osgi/internal/framework/BundleContextImpl')}
  0x00000223b495eea4: 48ba f012 | 8a0a 2402 | 0000 4883 | 82d0 0d00 

  0x00000223b495eeb4: ;   {metadata(method data for {method} {0x00000223c8008958} 'toString' '()Ljava/lang/String;' in 'java/lang/StringBuilder')}
  0x00000223b495eeb4: 0001 48ba | f8b8 000a | 2402 0000 | 8bb2 cc00 | 0000 83c6 | 0289 b2cc | 0000 0081 | e6fe ff1f 
  0x00000223b495eed4: 0085 f60f | 8458 1700 

  0x00000223b495eedc: ;   {metadata('java/lang/String')}
  0x00000223b495eedc: 0048 ba78 | e800 c823 | 0200 0049 | 8b87 b801 | 0000 488d | 7818 493b | bfc8 0100 | 000f 8757 
  0x00000223b495eefc: 1700 0049 | 89bf b801 | 0000 48c7 | 0001 0000 | 0048 8bca | 49ba 0000 | 00c8 2302 | 0000 492b 
  0x00000223b495ef1c: ca89 4808 | 4833 c989 | 480c 4833 | c948 8948 | 104c 8bc0 

  0x00000223b495ef30: ;   {metadata(method data for {method} {0x00000223c8008958} 'toString' '()Ljava/lang/String;' in 'java/lang/StringBuilder')}
  0x00000223b495ef30: 49b9 f8b8 | 000a 2402 | 0000 4983 | 8110 0100 

  0x00000223b495ef40: ;   {metadata(method data for {method} {0x00000223c8455dd8} '<init>' '(Ljava/lang/StringBuilder;)V' in 'java/lang/String')}
  0x00000223b495ef40: 0001 49b8 | 40ba 000a | 2402 0000 | 458b 88cc | 0000 0041 | 83c1 0245 | 8988 cc00 | 0000 4181 
  0x00000223b495ef60: e1fe ff1f | 0045 85c9 | 0f84 f516 | 0000 4c8b 

  0x00000223b495ef70: ;   {metadata(method data for {method} {0x00000223c8455dd8} '<init>' '(Ljava/lang/StringBuilder;)V' in 'java/lang/String')}
  0x00000223b495ef70: c049 b940 | ba00 0a24 | 0200 0049 | 8381 1001 | 0000 014c | 8b84 2450 

  0x00000223b495ef88: ;   {oop(nullptr)}
  0x00000223b495ef88: 0100 0049 | b900 0000 | 0000 0000 | 0048 8bd0 | 4889 8424 | 6001 0000 | 0f1f 8000 

  0x00000223b495efa4: ;   {optimized virtual_call}
  0x00000223b495efa4: 0000 00e8 

  0x00000223b495efa8: ; ImmutableOopMap {[128]=Oop [152]=Oop [176]=Oop [328]=Oop [344]=Oop [352]=Oop }
                      ;*invokespecial <init> {reexecute=0 rethrow=0 return_oop=0}
                      ; - java.lang.String::<init>@3
                      ; - java.lang.StringBuilder::toString@5
                      ; - org.eclipse.osgi.internal.framework.BundleContextImpl::dispatchEvent@459 (line 1024)
  0x00000223b495efa8: d4f7 0607 

  0x00000223b495efac: ;   {other}
  0x00000223b495efac: 0f1f 8400 | 9c49 0040 | 488b 9c24 | 5801 0000 

  0x00000223b495efbc: ;   {metadata(method data for {method} {0x000002240a67a218} 'dispatchEvent' '(Ljava/lang/Object;Ljava/lang/Object;ILjava/lang/Object;)V' in 'org/eclipse/osgi/internal/framework/BundleContextImpl')}
  0x00000223b495efbc: 49b8 f012 | 8a0a 2402 

  0x00000223b495efc4: ;   {metadata('org/eclipse/osgi/internal/debug/Debug')}
  0x00000223b495efc4: 0000 49ba | 8009 09c9 | 2302 0000 | 4d89 9018 | 0e00 0049 | 8380 200e 

  0x00000223b495efdc: ;   {metadata(method data for {method} {0x000002240a4e53d0} 'trace' '(Ljava/lang/String;Ljava/lang/String;)V' in 'org/eclipse/osgi/internal/debug/Debug')}
  0x00000223b495efdc: 0000 0149 | b858 a083 | 0a24 0200 | 0045 8b88 | cc00 0000 | 4183 c102 | 4589 88cc | 0000 0041 
  0x00000223b495effc: 81e1 feff | 1f00 4585 | c90f 8479 | 1600 0048 | 8b9c 2458 | 0100 008b | 5324 4885 

  0x00000223b495f018: ;   {metadata(method data for {method} {0x000002240a4e53d0} 'trace' '(Ljava/lang/String;Ljava/lang/String;)V' in 'org/eclipse/osgi/internal/debug/Debug')}
  0x00000223b495f018: d249 b858 | a083 0a24 | 0200 0049 | c7c1 1001 | 0000 7407 | 49c7 c120 | 0100 004b | 8b34 0848 
  0x00000223b495f038: 8d76 014b | 8934 080f | 84fd 0200 | 0048 85d2 | 0f84 2900 

  0x00000223b495f04c: ;   {metadata('org/eclipse/osgi/internal/log/ExtendedLogServiceImpl')}
  0x00000223b495f04c: 0000 48bf | 4056 09c9 | 2302 0000 | 8b72 0849 | ba00 0000 | c823 0200 | 0049 03f2 | 483b 7e38 
  0x00000223b495f06c: 0f85 3316 | 0000 e900 | 0000 004c | 8bc2 483b | 024c 8bc2 

  0x00000223b495f080: ;   {metadata(method data for {method} {0x000002240a4e53d0} 'trace' '(Ljava/lang/String;Ljava/lang/String;)V' in 'org/eclipse/osgi/internal/debug/Debug')}
  0x00000223b495f080: 49b9 58a0 | 830a 2402 

  0x00000223b495f088: ;   {metadata('org/eclipse/osgi/internal/log/ExtendedLogServiceImpl')}
  0x00000223b495f088: 0000 49ba | 4056 09c9 | 2302 0000 | 4d89 9140 | 0100 0049 | 8381 4801 

  0x00000223b495f0a0: ;   {metadata(method data for {method} {0x000002240a50ca80} 'getLogger' '(Ljava/lang/String;)Lorg/osgi/service/log/Logger;' in 'org/eclipse/osgi/internal/log/ExtendedLogServiceImpl')}
  0x00000223b495f0a0: 0000 0149 | b898 a283 | 0a24 0200 | 0045 8b88 | cc00 0000 | 4183 c102 | 4589 88cc | 0000 0041 
  0x00000223b495f0c0: 81e1 feff | 1f00 4585 | c90f 84e0 | 1500 004c 

  0x00000223b495f0d0: ;   {metadata(method data for {method} {0x000002240a50ca80} 'getLogger' '(Ljava/lang/String;)Lorg/osgi/service/log/Logger;' in 'org/eclipse/osgi/internal/log/ExtendedLogServiceImpl')}
  0x00000223b495f0d0: 8bc2 49b9 | 98a2 830a | 2402 0000 

  0x00000223b495f0dc: ;   {metadata('org/eclipse/osgi/internal/log/ExtendedLogServiceImpl')}
  0x00000223b495f0dc: 49ba 4056 | 09c9 2302 | 0000 4d89 | 9120 0100 | 0049 8381 | 2801 0000 

  0x00000223b495f0f4: ;   {metadata(method data for {method} {0x000002240a50a308} 'getLogger' '(Ljava/lang/String;)Lorg/eclipse/equinox/log/Logger;' in 'org/eclipse/osgi/internal/log/ExtendedLogServiceImpl')}
  0x00000223b495f0f4: 0149 b828 | a483 0a24 | 0200 0045 | 8b88 cc00 | 0000 4183 | c102 4589 | 88cc 0000 | 0041 81e1 
  0x00000223b495f114: feff 1f00 | 4585 c90f | 84af 1500 | 004c 8bc2 

  0x00000223b495f124: ;   {metadata(method data for {method} {0x000002240a50a308} 'getLogger' '(Ljava/lang/String;)Lorg/eclipse/equinox/log/Logger;' in 'org/eclipse/osgi/internal/log/ExtendedLogServiceImpl')}
  0x00000223b495f124: 49b9 28a4 | 830a 2402 

  0x00000223b495f12c: ;   {metadata('org/eclipse/osgi/internal/log/ExtendedLogServiceImpl')}
  0x00000223b495f12c: 0000 49ba | 4056 09c9 | 2302 0000 | 4d89 9120 | 0100 0049 | 8381 2801 

  0x00000223b495f144: ;   {oop("org.eclipse.osgi/debug/events"{0x00000000803e7958})}
  0x00000223b495f144: 0000 0149 | b858 793e | 8000 0000 

  0x00000223b495f150: ;   {oop(a 'java/lang/Class'{0x00000000805e0f98} = 'org/osgi/service/log/Logger')}
  0x00000223b495f150: 0049 b998 | 0f5e 8000 | 0000 000f 

  0x00000223b495f15c: ;   {optimized virtual_call}
  0x00000223b495f15c: 1f40 00e8 

  0x00000223b495f160: ; ImmutableOopMap {[128]=Oop [152]=Oop [176]=Oop [328]=Oop [352]=Oop }
                      ;*invokevirtual getLogger {reexecute=0 rethrow=0 return_oop=0}
                      ; - org.eclipse.osgi.internal.log.ExtendedLogServiceImpl::getLogger@4 (line 73)
                      ; - org.eclipse.osgi.internal.log.ExtendedLogServiceImpl::getLogger@2 (line 1)
                      ; - org.eclipse.osgi.internal.debug.Debug::trace@11 (line 265)
                      ; - org.eclipse.osgi.internal.framework.BundleContextImpl::dispatchEvent@462 (line 1024)
  0x00000223b495f160: 1cf6 0607 

  0x00000223b495f164: ;   {other}
  0x00000223b495f164: 0f1f 8400 | 544b 0041 | 4885 c075 

  0x00000223b495f170: ;   {metadata(method data for {method} {0x000002240a50a308} 'getLogger' '(Ljava/lang/String;)Lorg/eclipse/equinox/log/Logger;' in 'org/eclipse/osgi/internal/log/ExtendedLogServiceImpl')}
  0x00000223b495f170: 1648 be28 | a483 0a24 | 0200 0080 | 8e41 0100 | 0001 e9e7 

  0x00000223b495f184: ;   {metadata('org/eclipse/equinox/log/Logger')}
  0x00000223b495f184: 0000 0048 | bff8 2909 | c923 0200 | 008b 7008 | 49ba 0000 | 00c8 2302 | 0000 4903 | f248 3b7e 
  0x00000223b495f1a4: 200f 841a | 0000 0048 | 3bf7 0f84 | 1100 0000 

  0x00000223b495f1b4: ;   {runtime_call slow_subtype_check Runtime1 stub}
  0x00000223b495f1b4: 5657 e8c5 | 4312 075e | 5e85 f60f | 848d 0000 

  0x00000223b495f1c4: ;   {metadata(method data for {method} {0x000002240a50a308} 'getLogger' '(Ljava/lang/String;)Lorg/eclipse/equinox/log/Logger;' in 'org/eclipse/osgi/internal/log/ExtendedLogServiceImpl')}
  0x00000223b495f1c4: 0048 be28 | a483 0a24 | 0200 008b | 7808 49ba | 0000 00c8 | 2302 0000 | 4903 fa48 | 3bbe 5801 
  0x00000223b495f1e4: 0000 750d | 4883 8660 | 0100 0001 | e979 0000 | 0048 3bbe | 6801 0000 | 750d 4883 | 8670 0100 
  0x00000223b495f204: 0001 e963 | 0000 0048 | 83be 5801 | 0000 0075 | 1748 89be | 5801 0000 | 48c7 8660 | 0100 0001 
  0x00000223b495f224: 0000 00e9 | 4200 0000 | 4883 be68 | 0100 0000 | 7517 4889 | be68 0100 | 0048 c786 | 7001 0000 
  0x00000223b495f244: 0100 0000 | e921 0000 | 00e9 1c00 

  0x00000223b495f250: ;   {metadata(method data for {method} {0x000002240a50a308} 'getLogger' '(Ljava/lang/String;)Lorg/eclipse/equinox/log/Logger;' in 'org/eclipse/osgi/internal/log/ExtendedLogServiceImpl')}
  0x00000223b495f250: 0000 48be | 28a4 830a | 2402 0000 | 4883 ae48 | 0100 0001 | e988 1400 | 00e9 0000 | 0000 488b 
  0x00000223b495f270: d048 3b02 

  0x00000223b495f274: ;   {metadata(method data for {method} {0x000002240a4e53d0} 'trace' '(Ljava/lang/String;Ljava/lang/String;)V' in 'org/eclipse/osgi/internal/debug/Debug')}
  0x00000223b495f274: 4c8b c248 | be58 a083 | 0a24 0200 | 0045 8b40 | 0849 ba00 | 0000 c823 | 0200 004d | 03c2 4c3b 
  0x00000223b495f294: 8678 0100 | 0075 0d48 | 8386 8001 | 0000 01e9 | 6000 0000 | 4c3b 8688 | 0100 0075 | 0d48 8386 
  0x00000223b495f2b4: 9001 0000 | 01e9 4a00 | 0000 4883 | be78 0100 | 0000 7517 | 4c89 8678 | 0100 0048 | c786 8001 
  0x00000223b495f2d4: 0000 0100 | 0000 e929 | 0000 0048 | 83be 8801 | 0000 0075 | 174c 8986 | 8801 0000 | 48c7 8690 
  0x00000223b495f2f4: 0100 0001 | 0000 00e9 | 0800 0000 | 4883 8668 | 0100 0001 | 4c8b 8424 | 6001 0000 | 0f1f 4400 
  0x00000223b495f314: 0048 b8ff | ffff ffff 

  0x00000223b495f31c: ;   {virtual_call}
  0x00000223b495f31c: ffff ffe8 

  0x00000223b495f320: ; ImmutableOopMap {[128]=Oop [152]=Oop [176]=Oop [328]=Oop }
                      ;*invokeinterface debug {reexecute=0 rethrow=0 return_oop=0}
                      ; - org.eclipse.osgi.internal.debug.Debug::trace@17 (line 265)
                      ; - org.eclipse.osgi.internal.framework.BundleContextImpl::dispatchEvent@462 (line 1024)
  0x00000223b495f320: 5cf7 0607 

  0x00000223b495f324: ;   {other}
  0x00000223b495f324: 0f1f 8400 | 144d 0042 

  0x00000223b495f32c: ;   {metadata(method data for {method} {0x000002240a4e53d0} 'trace' '(Ljava/lang/String;Ljava/lang/String;)V' in 'org/eclipse/osgi/internal/debug/Debug')}
  0x00000223b495f32c: 49b8 58a0 | 830a 2402 | 0000 41ff | 80a0 0100 | 00e9 5200 | 0000 488b | 8424 6001 

  0x00000223b495f348: ;   {oop(a 'java/lang/Class'{0x00000000805de648} = 'org/eclipse/osgi/internal/debug/Debug')}
  0x00000223b495f348: 0000 49b8 | 48e6 5d80 | 0000 0000 | 418b 90d0 | 0000 0048 | 3b02 4c8b 

  0x00000223b495f360: ;   {metadata(method data for {method} {0x000002240a4e53d0} 'trace' '(Ljava/lang/String;Ljava/lang/String;)V' in 'org/eclipse/osgi/internal/debug/Debug')}
  0x00000223b495f360: c248 be58 | a083 0a24 

  0x00000223b495f368: ;   {metadata('java/io/PrintStream')}
  0x00000223b495f368: 0200 0049 | bac8 a300 | c823 0200 | 004c 8996 | c801 0000 | 4883 86d0 | 0100 0001 

  0x00000223b495f384: ;   {optimized virtual_call}
  0x00000223b495f384: 4c8b c0e8 

  0x00000223b495f388: ; ImmutableOopMap {[128]=Oop [152]=Oop [176]=Oop [328]=Oop }
                      ;*invokevirtual println {reexecute=0 rethrow=0 return_oop=0}
                      ; - org.eclipse.osgi.internal.debug.Debug::trace@29 (line 267)
                      ; - org.eclipse.osgi.internal.framework.BundleContextImpl::dispatchEvent@462 (line 1024)
  0x00000223b495f388: f4f3 0607 

  0x00000223b495f38c: ;   {other}
  0x00000223b495f38c: 0f1f 8400 | 7c4d 0043 | 488b 9424 | 8000 0000 | 8b72 1848 | 3b06 4c8b 

  0x00000223b495f3a4: ;   {metadata(method data for {method} {0x000002240a67a218} 'dispatchEvent' '(Ljava/lang/Object;Ljava/lang/Object;ILjava/lang/Object;)V' in 'org/eclipse/osgi/internal/framework/BundleContextImpl')}
  0x00000223b495f3a4: c649 b9f0 | 128a 0a24 

  0x00000223b495f3ac: ;   {metadata('org/eclipse/osgi/internal/debug/Debug')}
  0x00000223b495f3ac: 0200 0049 | ba80 0909 | c923 0200 | 004d 8991 | 500e 0000 | 4983 8158 | 0e00 0001 

  0x00000223b495f3c8: ;   {oop("org.eclipse.osgi/debug/events"{0x00000000803e7958})}
  0x00000223b495f3c8: 49b8 5879 | 3e80 0000 | 0000 4c8b | 8c24 4801 | 0000 488b 

  0x00000223b495f3dc: ;   {optimized virtual_call}
  0x00000223b495f3dc: d666 90e8 

  0x00000223b495f3e0: ; ImmutableOopMap {[128]=Oop [152]=Oop [176]=Oop [328]=Oop }
                      ;*invokevirtual traceThrowable {reexecute=0 rethrow=0 return_oop=0}
                      ; - org.eclipse.osgi.internal.framework.BundleContextImpl::dispatchEvent@474 (line 1028)
  0x00000223b495f3e0: 9cf3 0607 

  0x00000223b495f3e4: ;   {other}
  0x00000223b495f3e4: 0f1f 8400 | d44d 0044 | 8bbc 2488 | 0000 0083 

  0x00000223b495f3f4: ;   {metadata(method data for {method} {0x000002240a67a218} 'dispatchEvent' '(Ljava/lang/Object;Ljava/lang/Object;ILjava/lang/Object;)V' in 'org/eclipse/osgi/internal/framework/BundleContextImpl')}
  0x00000223b495f3f4: ff04 48b8 | f012 8a0a | 2402 0000 | 49c7 c078 | 0e00 0075 | 0749 c7c0 | 880e 0000 | 4e8b 0c00 
  0x00000223b495f414: 4d8d 4901 | 4e89 0c00 | 0f85 4f01 | 0000 488b | b424 9800 | 0000 4885 

  0x00000223b495f42c: ;   {metadata(method data for {method} {0x000002240a67a218} 'dispatchEvent' '(Ljava/lang/Object;Ljava/lang/Object;ILjava/lang/Object;)V' in 'org/eclipse/osgi/internal/framework/BundleContextImpl')}
  0x00000223b495f42c: f675 1749 | b9f0 128a | 0a24 0200 | 0041 8089 | 910e 0000 | 01e9 cd00 

  0x00000223b495f444: ;   {metadata('org/osgi/framework/FrameworkEvent')}
  0x00000223b495f444: 0000 48bf | 401a 12c9 | 2302 0000 | 448b 4608 | 49ba 0000 | 00c8 2302 | 0000 4d03 | c249 3bf8 
  0x00000223b495f464: 0f85 8d00 

  0x00000223b495f468: ;   {metadata(method data for {method} {0x000002240a67a218} 'dispatchEvent' '(Ljava/lang/Object;Ljava/lang/Object;ILjava/lang/Object;)V' in 'org/eclipse/osgi/internal/framework/BundleContextImpl')}
  0x00000223b495f468: 0000 49b9 | f012 8a0a | 2402 0000 | 8b7e 0849 | ba00 0000 | c823 0200 | 0049 03fa | 493b b9a8 
  0x00000223b495f488: 0e00 0075 | 0d49 8381 | b00e 0000 | 01e9 7900 | 0000 493b | b9b8 0e00 | 0075 0d49 | 8381 c00e 
  0x00000223b495f4a8: 0000 01e9 | 6300 0000 | 4983 b9a8 | 0e00 0000 | 7517 4989 | b9a8 0e00 | 0049 c781 | b00e 0000 
  0x00000223b495f4c8: 0100 0000 | e942 0000 | 0049 83b9 | b80e 0000 | 0075 1749 | 89b9 b80e | 0000 49c7 | 81c0 0e00 
  0x00000223b495f4e8: 0001 0000 | 00e9 2100 | 0000 e91c 

  0x00000223b495f4f4: ;   {metadata(method data for {method} {0x000002240a67a218} 'dispatchEvent' '(Ljava/lang/Object;Ljava/lang/Object;ILjava/lang/Object;)V' in 'org/eclipse/osgi/internal/framework/BundleContextImpl')}
  0x00000223b495f4f4: 0000 0049 | b9f0 128a | 0a24 0200 | 0049 83a9 | 980e 0000 | 01e9 fb11 | 0000 e900 | 0000 0048 
  0x00000223b495f514: 8bc6 483b | 004c 8bc0 

  0x00000223b495f51c: ;   {metadata(method data for {method} {0x000002240a67a218} 'dispatchEvent' '(Ljava/lang/Object;Ljava/lang/Object;ILjava/lang/Object;)V' in 'org/eclipse/osgi/internal/framework/BundleContextImpl')}
  0x00000223b495f51c: 49b9 f012 | 8a0a 2402 

  0x00000223b495f524: ;   {metadata('org/osgi/framework/FrameworkEvent')}
  0x00000223b495f524: 0000 49ba | 401a 12c9 | 2302 0000 | 4d89 91e0 | 0e00 0049 | 8381 e80e | 0000 018b | 4010 83f8 
  0x00000223b495f544: ;   {metadata(method data for {method} {0x000002240a67a218} 'dispatchEvent' '(Ljava/lang/Object;Ljava/lang/Object;ILjava/lang/Object;)V' in 'org/eclipse/osgi/internal/framework/BundleContextImpl')}
  0x00000223b495f544: 0248 b8f0 | 128a 0a24 | 0200 0049 | c7c0 080f | 0000 7407 | 49c7 c018 | 0f00 004e | 8b0c 004d 
  0x00000223b495f564: 8d49 014e | 890c 000f | 841b 0100 | 0048 8bb4 | 2480 0000 | 0044 8b46 | 1449 3b00 

  0x00000223b495f580: ;   {metadata(method data for {method} {0x000002240a67a218} 'dispatchEvent' '(Ljava/lang/Object;Ljava/lang/Object;ILjava/lang/Object;)V' in 'org/eclipse/osgi/internal/framework/BundleContextImpl')}
  0x00000223b495f580: 498b c049 | b9f0 128a | 0a24 0200 

  0x00000223b495f58c: ;   {metadata('org/eclipse/osgi/internal/framework/EquinoxContainer')}
  0x00000223b495f58c: 0049 ba00 | b008 c923 | 0200 004d | 8991 380f | 0000 4983 | 8140 0f00 

  0x00000223b495f5a4: ;   {metadata(method data for {method} {0x000002240a4a2328} 'getEventPublisher' '()Lorg/eclipse/osgi/internal/framework/EquinoxEventPublisher;' in 'org/eclipse/osgi/internal/framework/EquinoxContainer')}
  0x00000223b495f5a4: 0001 48b8 | d828 8a0a | 2402 0000 | 448b 88cc | 0000 0041 | 83c1 0244 | 8988 cc00 | 0000 4181 
  0x00000223b495f5c4: e1fe ff1f | 0045 85c9 | 0f84 4a11 | 0000 458b | 482c 488d | bc24 7001 | 0000 4c89 | 4f08 498b 
  0x00000223b495f5e4: 0148 83c8 | 0148 8907 | f049 0fb1 | 390f 8412 | 0000 0048 | 2bc4 4825 | 07f0 ffff | 4889 070f 
  0x00000223b495f604: 8539 1100 | 0049 ff87 | 5005 0000 | 418b 5028 | 488d 8424 | 7001 0000 | 4c8b 004d | 85c0 0f84 
  0x00000223b495f624: 0f00 0000 | 4c8b 4808 | f04d 0fb1 | 010f 851e | 1100 0049 | ff8f 5005 | 0000 448b | 4e10 483b 
  0x00000223b495f644: 024c 8bc2 

  0x00000223b495f648: ;   {metadata(method data for {method} {0x000002240a67a218} 'dispatchEvent' '(Ljava/lang/Object;Ljava/lang/Object;ILjava/lang/Object;)V' in 'org/eclipse/osgi/internal/framework/BundleContextImpl')}
  0x00000223b495f648: 48bf f012 | 8a0a 2402 

  0x00000223b495f650: ;   {metadata('org/eclipse/osgi/internal/framework/EquinoxEventPublisher')}
  0x00000223b495f650: 0000 49ba | 3034 0bc9 | 2302 0000 | 4c89 9770 | 0f00 0048 | 8387 780f | 0000 0141 | b802 0000 
  0x00000223b495f670: 0048 8bbc | 2448 0100 | 0066 0f1f 

  0x00000223b495f67c: ;   {optimized virtual_call}
  0x00000223b495f67c: 4400 00e8 

  0x00000223b495f680: ; ImmutableOopMap {[176]=Oop }
                      ;*invokevirtual publishFrameworkEvent {reexecute=0 rethrow=0 return_oop=0}
                      ; - org.eclipse.osgi.internal.framework.BundleContextImpl::dispatchEvent@508 (line 1035)
  0x00000223b495f680: fcf0 0607 

  0x00000223b495f684: ;   {other}
  0x00000223b495f684: 0f1f 8400 | 7450 0045 | 488b bc24 | b000 0000 

  0x00000223b495f694: ;   {oop(a 'java/lang/Boolean'{0x0000000080001058} = false)}
  0x00000223b495f694: 49ba 5810 | 0080 0000 | 0000 493b 

  0x00000223b495f6a0: ;   {metadata(method data for {method} {0x000002240a67a218} 'dispatchEvent' '(Ljava/lang/Object;Ljava/lang/Object;ILjava/lang/Object;)V' in 'org/eclipse/osgi/internal/framework/BundleContextImpl')}
  0x00000223b495f6a0: fa49 b8f0 | 128a 0a24 | 0200 0048 | c7c2 980f | 0000 7407 | 48c7 c2a8 | 0f00 0049 | 8b34 1048 
  0x00000223b495f6c0: 8d76 0149 | 8934 100f | 84c7 0100 

  0x00000223b495f6cc: ;   {metadata(method data for {method} {0x000002240a67a218} 'dispatchEvent' '(Ljava/lang/Object;Ljava/lang/Object;ILjava/lang/Object;)V' in 'org/eclipse/osgi/internal/framework/BundleContextImpl')}
  0x00000223b495f6cc: 0049 b8f0 | 128a 0a24 | 0200 0049 | 8380 b80f | 0000 0148 | 85ff 7516 

  0x00000223b495f6e4: ;   {metadata(method data for {method} {0x000002240a67a218} 'dispatchEvent' '(Ljava/lang/Object;Ljava/lang/Object;ILjava/lang/Object;)V' in 'org/eclipse/osgi/internal/framework/BundleContextImpl')}
  0x00000223b495f6e4: 48be f012 | 8a0a 2402 | 0000 808e | c10f 0000 | 01e9 ce00 

  0x00000223b495f6f8: ;   {metadata('java/lang/ClassLoader')}
  0x00000223b495f6f8: 0000 49b8 | 4040 01c8 | 2302 0000 | 8b77 0849 | ba00 0000 | c823 0200 | 0049 03f2 | 4c3b 4638 
  0x00000223b495f718: 0f85 8e00 

  0x00000223b495f71c: ;   {metadata(method data for {method} {0x000002240a67a218} 'dispatchEvent' '(Ljava/lang/Object;Ljava/lang/Object;ILjava/lang/Object;)V' in 'org/eclipse/osgi/internal/framework/BundleContextImpl')}
  0x00000223b495f71c: 0000 48be | f012 8a0a | 2402 0000 | 448b 4708 | 49ba 0000 | 00c8 2302 | 0000 4d03 | c24c 3b86 
  0x00000223b495f73c: d80f 0000 | 750d 4883 | 86e0 0f00 | 0001 e979 | 0000 004c | 3b86 e80f | 0000 750d | 4883 86f0 
  0x00000223b495f75c: 0f00 0001 | e963 0000 | 0048 83be | d80f 0000 | 0075 174c | 8986 d80f | 0000 48c7 | 86e0 0f00 
  0x00000223b495f77c: 0001 0000 | 00e9 4200 | 0000 4883 | bee8 0f00 | 0000 7517 | 4c89 86e8 | 0f00 0048 | c786 f00f 
  0x00000223b495f79c: 0000 0100 | 0000 e921 | 0000 00e9 | 1c00 0000 

  0x00000223b495f7ac: ;   {metadata(method data for {method} {0x000002240a67a218} 'dispatchEvent' '(Ljava/lang/Object;Ljava/lang/Object;ILjava/lang/Object;)V' in 'org/eclipse/osgi/internal/framework/BundleContextImpl')}
  0x00000223b495f7ac: 48be f012 | 8a0a 2402 | 0000 4883 | aec8 0f00 | 0001 e9ad | 0f00 00e9 | 0000 0000 | 4c8b c749 
  0x00000223b495f7cc: 8b97 8803 | 0000 488b | 1248 3b02 

  0x00000223b495f7d8: ;   {metadata(method data for {method} {0x000002240a67a218} 'dispatchEvent' '(Ljava/lang/Object;Ljava/lang/Object;ILjava/lang/Object;)V' in 'org/eclipse/osgi/internal/framework/BundleContextImpl')}
  0x00000223b495f7d8: 488b f248 | bff0 128a | 0a24 0200 | 008b 7608 | 49ba 0000 | 00c8 2302 | 0000 4903 | f248 3bb7 
  0x00000223b495f7f8: 1010 0000 | 750d 4883 | 8718 1000 | 0001 e960 | 0000 0048 | 3bb7 2010 | 0000 750d | 4883 8728 
  0x00000223b495f818: 1000 0001 | e94a 0000 | 0048 83bf | 1010 0000 | 0075 1748 | 89b7 1010 | 0000 48c7 | 8718 1000 
  0x00000223b495f838: 0001 0000 | 00e9 2900 | 0000 4883 | bf20 1000 | 0000 7517 | 4889 b720 | 1000 0048 | c787 2810 
  0x00000223b495f858: 0000 0100 | 0000 e908 | 0000 0048 | 8387 0010 | 0000 0166 | 9048 b8ff | ffff ffff 

  0x00000223b495f874: ;   {virtual_call}
  0x00000223b495f874: ffff ffe8 

  0x00000223b495f878: ; ImmutableOopMap {}
                      ;*invokevirtual setContextClassLoader {reexecute=0 rethrow=0 return_oop=0}
                      ; - org.eclipse.osgi.internal.framework.BundleContextImpl::dispatchEvent@527 (line 1039)
  0x00000223b495f878: 04f2 0607 

  0x00000223b495f87c: ;   {other}
  0x00000223b495f87c: 0f1f 8400 | 6c52 0046 

  0x00000223b495f884: ;   {metadata(method data for {method} {0x000002240a67a218} 'dispatchEvent' '(Ljava/lang/Object;Ljava/lang/Object;ILjava/lang/Object;)V' in 'org/eclipse/osgi/internal/framework/BundleContextImpl')}
  0x00000223b495f884: 48b8 f012 | 8a0a 2402 | 0000 ff80 | 3810 0000 | 4881 c490 | 0100 005d 

  0x00000223b495f89c: ;   {poll_return}
  0x00000223b495f89c: 493b a750 | 0400 000f | 87d5 0e00 | 00c3 488b | bc24 b000 | 0000 488b | b424 8000 | 0000 498b 
  0x00000223b495f8bc: 8700 0500 | 004d 33d2 | 4d89 9700 | 0500 004d | 33d2 4d89 | 9708 0500 | 0048 8bd0 | 488d 8424 
  0x00000223b495f8dc: 7001 0000 | 4c8b 004d | 85c0 0f84 | 0f00 0000 | 488b 5808 | f04c 0fb1 | 030f 8599 | 0e00 0049 
  0x00000223b495f8fc: ff8f 5005 | 0000 4c8b | 8424 4801 | 0000 488b 

  0x00000223b495f90c: ; ImmutableOopMap {rdi=Oop rsi=Oop r8=Oop rax=Oop [128]=Oop [176]=Oop }
                      ;*athrow {reexecute=1 rethrow=0 return_oop=0}
                      ; - (reexecute) org.eclipse.osgi.internal.framework.EquinoxContainer::getEventPublisher@16 (line 275)
                      ; - org.eclipse.osgi.internal.framework.BundleContextImpl::dispatchEvent@498 (line 1035)
                      ;   {section_word}
  0x00000223b495f90c: c248 ba0d | f995 b423 

  0x00000223b495f914: ;   {runtime_call handle_exception_nofpu Runtime1 stub}
  0x00000223b495f914: 0200 00e8 | e40e 0907 | 9048 8bbc | 24b0 0000 | 0049 8b87 | 0005 0000 | 4d33 d24d | 8997 0005 
  0x00000223b495f934: 0000 4d33 | d24d 8997 | 0805 0000 

  0x00000223b495f940: ;   {oop(a 'java/lang/Boolean'{0x0000000080001058} = false)}
  0x00000223b495f940: 49ba 5810 | 0080 0000 | 0000 493b 

  0x00000223b495f94c: ;   {metadata(method data for {method} {0x000002240a67a218} 'dispatchEvent' '(Ljava/lang/Object;Ljava/lang/Object;ILjava/lang/Object;)V' in 'org/eclipse/osgi/internal/framework/BundleContextImpl')}
  0x00000223b495f94c: fa49 b8f0 | 128a 0a24 | 0200 0048 | c7c2 5010 | 0000 7407 | 48c7 c260 | 1000 0049 | 8b34 1048 
  0x00000223b495f96c: 8d76 0149 | 8934 100f | 84cb 0100 | 0048 8984 | 2468 0100 

  0x00000223b495f980: ;   {metadata(method data for {method} {0x000002240a67a218} 'dispatchEvent' '(Ljava/lang/Object;Ljava/lang/Object;ILjava/lang/Object;)V' in 'org/eclipse/osgi/internal/framework/BundleContextImpl')}
  0x00000223b495f980: 0049 b8f0 | 128a 0a24 | 0200 0049 | 8380 7010 | 0000 0148 | 85ff 7516 

  0x00000223b495f998: ;   {metadata(method data for {method} {0x000002240a67a218} 'dispatchEvent' '(Ljava/lang/Object;Ljava/lang/Object;ILjava/lang/Object;)V' in 'org/eclipse/osgi/internal/framework/BundleContextImpl')}
  0x00000223b495f998: 48be f012 | 8a0a 2402 | 0000 808e | 7910 0000 | 01e9 ce00 

  0x00000223b495f9ac: ;   {metadata('java/lang/ClassLoader')}
  0x00000223b495f9ac: 0000 49b8 | 4040 01c8 | 2302 0000 | 8b77 0849 | ba00 0000 | c823 0200 | 0049 03f2 | 4c3b 4638 
  0x00000223b495f9cc: 0f85 8e00 

  0x00000223b495f9d0: ;   {metadata(method data for {method} {0x000002240a67a218} 'dispatchEvent' '(Ljava/lang/Object;Ljava/lang/Object;ILjava/lang/Object;)V' in 'org/eclipse/osgi/internal/framework/BundleContextImpl')}
  0x00000223b495f9d0: 0000 48be | f012 8a0a | 2402 0000 | 448b 4708 | 49ba 0000 | 00c8 2302 | 0000 4d03 | c24c 3b86 
  0x00000223b495f9f0: 9010 0000 | 750d 4883 | 8698 1000 | 0001 e979 | 0000 004c | 3b86 a010 | 0000 750d | 4883 86a8 
  0x00000223b495fa10: 1000 0001 | e963 0000 | 0048 83be | 9010 0000 | 0075 174c | 8986 9010 | 0000 48c7 | 8698 1000 
  0x00000223b495fa30: 0001 0000 | 00e9 4200 | 0000 4883 | bea0 1000 | 0000 7517 | 4c89 86a0 | 1000 0048 | c786 a810 
  0x00000223b495fa50: 0000 0100 | 0000 e921 | 0000 00e9 | 1c00 0000 

  0x00000223b495fa60: ;   {metadata(method data for {method} {0x000002240a67a218} 'dispatchEvent' '(Ljava/lang/Object;Ljava/lang/Object;ILjava/lang/Object;)V' in 'org/eclipse/osgi/internal/framework/BundleContextImpl')}
  0x00000223b495fa60: 48be f012 | 8a0a 2402 | 0000 4883 | ae80 1000 | 0001 e933 | 0d00 00e9 | 0000 0000 | 4c8b c749 
  0x00000223b495fa80: 8b97 8803 | 0000 488b | 1248 3b02 

  0x00000223b495fa8c: ;   {metadata(method data for {method} {0x000002240a67a218} 'dispatchEvent' '(Ljava/lang/Object;Ljava/lang/Object;ILjava/lang/Object;)V' in 'org/eclipse/osgi/internal/framework/BundleContextImpl')}
  0x00000223b495fa8c: 488b f248 | bff0 128a | 0a24 0200 | 008b 7608 | 49ba 0000 | 00c8 2302 | 0000 4903 | f248 3bb7 
  0x00000223b495faac: c810 0000 | 750d 4883 | 87d0 1000 | 0001 e960 | 0000 0048 | 3bb7 d810 | 0000 750d | 4883 87e0 
  0x00000223b495facc: 1000 0001 | e94a 0000 | 0048 83bf | c810 0000 | 0075 1748 | 89b7 c810 | 0000 48c7 | 87d0 1000 
  0x00000223b495faec: 0001 0000 | 00e9 2900 | 0000 4883 | bfd8 1000 | 0000 7517 | 4889 b7d8 | 1000 0048 | c787 e010 
  0x00000223b495fb0c: 0000 0100 | 0000 e908 | 0000 0048 | 8387 b810 | 0000 0166 | 0f1f 4400 | 0048 b8ff | ffff ffff 
  0x00000223b495fb2c: ;   {virtual_call}
  0x00000223b495fb2c: ffff ffe8 

  0x00000223b495fb30: ; ImmutableOopMap {[360]=Oop }
                      ;*invokevirtual setContextClassLoader {reexecute=0 rethrow=0 return_oop=0}
                      ; - org.eclipse.osgi.internal.framework.BundleContextImpl::dispatchEvent@551 (line 1039)
  0x00000223b495fb30: 4cef 0607 

  0x00000223b495fb34: ;   {other}
  0x00000223b495fb34: 0f1f 8400 | 2455 0048 | 488b 8424 | 6801 0000 | e98c 0c00 

  0x00000223b495fb48: ;   {metadata({method} {0x000002240a67a218} 'dispatchEvent' '(Ljava/lang/Object;Ljava/lang/Object;ILjava/lang/Object;)V' in 'org/eclipse/osgi/internal/framework/BundleContextImpl')}
  0x00000223b495fb48: 0049 ba10 | a267 0a24 | 0200 004c | 8954 2408 | 48c7 0424 | ffff ffff 

  0x00000223b495fb60: ;   {runtime_call counter_overflow Runtime1 stub}
  0x00000223b495fb60: e81b 6112 

  0x00000223b495fb64: ; ImmutableOopMap {rdx=Oop r8=Oop r9=Oop rsi=Oop [128]=Oop [152]=Oop }
                      ;*synchronization entry
                      ; - org.eclipse.osgi.internal.framework.BundleContextImpl::dispatchEvent@-1 (line 972)
  0x00000223b495fb64: 07e9 92b5 

  0x00000223b495fb68: ;   {runtime_call throw_null_pointer_exception Runtime1 stub}
  0x00000223b495fb68: ffff e891 

  0x00000223b495fb6c: ; ImmutableOopMap {rax=Oop rdx=Oop rsi=Oop [128]=Oop [144]=Oop [152]=Oop [176]=Oop }
                      ;*invokevirtual getBundleId {reexecute=0 rethrow=0 return_oop=0}
                      ; - org.eclipse.osgi.internal.framework.BundleContextImpl::dispatchEvent@17 (line 975)
                      ;   {metadata({method} {0x000002240a5daea0} 'getBundleId' '()J' in 'org/eclipse/osgi/internal/framework/EquinoxBundle')}
  0x00000223b495fb6c: 2409 0749 | ba98 ae5d | 0a24 0200 | 004c 8954 | 2408 48c7 | 0424 ffff 

  0x00000223b495fb84: ;   {runtime_call counter_overflow Runtime1 stub}
  0x00000223b495fb84: ffff e8f5 

  0x00000223b495fb88: ; ImmutableOopMap {rax=Oop rdx=Oop rsi=Oop [128]=Oop [144]=Oop [152]=Oop [176]=Oop }
                      ;*synchronization entry
                      ; - org.eclipse.osgi.internal.framework.EquinoxBundle::getBundleId@-1 (line 553)
                      ; - org.eclipse.osgi.internal.framework.BundleContextImpl::dispatchEvent@17 (line 975)
  0x00000223b495fb88: 6012 07e9 | dfb6 ffff 

  0x00000223b495fb90: ;   {runtime_call throw_null_pointer_exception Runtime1 stub}
  0x00000223b495fb90: e86b 2409 

  0x00000223b495fb94: ; ImmutableOopMap {rax=Oop rdx=Oop rsi=Oop [128]=Oop [144]=Oop [152]=Oop [176]=Oop }
                      ;*invokevirtual getId {reexecute=0 rethrow=0 return_oop=0}
                      ; - org.eclipse.osgi.internal.framework.EquinoxBundle::getBundleId@4 (line 553)
                      ; - org.eclipse.osgi.internal.framework.BundleContextImpl::dispatchEvent@17 (line 975)
                      ;   {runtime_call throw_null_pointer_exception Runtime1 stub}
  0x00000223b495fb94: 07e8 6624 

  0x00000223b495fb98: ; ImmutableOopMap {rax=Oop rdx=Oop rsi=Oop [128]=Oop [144]=Oop [152]=Oop [176]=Oop }
                      ;*invokevirtual longValue {reexecute=0 rethrow=0 return_oop=0}
                      ; - org.eclipse.osgi.internal.framework.EquinoxBundle::getBundleId@7 (line 553)
                      ; - org.eclipse.osgi.internal.framework.BundleContextImpl::dispatchEvent@17 (line 975)
  0x00000223b495fb98: 0907 4c89 

  0x00000223b495fb9c: ;   {runtime_call throw_class_cast_exception Runtime1 stub}
  0x00000223b495fb9c: 0c24 e8dd 

  0x00000223b495fba0: ; ImmutableOopMap {rax=Oop rdx=Oop [128]=Oop [152]=Oop [176]=Oop }
                      ;*checkcast {reexecute=0 rethrow=0 return_oop=0}
                      ; - org.eclipse.osgi.internal.framework.BundleContextImpl::dispatchEvent@57 (line 979)
                      ;   {runtime_call throw_null_pointer_exception Runtime1 stub}
  0x00000223b495fba0: 3312 07e8 

  0x00000223b495fba4: ; ImmutableOopMap {rax=Oop rdx=Oop rbx=Oop [128]=Oop [152]=Oop [176]=Oop }
                      ;*getfield DEBUG_EVENTS {reexecute=1 rethrow=0 return_oop=0}
                      ; - (reexecute) org.eclipse.osgi.internal.framework.BundleContextImpl::dispatchEvent@66 (line 981)
  0x00000223b495fba4: 5824 0907 

  0x00000223b495fba8: ;   {metadata(nullptr)}
  0x00000223b495fba8: 48ba 0000 | 0000 0000 | 0000 b800 

  0x00000223b495fbb4: ;   {runtime_call load_klass_patching Runtime1 stub}
  0x00000223b495fbb4: 0f05 0ae8 

  0x00000223b495fbb8: ; ImmutableOopMap {rbx=Oop [128]=Oop [152]=Oop [176]=Oop }
                      ;*new {reexecute=1 rethrow=0 return_oop=0}
                      ; - (reexecute) org.eclipse.osgi.internal.framework.BundleContextImpl::dispatchEvent@72 (line 982)
  0x00000223b495fbb8: 4450 1207 | e9f7 b8ff | ff48 8bd2 

  0x00000223b495fbc4: ;   {runtime_call fast_new_instance Runtime1 stub}
  0x00000223b495fbc4: e837 1b09 

  0x00000223b495fbc8: ; ImmutableOopMap {rbx=Oop [128]=Oop [152]=Oop [176]=Oop }
                      ;*new {reexecute=0 rethrow=0 return_oop=0}
                      ; - org.eclipse.osgi.internal.framework.BundleContextImpl::dispatchEvent@72 (line 982)
  0x00000223b495fbc8: 07e9 3ab9 

  0x00000223b495fbcc: ;   {runtime_call throw_null_pointer_exception Runtime1 stub}
  0x00000223b495fbcc: ffff e82d 

  0x00000223b495fbd0: ; ImmutableOopMap {rbx=Oop rax=Oop [128]=Oop [152]=Oop [160]=Oop [176]=Oop }
                      ;*invokevirtual getClass {reexecute=0 rethrow=0 return_oop=0}
                      ; - org.eclipse.osgi.internal.framework.BundleContextImpl::dispatchEvent@78 (line 982)
                      ;   {runtime_call throw_null_pointer_exception Runtime1 stub}
  0x00000223b495fbd0: 2409 07e8 

  0x00000223b495fbd4: ; ImmutableOopMap {rbx=Oop rax=Oop rdx=Oop [128]=Oop [152]=Oop [160]=Oop [176]=Oop }
                      ;*invokevirtual getName {reexecute=0 rethrow=0 return_oop=0}
                      ; - org.eclipse.osgi.internal.framework.BundleContextImpl::dispatchEvent@81 (line 982)
  0x00000223b495fbd4: 2824 0907 

  0x00000223b495fbd8: ;   {metadata({method} {0x00000223c8469ad8} 'getName' '()Ljava/lang/String;' in 'java/lang/Class')}
  0x00000223b495fbd8: 49ba d09a | 46c8 2302 | 0000 4c89 | 5424 0848 | c704 24ff 

  0x00000223b495fbec: ;   {runtime_call counter_overflow Runtime1 stub}
  0x00000223b495fbec: ffff ffe8 

  0x00000223b495fbf0: ; ImmutableOopMap {rbx=Oop rax=Oop rdx=Oop [128]=Oop [152]=Oop [160]=Oop [176]=Oop }
                      ;*synchronization entry
                      ; - java.lang.Class::getName@-1
                      ; - org.eclipse.osgi.internal.framework.BundleContextImpl::dispatchEvent@81 (line 982)
  0x00000223b495fbf0: 8c60 1207 | e985 b9ff 

  0x00000223b495fbf8: ;   {metadata({method} {0x00000223c8455280} 'valueOf' '(Ljava/lang/Object;)Ljava/lang/String;' in 'java/lang/String')}
  0x00000223b495fbf8: ff49 ba78 | 5245 c823 | 0200 004c | 8954 2408 | 48c7 0424 | ffff ffff 

  0x00000223b495fc10: ;   {runtime_call counter_overflow Runtime1 stub}
  0x00000223b495fc10: e86b 6012 

  0x00000223b495fc14: ; ImmutableOopMap {rsi=Oop [128]=Oop [152]=Oop [160]=Oop [168]=Oop [176]=Oop }
                      ;*synchronization entry
                      ; - java.lang.String::valueOf@-1
                      ; - org.eclipse.osgi.internal.framework.BundleContextImpl::dispatchEvent@84 (line 982)
  0x00000223b495fc14: 07e9 1eba 

  0x00000223b495fc18: ;   {runtime_call throw_null_pointer_exception Runtime1 stub}
  0x00000223b495fc18: ffff e8e1 

  0x00000223b495fc1c: ; ImmutableOopMap {rsi=Oop [128]=Oop [152]=Oop [160]=Oop [168]=Oop [176]=Oop }
                      ;*invokevirtual toString {reexecute=0 rethrow=0 return_oop=0}
                      ; - java.lang.String::valueOf@11
                      ; - org.eclipse.osgi.internal.framework.BundleContextImpl::dispatchEvent@84 (line 982)
                      ;   {metadata({method} {0x00000223c8461da8} '<init>' '(Ljava/lang/String;)V' in 'java/lang/StringBuilder')}
  0x00000223b495fc1c: 2309 0749 | baa0 1d46 | c823 0200 | 004c 8954 | 2408 48c7 | 0424 ffff 

  0x00000223b495fc34: ;   {runtime_call counter_overflow Runtime1 stub}
  0x00000223b495fc34: ffff e845 

  0x00000223b495fc38: ; ImmutableOopMap {rsi=Oop rax=Oop [128]=Oop [152]=Oop [160]=Oop [168]=Oop [176]=Oop }
                      ;*synchronization entry
                      ; - java.lang.StringBuilder::<init>@-1
                      ; - org.eclipse.osgi.internal.framework.BundleContextImpl::dispatchEvent@87 (line 982)
  0x00000223b495fc38: 6012 07e9 | 45bb ffff 

  0x00000223b495fc40: ;   {metadata({method} {0x00000223c8461ae8} 'append' '(Ljava/lang/String;)Ljava/lang/StringBuilder;' in 'java/lang/StringBuilder')}
  0x00000223b495fc40: 49ba e01a | 46c8 2302 | 0000 4c89 | 5424 0848 | c704 24ff 

  0x00000223b495fc54: ;   {runtime_call counter_overflow Runtime1 stub}
  0x00000223b495fc54: ffff ffe8 

  0x00000223b495fc58: ; ImmutableOopMap {[128]=Oop [152]=Oop [160]=Oop [168]=Oop [176]=Oop }
                      ;*synchronization entry
                      ; - java.lang.StringBuilder::append@-1
                      ; - org.eclipse.osgi.internal.framework.BundleContextImpl::dispatchEvent@93 (line 982)
  0x00000223b495fc58: 2460 1207 | e996 bbff 

  0x00000223b495fc60: ;   {metadata({method} {0x00000223c8416620} 'toHexString' '(I)Ljava/lang/String;' in 'java/lang/Integer')}
  0x00000223b495fc60: ff49 ba18 | 6641 c823 | 0200 004c | 8954 2408 | 48c7 0424 | ffff ffff 

  0x00000223b495fc78: ;   {runtime_call counter_overflow Runtime1 stub}
  0x00000223b495fc78: e803 6012 

  0x00000223b495fc7c: ; ImmutableOopMap {[128]=Oop [152]=Oop [160]=Oop [168]=Oop [176]=Oop }
                      ;*synchronization entry
                      ; - java.lang.Integer::toHexString@-1
                      ; - org.eclipse.osgi.internal.framework.BundleContextImpl::dispatchEvent@101 (line 983)
  0x00000223b495fc7c: 07e9 18bc 

  0x00000223b495fc80: ;   {metadata({method} {0x00000223c8461ae8} 'append' '(Ljava/lang/String;)Ljava/lang/StringBuilder;' in 'java/lang/StringBuilder')}
  0x00000223b495fc80: ffff 49ba | e01a 46c8 | 2302 0000 | 4c89 5424 | 0848 c704 | 24ff ffff 

  0x00000223b495fc98: ;   {runtime_call counter_overflow Runtime1 stub}
  0x00000223b495fc98: ffe8 e25f 

  0x00000223b495fc9c: ; ImmutableOopMap {rax=Oop [128]=Oop [152]=Oop [160]=Oop [168]=Oop [176]=Oop }
                      ;*synchronization entry
                      ; - java.lang.StringBuilder::append@-1
                      ; - org.eclipse.osgi.internal.framework.BundleContextImpl::dispatchEvent@104 (line 983)
  0x00000223b495fc9c: 1207 e964 

  0x00000223b495fca0: ;   {metadata({method} {0x00000223c8008958} 'toString' '()Ljava/lang/String;' in 'java/lang/StringBuilder')}
  0x00000223b495fca0: bcff ff49 | ba50 8900 | c823 0200 | 004c 8954 | 2408 48c7 | 0424 ffff 

  0x00000223b495fcb8: ;   {runtime_call counter_overflow Runtime1 stub}
  0x00000223b495fcb8: ffff e8c1 

  0x00000223b495fcbc: ; ImmutableOopMap {[128]=Oop [152]=Oop [160]=Oop [168]=Oop [176]=Oop }
                      ;*synchronization entry
                      ; - java.lang.StringBuilder::toString@-1
                      ; - org.eclipse.osgi.internal.framework.BundleContextImpl::dispatchEvent@107 (line 982)
  0x00000223b495fcbc: 5f12 07e9 | b9bc ffff 

  0x00000223b495fcc4: ;   {runtime_call fast_new_instance Runtime1 stub}
  0x00000223b495fcc4: 488b d2e8 

  0x00000223b495fcc8: ; ImmutableOopMap {[128]=Oop [152]=Oop [160]=Oop [168]=Oop [176]=Oop }
                      ;*new {reexecute=0 rethrow=0 return_oop=0}
                      ; - java.lang.StringBuilder::toString@0
                      ; - org.eclipse.osgi.internal.framework.BundleContextImpl::dispatchEvent@107 (line 982)
  0x00000223b495fcc8: 341a 0907 | e9fc bcff 

  0x00000223b495fcd0: ;   {metadata({method} {0x00000223c8455dd8} '<init>' '(Ljava/lang/StringBuilder;)V' in 'java/lang/String')}
  0x00000223b495fcd0: ff49 bad0 | 5d45 c823 | 0200 004c | 8954 2408 | 48c7 0424 | ffff ffff 

  0x00000223b495fce8: ;   {runtime_call counter_overflow Runtime1 stub}
  0x00000223b495fce8: e893 5f12 

  0x00000223b495fcec: ; ImmutableOopMap {rax=Oop [128]=Oop [152]=Oop [160]=Oop [168]=Oop [176]=Oop [184]=Oop }
                      ;*synchronization entry
                      ; - java.lang.String::<init>@-1
                      ; - java.lang.StringBuilder::toString@5
                      ; - org.eclipse.osgi.internal.framework.BundleContextImpl::dispatchEvent@107 (line 982)
  0x00000223b495fcec: 07e9 24bd 

  0x00000223b495fcf0: ;   {metadata(nullptr)}
  0x00000223b495fcf0: ffff 48ba | 0000 0000 | 0000 0000 | b800 0f05 

  0x00000223b495fd00: ;   {runtime_call load_klass_patching Runtime1 stub}
  0x00000223b495fd00: 0ae8 fa4e 

  0x00000223b495fd04: ; ImmutableOopMap {rbx=Oop [128]=Oop [152]=Oop [168]=Oop [176]=Oop [184]=Oop [200]=Oop }
                      ;*new {reexecute=1 rethrow=0 return_oop=0}
                      ; - (reexecute) org.eclipse.osgi.internal.framework.BundleContextImpl::dispatchEvent@119 (line 984)
  0x00000223b495fd04: 1207 e95d | bdff ff48 

  0x00000223b495fd0c: ;   {runtime_call fast_new_instance Runtime1 stub}
  0x00000223b495fd0c: 8bd2 e8ed 

  0x00000223b495fd10: ; ImmutableOopMap {rbx=Oop [128]=Oop [152]=Oop [168]=Oop [176]=Oop [184]=Oop [200]=Oop }
                      ;*new {reexecute=0 rethrow=0 return_oop=0}
                      ; - org.eclipse.osgi.internal.framework.BundleContextImpl::dispatchEvent@119 (line 984)
  0x00000223b495fd10: 1909 07e9 | a0bd ffff 

  0x00000223b495fd18: ;   {metadata({method} {0x00000223c8461da8} '<init>' '(Ljava/lang/String;)V' in 'java/lang/StringBuilder')}
  0x00000223b495fd18: 49ba a01d | 46c8 2302 | 0000 4c89 | 5424 0848 | c704 24ff 

  0x00000223b495fd2c: ;   {runtime_call counter_overflow Runtime1 stub}
  0x00000223b495fd2c: ffff ffe8 

  0x00000223b495fd30: ; ImmutableOopMap {rbx=Oop rax=Oop [128]=Oop [152]=Oop [168]=Oop [176]=Oop [184]=Oop [192]=Oop [200]=Oop }
                      ;*synchronization entry
                      ; - java.lang.StringBuilder::<init>@-1
                      ; - org.eclipse.osgi.internal.framework.BundleContextImpl::dispatchEvent@126 (line 984)
  0x00000223b495fd30: 4c5f 1207 | e9c5 bdff 

  0x00000223b495fd38: ;   {metadata({method} {0x00000223c8461b40} 'append' '(Ljava/lang/Object;)Ljava/lang/StringBuilder;' in 'java/lang/StringBuilder')}
  0x00000223b495fd38: ff49 ba38 | 1b46 c823 | 0200 004c | 8954 2408 | 48c7 0424 | ffff ffff 

  0x00000223b495fd50: ;   {runtime_call counter_overflow Runtime1 stub}
  0x00000223b495fd50: e82b 5f12 

  0x00000223b495fd54: ; ImmutableOopMap {rdx=Oop rsi=Oop [128]=Oop [152]=Oop [168]=Oop [176]=Oop [184]=Oop [192]=Oop [200]=Oop }
                      ;*synchronization entry
                      ; - java.lang.StringBuilder::append@-1
                      ; - org.eclipse.osgi.internal.framework.BundleContextImpl::dispatchEvent@133 (line 984)
  0x00000223b495fd54: 07e9 26be 

  0x00000223b495fd58: ;   {metadata({method} {0x00000223c8455280} 'valueOf' '(Ljava/lang/Object;)Ljava/lang/String;' in 'java/lang/String')}
  0x00000223b495fd58: ffff 49ba | 7852 45c8 | 2302 0000 | 4c89 5424 | 0848 c704 | 24ff ffff 

  0x00000223b495fd70: ;   {runtime_call counter_overflow Runtime1 stub}
  0x00000223b495fd70: ffe8 0a5f 

  0x00000223b495fd74: ; ImmutableOopMap {rdx=Oop rsi=Oop [128]=Oop [152]=Oop [168]=Oop [176]=Oop [184]=Oop [192]=Oop [200]=Oop }
                      ;*synchronization entry
                      ; - java.lang.String::valueOf@-1
                      ; - java.lang.StringBuilder::append@2
                      ; - org.eclipse.osgi.internal.framework.BundleContextImpl::dispatchEvent@133 (line 984)
  0x00000223b495fd74: 1207 e93e 

  0x00000223b495fd78: ;   {runtime_call throw_null_pointer_exception Runtime1 stub}
  0x00000223b495fd78: beff ffe8 

  0x00000223b495fd7c: ; ImmutableOopMap {rsi=Oop [128]=Oop [152]=Oop [168]=Oop [176]=Oop [184]=Oop [192]=Oop [200]=Oop }
                      ;*invokevirtual toString {reexecute=0 rethrow=0 return_oop=0}
                      ; - java.lang.String::valueOf@11
                      ; - java.lang.StringBuilder::append@2
                      ; - org.eclipse.osgi.internal.framework.BundleContextImpl::dispatchEvent@133 (line 984)
  0x00000223b495fd7c: 8022 0907 

  0x00000223b495fd80: ;   {metadata({method} {0x00000223c8461ae8} 'append' '(Ljava/lang/String;)Ljava/lang/StringBuilder;' in 'java/lang/StringBuilder')}
  0x00000223b495fd80: 49ba e01a | 46c8 2302 | 0000 4c89 | 5424 0848 | c704 24ff 

  0x00000223b495fd94: ;   {runtime_call counter_overflow Runtime1 stub}
  0x00000223b495fd94: ffff ffe8 

  0x00000223b495fd98: ; ImmutableOopMap {rsi=Oop [128]=Oop [152]=Oop [168]=Oop [176]=Oop [184]=Oop [192]=Oop [200]=Oop }
                      ;*synchronization entry
                      ; - java.lang.StringBuilder::append@-1
                      ; - java.lang.StringBuilder::append@5
                      ; - org.eclipse.osgi.internal.framework.BundleContextImpl::dispatchEvent@133 (line 984)
  0x00000223b495fd98: e45e 1207 | e959 bfff 

  0x00000223b495fda0: ;   {metadata({method} {0x00000223c8461ae8} 'append' '(Ljava/lang/String;)Ljava/lang/StringBuilder;' in 'java/lang/StringBuilder')}
  0x00000223b495fda0: ff49 bae0 | 1a46 c823 | 0200 004c | 8954 2408 | 48c7 0424 | ffff ffff 

  0x00000223b495fdb8: ;   {runtime_call counter_overflow Runtime1 stub}
  0x00000223b495fdb8: e8c3 5e12 

  0x00000223b495fdbc: ; ImmutableOopMap {rax=Oop [128]=Oop [152]=Oop [168]=Oop [176]=Oop [184]=Oop [192]=Oop [200]=Oop }
                      ;*synchronization entry
                      ; - java.lang.StringBuilder::append@-1
                      ; - org.eclipse.osgi.internal.framework.BundleContextImpl::dispatchEvent@139 (line 984)
  0x00000223b495fdbc: 07e9 b0bf 

  0x00000223b495fdc0: ;   {metadata({method} {0x00000223c8461ae8} 'append' '(Ljava/lang/String;)Ljava/lang/StringBuilder;' in 'java/lang/StringBuilder')}
  0x00000223b495fdc0: ffff 49ba | e01a 46c8 | 2302 0000 | 4c89 5424 | 0848 c704 | 24ff ffff 

  0x00000223b495fdd8: ;   {runtime_call counter_overflow Runtime1 stub}
  0x00000223b495fdd8: ffe8 a25e 

  0x00000223b495fddc: ; ImmutableOopMap {[128]=Oop [152]=Oop [168]=Oop [176]=Oop [184]=Oop [192]=Oop [200]=Oop }
                      ;*synchronization entry
                      ; - java.lang.StringBuilder::append@-1
                      ; - org.eclipse.osgi.internal.framework.BundleContextImpl::dispatchEvent@144 (line 984)
  0x00000223b495fddc: 1207 e904 

  0x00000223b495fde0: ;   {metadata({method} {0x00000223c8461ae8} 'append' '(Ljava/lang/String;)Ljava/lang/StringBuilder;' in 'java/lang/StringBuilder')}
  0x00000223b495fde0: c0ff ff49 | bae0 1a46 | c823 0200 | 004c 8954 | 2408 48c7 | 0424 ffff 

  0x00000223b495fdf8: ;   {runtime_call counter_overflow Runtime1 stub}
  0x00000223b495fdf8: ffff e881 

  0x00000223b495fdfc: ; ImmutableOopMap {[128]=Oop [152]=Oop [168]=Oop [176]=Oop [192]=Oop [200]=Oop }
                      ;*synchronization entry
                      ; - java.lang.StringBuilder::append@-1
                      ; - org.eclipse.osgi.internal.framework.BundleContextImpl::dispatchEvent@150 (line 984)
  0x00000223b495fdfc: 5e12 07e9 | 63c0 ffff 

  0x00000223b495fe04: ;   {metadata({method} {0x00000223c8008958} 'toString' '()Ljava/lang/String;' in 'java/lang/StringBuilder')}
  0x00000223b495fe04: 49ba 5089 | 00c8 2302 | 0000 4c89 | 5424 0848 | c704 24ff 

  0x00000223b495fe18: ;   {runtime_call counter_overflow Runtime1 stub}
  0x00000223b495fe18: ffff ffe8 

  0x00000223b495fe1c: ; ImmutableOopMap {[128]=Oop [152]=Oop [168]=Oop [176]=Oop [192]=Oop [200]=Oop }
                      ;*synchronization entry
                      ; - java.lang.StringBuilder::toString@-1
                      ; - org.eclipse.osgi.internal.framework.BundleContextImpl::dispatchEvent@153 (line 984)
  0x00000223b495fe1c: 605e 1207 | e9c0 c0ff | ff48 8bd2 

  0x00000223b495fe28: ;   {runtime_call fast_new_instance Runtime1 stub}
  0x00000223b495fe28: e8d3 1809 

  0x00000223b495fe2c: ; ImmutableOopMap {[128]=Oop [152]=Oop [168]=Oop [176]=Oop [192]=Oop [200]=Oop }
                      ;*new {reexecute=0 rethrow=0 return_oop=0}
                      ; - java.lang.StringBuilder::toString@0
                      ; - org.eclipse.osgi.internal.framework.BundleContextImpl::dispatchEvent@153 (line 984)
  0x00000223b495fe2c: 07e9 03c1 

  0x00000223b495fe30: ;   {metadata({method} {0x00000223c8455dd8} '<init>' '(Ljava/lang/StringBuilder;)V' in 'java/lang/String')}
  0x00000223b495fe30: ffff 49ba | d05d 45c8 | 2302 0000 | 4c89 5424 | 0848 c704 | 24ff ffff 

  0x00000223b495fe48: ;   {runtime_call counter_overflow Runtime1 stub}
  0x00000223b495fe48: ffe8 325e 

  0x00000223b495fe4c: ; ImmutableOopMap {rax=Oop [128]=Oop [152]=Oop [168]=Oop [176]=Oop [192]=Oop [200]=Oop }
                      ;*synchronization entry
                      ; - java.lang.String::<init>@-1
                      ; - java.lang.StringBuilder::toString@5
                      ; - org.eclipse.osgi.internal.framework.BundleContextImpl::dispatchEvent@153 (line 984)
  0x00000223b495fe4c: 1207 e923 

  0x00000223b495fe50: ;   {runtime_call throw_null_pointer_exception Runtime1 stub}
  0x00000223b495fe50: c1ff ffe8 

  0x00000223b495fe54: ; ImmutableOopMap {rbx=Oop [128]=Oop [152]=Oop [168]=Oop [176]=Oop [200]=Oop [208]=Oop }
                      ;*invokevirtual trace {reexecute=0 rethrow=0 return_oop=0}
                      ; - org.eclipse.osgi.internal.framework.BundleContextImpl::dispatchEvent@156 (line 984)
  0x00000223b495fe54: a821 0907 

  0x00000223b495fe58: ;   {metadata({method} {0x000002240a4e53d0} 'trace' '(Ljava/lang/String;Ljava/lang/String;)V' in 'org/eclipse/osgi/internal/debug/Debug')}
  0x00000223b495fe58: 49ba c853 | 4e0a 2402 | 0000 4c89 | 5424 0848 | c704 24ff 

  0x00000223b495fe6c: ;   {runtime_call counter_overflow Runtime1 stub}
  0x00000223b495fe6c: ffff ffe8 

  0x00000223b495fe70: ; ImmutableOopMap {rbx=Oop [128]=Oop [152]=Oop [168]=Oop [176]=Oop [200]=Oop [208]=Oop }
                      ;*synchronization entry
                      ; - org.eclipse.osgi.internal.debug.Debug::trace@-1 (line 256)
                      ; - org.eclipse.osgi.internal.framework.BundleContextImpl::dispatchEvent@156 (line 984)
  0x00000223b495fe70: 0c5e 1207 | e9a0 c1ff 

  0x00000223b495fe78: ;   {runtime_call throw_incompatible_class_change_error Runtime1 stub}
  0x00000223b495fe78: ffe8 0234 

  0x00000223b495fe7c: ; ImmutableOopMap {rdx=Oop [128]=Oop [152]=Oop [168]=Oop [176]=Oop [208]=Oop }
                      ;*invokeinterface getLogger {reexecute=0 rethrow=0 return_oop=0}
                      ; - org.eclipse.osgi.internal.debug.Debug::trace@11 (line 265)
                      ; - org.eclipse.osgi.internal.framework.BundleContextImpl::dispatchEvent@156 (line 984)
                      ;   {runtime_call throw_null_pointer_exception Runtime1 stub}
  0x00000223b495fe7c: 1207 e87d 

  0x00000223b495fe80: ; ImmutableOopMap {rdx=Oop [128]=Oop [152]=Oop [168]=Oop [176]=Oop [208]=Oop }
                      ;*invokeinterface getLogger {reexecute=0 rethrow=0 return_oop=0}
                      ; - org.eclipse.osgi.internal.debug.Debug::trace@11 (line 265)
                      ; - org.eclipse.osgi.internal.framework.BundleContextImpl::dispatchEvent@156 (line 984)
                      ;   {metadata({method} {0x000002240a50ca80} 'getLogger' '(Ljava/lang/String;)Lorg/osgi/service/log/Logger;' in 'org/eclipse/osgi/internal/log/ExtendedLogServiceImpl')}
  0x00000223b495fe80: 2109 0749 | ba78 ca50 | 0a24 0200 | 004c 8954 | 2408 48c7 | 0424 ffff 

  0x00000223b495fe98: ;   {runtime_call counter_overflow Runtime1 stub}
  0x00000223b495fe98: ffff e8e1 

  0x00000223b495fe9c: ; ImmutableOopMap {rdx=Oop [128]=Oop [152]=Oop [168]=Oop [176]=Oop [208]=Oop }
                      ;*synchronization entry
                      ; - org.eclipse.osgi.internal.log.ExtendedLogServiceImpl::getLogger@-1 (line 1)
                      ; - org.eclipse.osgi.internal.debug.Debug::trace@11 (line 265)
                      ; - org.eclipse.osgi.internal.framework.BundleContextImpl::dispatchEvent@156 (line 984)
  0x00000223b495fe9c: 5d12 07e9 | 31c2 ffff 

  0x00000223b495fea4: ;   {metadata({method} {0x000002240a50a308} 'getLogger' '(Ljava/lang/String;)Lorg/eclipse/equinox/log/Logger;' in 'org/eclipse/osgi/internal/log/ExtendedLogServiceImpl')}
  0x00000223b495fea4: 49ba 00a3 | 500a 2402 | 0000 4c89 | 5424 0848 | c704 24ff 

  0x00000223b495feb8: ;   {runtime_call counter_overflow Runtime1 stub}
  0x00000223b495feb8: ffff ffe8 

  0x00000223b495febc: ; ImmutableOopMap {rdx=Oop [128]=Oop [152]=Oop [168]=Oop [176]=Oop [208]=Oop }
                      ;*synchronization entry
                      ; - org.eclipse.osgi.internal.log.ExtendedLogServiceImpl::getLogger@-1 (line 73)
                      ; - org.eclipse.osgi.internal.log.ExtendedLogServiceImpl::getLogger@2 (line 1)
                      ; - org.eclipse.osgi.internal.debug.Debug::trace@11 (line 265)
                      ; - org.eclipse.osgi.internal.framework.BundleContextImpl::dispatchEvent@156 (line 984)
  0x00000223b495febc: c05d 1207 | e962 c2ff | ff48 8904 

  0x00000223b495fec8: ;   {runtime_call throw_class_cast_exception Runtime1 stub}
  0x00000223b495fec8: 24e8 b230 

  0x00000223b495fecc: ; ImmutableOopMap {[128]=Oop [152]=Oop [168]=Oop [176]=Oop [208]=Oop }
                      ;*checkcast {reexecute=0 rethrow=0 return_oop=0}
                      ; - org.eclipse.osgi.internal.log.ExtendedLogServiceImpl::getLogger@7 (line 73)
                      ; - org.eclipse.osgi.internal.log.ExtendedLogServiceImpl::getLogger@2 (line 1)
                      ; - org.eclipse.osgi.internal.debug.Debug::trace@11 (line 265)
                      ; - org.eclipse.osgi.internal.framework.BundleContextImpl::dispatchEvent@156 (line 984)
                      ;   {runtime_call throw_null_pointer_exception Runtime1 stub}
  0x00000223b495fecc: 1207 e82d 

  0x00000223b495fed0: ; ImmutableOopMap {rdx=Oop [128]=Oop [152]=Oop [168]=Oop [176]=Oop [208]=Oop }
                      ;*invokeinterface debug {reexecute=0 rethrow=0 return_oop=0}
                      ; - org.eclipse.osgi.internal.debug.Debug::trace@17 (line 265)
                      ; - org.eclipse.osgi.internal.framework.BundleContextImpl::dispatchEvent@156 (line 984)
                      ;   {runtime_call throw_null_pointer_exception Runtime1 stub}
  0x00000223b495fed0: 2109 07e8 

  0x00000223b495fed4: ; ImmutableOopMap {rax=Oop rdx=Oop [128]=Oop [152]=Oop [168]=Oop [176]=Oop }
                      ;*invokevirtual println {reexecute=0 rethrow=0 return_oop=0}
                      ; - org.eclipse.osgi.internal.debug.Debug::trace@29 (line 267)
                      ; - org.eclipse.osgi.internal.framework.BundleContextImpl::dispatchEvent@156 (line 984)
  0x00000223b495fed4: 2821 0907 | 4889 3424 

  0x00000223b495fedc: ;   {runtime_call throw_class_cast_exception Runtime1 stub}
  0x00000223b495fedc: e89f 3012 

  0x00000223b495fee0: ; ImmutableOopMap {rsi=Oop rbx=Oop [128]=Oop [152]=Oop [176]=Oop }
                      ;*checkcast {reexecute=0 rethrow=0 return_oop=0}
                      ; - org.eclipse.osgi.internal.framework.BundleContextImpl::dispatchEvent@163 (line 987)
                      ;   {runtime_call throw_null_pointer_exception Runtime1 stub}
  0x00000223b495fee0: 07e8 1a21 

  0x00000223b495fee4: ; ImmutableOopMap {rsi=Oop rbx=Oop r8=Oop [128]=Oop [152]=Oop [176]=Oop }
                      ;*invokeinterface bundleChanged {reexecute=0 rethrow=0 return_oop=0}
                      ; - org.eclipse.osgi.internal.framework.BundleContextImpl::dispatchEvent@166 (line 987)
  0x00000223b495fee4: 0907 4c89 

  0x00000223b495fee8: ;   {runtime_call throw_class_cast_exception Runtime1 stub}
  0x00000223b495fee8: 0c24 e891 

  0x00000223b495feec: ; ImmutableOopMap {rdx=Oop [128]=Oop [152]=Oop [176]=Oop }
                      ;*checkcast {reexecute=0 rethrow=0 return_oop=0}
                      ; - org.eclipse.osgi.internal.framework.BundleContextImpl::dispatchEvent@297 (line 1005)
                      ;   {runtime_call throw_null_pointer_exception Runtime1 stub}
  0x00000223b495feec: 3012 07e8 

  0x00000223b495fef0: ; ImmutableOopMap {rdx=Oop rbx=Oop [128]=Oop [152]=Oop [176]=Oop }
                      ;*getfield DEBUG_EVENTS {reexecute=1 rethrow=0 return_oop=0}
                      ; - (reexecute) org.eclipse.osgi.internal.framework.BundleContextImpl::dispatchEvent@306 (line 1007)
  0x00000223b495fef0: 0c21 0907 

  0x00000223b495fef4: ;   {metadata(nullptr)}
  0x00000223b495fef4: 48ba 0000 | 0000 0000 | 0000 b800 

  0x00000223b495ff00: ;   {runtime_call load_klass_patching Runtime1 stub}
  0x00000223b495ff00: 0f05 0ae8 

  0x00000223b495ff04: ; ImmutableOopMap {rbx=Oop [128]=Oop [152]=Oop [176]=Oop }
                      ;*new {reexecute=1 rethrow=0 return_oop=0}
                      ; - (reexecute) org.eclipse.osgi.internal.framework.BundleContextImpl::dispatchEvent@312 (line 1008)
  0x00000223b495ff04: f84c 1207 | e9a3 c7ff | ff48 8bd2 

  0x00000223b495ff10: ;   {runtime_call fast_new_instance Runtime1 stub}
  0x00000223b495ff10: e8eb 1709 

  0x00000223b495ff14: ; ImmutableOopMap {rbx=Oop [128]=Oop [152]=Oop [176]=Oop }
                      ;*new {reexecute=0 rethrow=0 return_oop=0}
                      ; - org.eclipse.osgi.internal.framework.BundleContextImpl::dispatchEvent@312 (line 1008)
  0x00000223b495ff14: 07e9 e6c7 

  0x00000223b495ff18: ;   {runtime_call throw_null_pointer_exception Runtime1 stub}
  0x00000223b495ff18: ffff e8e1 

  0x00000223b495ff1c: ; ImmutableOopMap {rbx=Oop rax=Oop [128]=Oop [152]=Oop [176]=Oop [216]=Oop }
                      ;*invokevirtual getClass {reexecute=0 rethrow=0 return_oop=0}
                      ; - org.eclipse.osgi.internal.framework.BundleContextImpl::dispatchEvent@318 (line 1008)
                      ;   {runtime_call throw_null_pointer_exception Runtime1 stub}
  0x00000223b495ff1c: 2009 07e8 

  0x00000223b495ff20: ; ImmutableOopMap {rbx=Oop rax=Oop rdx=Oop [128]=Oop [152]=Oop [176]=Oop [216]=Oop }
                      ;*invokevirtual getName {reexecute=0 rethrow=0 return_oop=0}
                      ; - org.eclipse.osgi.internal.framework.BundleContextImpl::dispatchEvent@321 (line 1008)
  0x00000223b495ff20: dc20 0907 

  0x00000223b495ff24: ;   {metadata({method} {0x00000223c8469ad8} 'getName' '()Ljava/lang/String;' in 'java/lang/Class')}
  0x00000223b495ff24: 49ba d09a | 46c8 2302 | 0000 4c89 | 5424 0848 | c704 24ff 

  0x00000223b495ff38: ;   {runtime_call counter_overflow Runtime1 stub}
  0x00000223b495ff38: ffff ffe8 

  0x00000223b495ff3c: ; ImmutableOopMap {rbx=Oop rax=Oop rdx=Oop [128]=Oop [152]=Oop [176]=Oop [216]=Oop }
                      ;*synchronization entry
                      ; - java.lang.Class::getName@-1
                      ; - org.eclipse.osgi.internal.framework.BundleContextImpl::dispatchEvent@321 (line 1008)
  0x00000223b495ff3c: 405d 1207 | e931 c8ff 

  0x00000223b495ff44: ;   {metadata({method} {0x00000223c8455280} 'valueOf' '(Ljava/lang/Object;)Ljava/lang/String;' in 'java/lang/String')}
  0x00000223b495ff44: ff49 ba78 | 5245 c823 | 0200 004c | 8954 2408 | 48c7 0424 | ffff ffff 

  0x00000223b495ff5c: ;   {runtime_call counter_overflow Runtime1 stub}
  0x00000223b495ff5c: e81f 5d12 

  0x00000223b495ff60: ; ImmutableOopMap {rsi=Oop [128]=Oop [152]=Oop [176]=Oop [216]=Oop [224]=Oop }
                      ;*synchronization entry
                      ; - java.lang.String::valueOf@-1
                      ; - org.eclipse.osgi.internal.framework.BundleContextImpl::dispatchEvent@324 (line 1008)
  0x00000223b495ff60: 07e9 cac8 

  0x00000223b495ff64: ;   {runtime_call throw_null_pointer_exception Runtime1 stub}
  0x00000223b495ff64: ffff e895 

  0x00000223b495ff68: ; ImmutableOopMap {rsi=Oop [128]=Oop [152]=Oop [176]=Oop [216]=Oop [224]=Oop }
                      ;*invokevirtual toString {reexecute=0 rethrow=0 return_oop=0}
                      ; - java.lang.String::valueOf@11
                      ; - org.eclipse.osgi.internal.framework.BundleContextImpl::dispatchEvent@324 (line 1008)
                      ;   {metadata({method} {0x00000223c8461da8} '<init>' '(Ljava/lang/String;)V' in 'java/lang/StringBuilder')}
  0x00000223b495ff68: 2009 0749 | baa0 1d46 | c823 0200 | 004c 8954 | 2408 48c7 | 0424 ffff 

  0x00000223b495ff80: ;   {runtime_call counter_overflow Runtime1 stub}
  0x00000223b495ff80: ffff e8f9 

  0x00000223b495ff84: ; ImmutableOopMap {rsi=Oop rax=Oop [128]=Oop [152]=Oop [176]=Oop [216]=Oop [224]=Oop }
                      ;*synchronization entry
                      ; - java.lang.StringBuilder::<init>@-1
                      ; - org.eclipse.osgi.internal.framework.BundleContextImpl::dispatchEvent@327 (line 1008)
  0x00000223b495ff84: 5c12 07e9 | f1c9 ffff 

  0x00000223b495ff8c: ;   {metadata({method} {0x00000223c8461ae8} 'append' '(Ljava/lang/String;)Ljava/lang/StringBuilder;' in 'java/lang/StringBuilder')}
  0x00000223b495ff8c: 49ba e01a | 46c8 2302 | 0000 4c89 | 5424 0848 | c704 24ff 

  0x00000223b495ffa0: ;   {runtime_call counter_overflow Runtime1 stub}
  0x00000223b495ffa0: ffff ffe8 

  0x00000223b495ffa4: ; ImmutableOopMap {[128]=Oop [152]=Oop [176]=Oop [216]=Oop [224]=Oop }
                      ;*synchronization entry
                      ; - java.lang.StringBuilder::append@-1
                      ; - org.eclipse.osgi.internal.framework.BundleContextImpl::dispatchEvent@333 (line 1008)
  0x00000223b495ffa4: d85c 1207 | e942 caff 

  0x00000223b495ffac: ;   {metadata({method} {0x00000223c8416620} 'toHexString' '(I)Ljava/lang/String;' in 'java/lang/Integer')}
  0x00000223b495ffac: ff49 ba18 | 6641 c823 | 0200 004c | 8954 2408 | 48c7 0424 | ffff ffff 

  0x00000223b495ffc4: ;   {runtime_call counter_overflow Runtime1 stub}
  0x00000223b495ffc4: e8b7 5c12 

  0x00000223b495ffc8: ; ImmutableOopMap {[128]=Oop [152]=Oop [176]=Oop [216]=Oop [224]=Oop }
                      ;*synchronization entry
                      ; - java.lang.Integer::toHexString@-1
                      ; - org.eclipse.osgi.internal.framework.BundleContextImpl::dispatchEvent@341 (line 1009)
  0x00000223b495ffc8: 07e9 c4ca 

  0x00000223b495ffcc: ;   {metadata({method} {0x00000223c8461ae8} 'append' '(Ljava/lang/String;)Ljava/lang/StringBuilder;' in 'java/lang/StringBuilder')}
  0x00000223b495ffcc: ffff 49ba | e01a 46c8 | 2302 0000 | 4c89 5424 | 0848 c704 | 24ff ffff 

  0x00000223b495ffe4: ;   {runtime_call counter_overflow Runtime1 stub}
  0x00000223b495ffe4: ffe8 965c 

  0x00000223b495ffe8: ; ImmutableOopMap {rax=Oop [128]=Oop [152]=Oop [176]=Oop [216]=Oop [224]=Oop }
                      ;*synchronization entry
                      ; - java.lang.StringBuilder::append@-1
                      ; - org.eclipse.osgi.internal.framework.BundleContextImpl::dispatchEvent@344 (line 1009)
  0x00000223b495ffe8: 1207 e910 

  0x00000223b495ffec: ;   {metadata({method} {0x00000223c8008958} 'toString' '()Ljava/lang/String;' in 'java/lang/StringBuilder')}
  0x00000223b495ffec: cbff ff49 | ba50 8900 | c823 0200 | 004c 8954 | 2408 48c7 | 0424 ffff 

  0x00000223b4960004: ;   {runtime_call counter_overflow Runtime1 stub}
  0x00000223b4960004: ffff e875 

  0x00000223b4960008: ; ImmutableOopMap {[128]=Oop [152]=Oop [176]=Oop [216]=Oop [224]=Oop }
                      ;*synchronization entry
                      ; - java.lang.StringBuilder::toString@-1
                      ; - org.eclipse.osgi.internal.framework.BundleContextImpl::dispatchEvent@347 (line 1008)
  0x00000223b4960008: 5c12 07e9 | 65cb ffff 

  0x00000223b4960010: ;   {runtime_call fast_new_instance Runtime1 stub}
  0x00000223b4960010: 488b d2e8 

  0x00000223b4960014: ; ImmutableOopMap {[128]=Oop [152]=Oop [176]=Oop [216]=Oop [224]=Oop }
                      ;*new {reexecute=0 rethrow=0 return_oop=0}
                      ; - java.lang.StringBuilder::toString@0
                      ; - org.eclipse.osgi.internal.framework.BundleContextImpl::dispatchEvent@347 (line 1008)
  0x00000223b4960014: e816 0907 | e9a8 cbff 

  0x00000223b496001c: ;   {metadata({method} {0x00000223c8455dd8} '<init>' '(Ljava/lang/StringBuilder;)V' in 'java/lang/String')}
  0x00000223b496001c: ff49 bad0 | 5d45 c823 | 0200 004c | 8954 2408 | 48c7 0424 | ffff ffff 

  0x00000223b4960034: ;   {runtime_call counter_overflow Runtime1 stub}
  0x00000223b4960034: e847 5c12 

  0x00000223b4960038: ; ImmutableOopMap {rax=Oop [128]=Oop [152]=Oop [176]=Oop [216]=Oop [224]=Oop [232]=Oop }
                      ;*synchronization entry
                      ; - java.lang.String::<init>@-1
                      ; - java.lang.StringBuilder::toString@5
                      ; - org.eclipse.osgi.internal.framework.BundleContextImpl::dispatchEvent@347 (line 1008)
  0x00000223b4960038: 07e9 d0cb 

  0x00000223b496003c: ;   {metadata(nullptr)}
  0x00000223b496003c: ffff 48ba | 0000 0000 | 0000 0000 | b800 0f05 

  0x00000223b496004c: ;   {runtime_call load_klass_patching Runtime1 stub}
  0x00000223b496004c: 0ae8 ae4b 

  0x00000223b4960050: ; ImmutableOopMap {rbx=Oop [128]=Oop [152]=Oop [176]=Oop [224]=Oop [232]=Oop [248]=Oop }
                      ;*new {reexecute=1 rethrow=0 return_oop=0}
                      ; - (reexecute) org.eclipse.osgi.internal.framework.BundleContextImpl::dispatchEvent@359 (line 1011)
  0x00000223b4960050: 1207 e909 | ccff ff48 

  0x00000223b4960058: ;   {runtime_call fast_new_instance Runtime1 stub}
  0x00000223b4960058: 8bd2 e8a1 

  0x00000223b496005c: ; ImmutableOopMap {rbx=Oop [128]=Oop [152]=Oop [176]=Oop [224]=Oop [232]=Oop [248]=Oop }
                      ;*new {reexecute=0 rethrow=0 return_oop=0}
                      ; - org.eclipse.osgi.internal.framework.BundleContextImpl::dispatchEvent@359 (line 1011)
  0x00000223b496005c: 1609 07e9 | 4ccc ffff 

  0x00000223b4960064: ;   {metadata({method} {0x00000223c8461da8} '<init>' '(Ljava/lang/String;)V' in 'java/lang/StringBuilder')}
  0x00000223b4960064: 49ba a01d | 46c8 2302 | 0000 4c89 | 5424 0848 | c704 24ff 

  0x00000223b4960078: ;   {runtime_call counter_overflow Runtime1 stub}
  0x00000223b4960078: ffff ffe8 

  0x00000223b496007c: ; ImmutableOopMap {rbx=Oop rax=Oop [128]=Oop [152]=Oop [176]=Oop [224]=Oop [232]=Oop [240]=Oop [248]=Oop }
                      ;*synchronization entry
                      ; - java.lang.StringBuilder::<init>@-1
                      ; - org.eclipse.osgi.internal.framework.BundleContextImpl::dispatchEvent@366 (line 1011)
  0x00000223b496007c: 005c 1207 | e971 ccff 

  0x00000223b4960084: ;   {metadata({method} {0x00000223c8461b40} 'append' '(Ljava/lang/Object;)Ljava/lang/StringBuilder;' in 'java/lang/StringBuilder')}
  0x00000223b4960084: ff49 ba38 | 1b46 c823 | 0200 004c | 8954 2408 | 48c7 0424 | ffff ffff 

  0x00000223b496009c: ;   {runtime_call counter_overflow Runtime1 stub}
  0x00000223b496009c: e8df 5b12 

  0x00000223b49600a0: ; ImmutableOopMap {rdx=Oop rsi=Oop [128]=Oop [152]=Oop [176]=Oop [224]=Oop [232]=Oop [240]=Oop [248]=Oop }
                      ;*synchronization entry
                      ; - java.lang.StringBuilder::append@-1
                      ; - org.eclipse.osgi.internal.framework.BundleContextImpl::dispatchEvent@373 (line 1011)
  0x00000223b49600a0: 07e9 d2cc 

  0x00000223b49600a4: ;   {metadata({method} {0x00000223c8455280} 'valueOf' '(Ljava/lang/Object;)Ljava/lang/String;' in 'java/lang/String')}
  0x00000223b49600a4: ffff 49ba | 7852 45c8 | 2302 0000 | 4c89 5424 | 0848 c704 | 24ff ffff 

  0x00000223b49600bc: ;   {runtime_call counter_overflow Runtime1 stub}
  0x00000223b49600bc: ffe8 be5b 

  0x00000223b49600c0: ; ImmutableOopMap {rdx=Oop rsi=Oop [128]=Oop [152]=Oop [176]=Oop [224]=Oop [232]=Oop [240]=Oop [248]=Oop }
                      ;*synchronization entry
                      ; - java.lang.String::valueOf@-1
                      ; - java.lang.StringBuilder::append@2
                      ; - org.eclipse.osgi.internal.framework.BundleContextImpl::dispatchEvent@373 (line 1011)
  0x00000223b49600c0: 1207 e9ea 

  0x00000223b49600c4: ;   {runtime_call throw_null_pointer_exception Runtime1 stub}
  0x00000223b49600c4: ccff ffe8 

  0x00000223b49600c8: ; ImmutableOopMap {rsi=Oop [128]=Oop [152]=Oop [176]=Oop [224]=Oop [232]=Oop [240]=Oop [248]=Oop }
                      ;*invokevirtual toString {reexecute=0 rethrow=0 return_oop=0}
                      ; - java.lang.String::valueOf@11
                      ; - java.lang.StringBuilder::append@2
                      ; - org.eclipse.osgi.internal.framework.BundleContextImpl::dispatchEvent@373 (line 1011)
  0x00000223b49600c8: 341f 0907 

  0x00000223b49600cc: ;   {metadata({method} {0x00000223c8461ae8} 'append' '(Ljava/lang/String;)Ljava/lang/StringBuilder;' in 'java/lang/StringBuilder')}
  0x00000223b49600cc: 49ba e01a | 46c8 2302 | 0000 4c89 | 5424 0848 | c704 24ff 

  0x00000223b49600e0: ;   {runtime_call counter_overflow Runtime1 stub}
  0x00000223b49600e0: ffff ffe8 

  0x00000223b49600e4: ; ImmutableOopMap {rsi=Oop [128]=Oop [152]=Oop [176]=Oop [224]=Oop [232]=Oop [240]=Oop [248]=Oop }
                      ;*synchronization entry
                      ; - java.lang.StringBuilder::append@-1
                      ; - java.lang.StringBuilder::append@5
                      ; - org.eclipse.osgi.internal.framework.BundleContextImpl::dispatchEvent@373 (line 1011)
  0x00000223b49600e4: 985b 1207 | e905 ceff 

  0x00000223b49600ec: ;   {metadata({method} {0x00000223c8461ae8} 'append' '(Ljava/lang/String;)Ljava/lang/StringBuilder;' in 'java/lang/StringBuilder')}
  0x00000223b49600ec: ff49 bae0 | 1a46 c823 | 0200 004c | 8954 2408 | 48c7 0424 | ffff ffff 

  0x00000223b4960104: ;   {runtime_call counter_overflow Runtime1 stub}
  0x00000223b4960104: e877 5b12 

  0x00000223b4960108: ; ImmutableOopMap {rax=Oop [128]=Oop [152]=Oop [176]=Oop [224]=Oop [232]=Oop [240]=Oop [248]=Oop }
                      ;*synchronization entry
                      ; - java.lang.StringBuilder::append@-1
                      ; - org.eclipse.osgi.internal.framework.BundleContextImpl::dispatchEvent@379 (line 1011)
  0x00000223b4960108: 07e9 5cce 

  0x00000223b496010c: ;   {metadata({method} {0x00000223c8461ae8} 'append' '(Ljava/lang/String;)Ljava/lang/StringBuilder;' in 'java/lang/StringBuilder')}
  0x00000223b496010c: ffff 49ba | e01a 46c8 | 2302 0000 | 4c89 5424 | 0848 c704 | 24ff ffff 

  0x00000223b4960124: ;   {runtime_call counter_overflow Runtime1 stub}
  0x00000223b4960124: ffe8 565b 

  0x00000223b4960128: ; ImmutableOopMap {[128]=Oop [152]=Oop [176]=Oop [224]=Oop [232]=Oop [240]=Oop [248]=Oop }
                      ;*synchronization entry
                      ; - java.lang.StringBuilder::append@-1
                      ; - org.eclipse.osgi.internal.framework.BundleContextImpl::dispatchEvent@384 (line 1011)
  0x00000223b4960128: 1207 e9b0 

  0x00000223b496012c: ;   {metadata({method} {0x00000223c8461ae8} 'append' '(Ljava/lang/String;)Ljava/lang/StringBuilder;' in 'java/lang/StringBuilder')}
  0x00000223b496012c: ceff ff49 | bae0 1a46 | c823 0200 | 004c 8954 | 2408 48c7 | 0424 ffff 

  0x00000223b4960144: ;   {runtime_call counter_overflow Runtime1 stub}
  0x00000223b4960144: ffff e835 

  0x00000223b4960148: ; ImmutableOopMap {[128]=Oop [152]=Oop [176]=Oop [224]=Oop [240]=Oop [248]=Oop }
                      ;*synchronization entry
                      ; - java.lang.StringBuilder::append@-1
                      ; - org.eclipse.osgi.internal.framework.BundleContextImpl::dispatchEvent@390 (line 1011)
  0x00000223b4960148: 5b12 07e9 | 0fcf ffff 

  0x00000223b4960150: ;   {metadata({method} {0x00000223c8008958} 'toString' '()Ljava/lang/String;' in 'java/lang/StringBuilder')}
  0x00000223b4960150: 49ba 5089 | 00c8 2302 | 0000 4c89 | 5424 0848 | c704 24ff 

  0x00000223b4960164: ;   {runtime_call counter_overflow Runtime1 stub}
  0x00000223b4960164: ffff ffe8 

  0x00000223b4960168: ; ImmutableOopMap {[128]=Oop [152]=Oop [176]=Oop [224]=Oop [240]=Oop [248]=Oop }
                      ;*synchronization entry
                      ; - java.lang.StringBuilder::toString@-1
                      ; - org.eclipse.osgi.internal.framework.BundleContextImpl::dispatchEvent@393 (line 1011)
  0x00000223b4960168: 145b 1207 | e96c cfff | ff48 8bd2 

  0x00000223b4960174: ;   {runtime_call fast_new_instance Runtime1 stub}
  0x00000223b4960174: e887 1509 

  0x00000223b4960178: ; ImmutableOopMap {[128]=Oop [152]=Oop [176]=Oop [224]=Oop [240]=Oop [248]=Oop }
                      ;*new {reexecute=0 rethrow=0 return_oop=0}
                      ; - java.lang.StringBuilder::toString@0
                      ; - org.eclipse.osgi.internal.framework.BundleContextImpl::dispatchEvent@393 (line 1011)
  0x00000223b4960178: 07e9 afcf 

  0x00000223b496017c: ;   {metadata({method} {0x00000223c8455dd8} '<init>' '(Ljava/lang/StringBuilder;)V' in 'java/lang/String')}
  0x00000223b496017c: ffff 49ba | d05d 45c8 | 2302 0000 | 4c89 5424 | 0848 c704 | 24ff ffff 

  0x00000223b4960194: ;   {runtime_call counter_overflow Runtime1 stub}
  0x00000223b4960194: ffe8 e65a 

  0x00000223b4960198: ; ImmutableOopMap {rax=Oop [128]=Oop [152]=Oop [176]=Oop [224]=Oop [240]=Oop [248]=Oop }
                      ;*synchronization entry
                      ; - java.lang.String::<init>@-1
                      ; - java.lang.StringBuilder::toString@5
                      ; - org.eclipse.osgi.internal.framework.BundleContextImpl::dispatchEvent@393 (line 1011)
  0x00000223b4960198: 1207 e9cf 

  0x00000223b496019c: ;   {runtime_call throw_null_pointer_exception Runtime1 stub}
  0x00000223b496019c: cfff ffe8 

  0x00000223b49601a0: ; ImmutableOopMap {rbx=Oop [128]=Oop [152]=Oop [176]=Oop [224]=Oop [248]=Oop [256]=Oop }
                      ;*invokevirtual trace {reexecute=0 rethrow=0 return_oop=0}
                      ; - org.eclipse.osgi.internal.framework.BundleContextImpl::dispatchEvent@396 (line 1010)
  0x00000223b49601a0: 5c1e 0907 

  0x00000223b49601a4: ;   {metadata({method} {0x000002240a4e53d0} 'trace' '(Ljava/lang/String;Ljava/lang/String;)V' in 'org/eclipse/osgi/internal/debug/Debug')}
  0x00000223b49601a4: 49ba c853 | 4e0a 2402 | 0000 4c89 | 5424 0848 | c704 24ff 

  0x00000223b49601b8: ;   {runtime_call counter_overflow Runtime1 stub}
  0x00000223b49601b8: ffff ffe8 

  0x00000223b49601bc: ; ImmutableOopMap {rbx=Oop [128]=Oop [152]=Oop [176]=Oop [224]=Oop [248]=Oop [256]=Oop }
                      ;*synchronization entry
                      ; - org.eclipse.osgi.internal.debug.Debug::trace@-1 (line 256)
                      ; - org.eclipse.osgi.internal.framework.BundleContextImpl::dispatchEvent@396 (line 1010)
  0x00000223b49601bc: c05a 1207 | e94c d0ff 

  0x00000223b49601c4: ;   {runtime_call throw_incompatible_class_change_error Runtime1 stub}
  0x00000223b49601c4: ffe8 b630 

  0x00000223b49601c8: ; ImmutableOopMap {rdx=Oop [128]=Oop [152]=Oop [176]=Oop [224]=Oop [256]=Oop }
                      ;*invokeinterface getLogger {reexecute=0 rethrow=0 return_oop=0}
                      ; - org.eclipse.osgi.internal.debug.Debug::trace@11 (line 265)
                      ; - org.eclipse.osgi.internal.framework.BundleContextImpl::dispatchEvent@396 (line 1010)
                      ;   {runtime_call throw_null_pointer_exception Runtime1 stub}
  0x00000223b49601c8: 1207 e831 

  0x00000223b49601cc: ; ImmutableOopMap {rdx=Oop [128]=Oop [152]=Oop [176]=Oop [224]=Oop [256]=Oop }
                      ;*invokeinterface getLogger {reexecute=0 rethrow=0 return_oop=0}
                      ; - org.eclipse.osgi.internal.debug.Debug::trace@11 (line 265)
                      ; - org.eclipse.osgi.internal.framework.BundleContextImpl::dispatchEvent@396 (line 1010)
                      ;   {metadata({method} {0x000002240a50ca80} 'getLogger' '(Ljava/lang/String;)Lorg/osgi/service/log/Logger;' in 'org/eclipse/osgi/internal/log/ExtendedLogServiceImpl')}
  0x00000223b49601cc: 1e09 0749 | ba78 ca50 | 0a24 0200 | 004c 8954 | 2408 48c7 | 0424 ffff 

  0x00000223b49601e4: ;   {runtime_call counter_overflow Runtime1 stub}
  0x00000223b49601e4: ffff e895 

  0x00000223b49601e8: ; ImmutableOopMap {rdx=Oop [128]=Oop [152]=Oop [176]=Oop [224]=Oop [256]=Oop }
                      ;*synchronization entry
                      ; - org.eclipse.osgi.internal.log.ExtendedLogServiceImpl::getLogger@-1 (line 1)
                      ; - org.eclipse.osgi.internal.debug.Debug::trace@11 (line 265)
                      ; - org.eclipse.osgi.internal.framework.BundleContextImpl::dispatchEvent@396 (line 1010)
  0x00000223b49601e8: 5a12 07e9 | ddd0 ffff 

  0x00000223b49601f0: ;   {metadata({method} {0x000002240a50a308} 'getLogger' '(Ljava/lang/String;)Lorg/eclipse/equinox/log/Logger;' in 'org/eclipse/osgi/internal/log/ExtendedLogServiceImpl')}
  0x00000223b49601f0: 49ba 00a3 | 500a 2402 | 0000 4c89 | 5424 0848 | c704 24ff 

  0x00000223b4960204: ;   {runtime_call counter_overflow Runtime1 stub}
  0x00000223b4960204: ffff ffe8 

  0x00000223b4960208: ; ImmutableOopMap {rdx=Oop [128]=Oop [152]=Oop [176]=Oop [224]=Oop [256]=Oop }
                      ;*synchronization entry
                      ; - org.eclipse.osgi.internal.log.ExtendedLogServiceImpl::getLogger@-1 (line 73)
                      ; - org.eclipse.osgi.internal.log.ExtendedLogServiceImpl::getLogger@2 (line 1)
                      ; - org.eclipse.osgi.internal.debug.Debug::trace@11 (line 265)
                      ; - org.eclipse.osgi.internal.framework.BundleContextImpl::dispatchEvent@396 (line 1010)
  0x00000223b4960208: 745a 1207 | e90e d1ff | ff48 8904 

  0x00000223b4960214: ;   {runtime_call throw_class_cast_exception Runtime1 stub}
  0x00000223b4960214: 24e8 662d 

  0x00000223b4960218: ; ImmutableOopMap {[128]=Oop [152]=Oop [176]=Oop [224]=Oop [256]=Oop }
                      ;*checkcast {reexecute=0 rethrow=0 return_oop=0}
                      ; - org.eclipse.osgi.internal.log.ExtendedLogServiceImpl::getLogger@7 (line 73)
                      ; - org.eclipse.osgi.internal.log.ExtendedLogServiceImpl::getLogger@2 (line 1)
                      ; - org.eclipse.osgi.internal.debug.Debug::trace@11 (line 265)
                      ; - org.eclipse.osgi.internal.framework.BundleContextImpl::dispatchEvent@396 (line 1010)
                      ;   {runtime_call throw_null_pointer_exception Runtime1 stub}
  0x00000223b4960218: 1207 e8e1 

  0x00000223b496021c: ; ImmutableOopMap {rdx=Oop [128]=Oop [152]=Oop [176]=Oop [224]=Oop [256]=Oop }
                      ;*invokeinterface debug {reexecute=0 rethrow=0 return_oop=0}
                      ; - org.eclipse.osgi.internal.debug.Debug::trace@17 (line 265)
                      ; - org.eclipse.osgi.internal.framework.BundleContextImpl::dispatchEvent@396 (line 1010)
                      ;   {runtime_call throw_null_pointer_exception Runtime1 stub}
  0x00000223b496021c: 1d09 07e8 

  0x00000223b4960220: ; ImmutableOopMap {rax=Oop rdx=Oop [128]=Oop [152]=Oop [176]=Oop [224]=Oop }
                      ;*invokevirtual println {reexecute=0 rethrow=0 return_oop=0}
                      ; - org.eclipse.osgi.internal.debug.Debug::trace@29 (line 267)
                      ; - org.eclipse.osgi.internal.framework.BundleContextImpl::dispatchEvent@396 (line 1010)
  0x00000223b4960220: dc1d 0907 | 4889 3424 

  0x00000223b4960228: ;   {runtime_call throw_class_cast_exception Runtime1 stub}
  0x00000223b4960228: e853 2d12 

  0x00000223b496022c: ; ImmutableOopMap {rbx=Oop rsi=Oop [128]=Oop [152]=Oop [176]=Oop }
                      ;*checkcast {reexecute=0 rethrow=0 return_oop=0}
                      ; - org.eclipse.osgi.internal.framework.BundleContextImpl::dispatchEvent@403 (line 1014)
                      ;   {runtime_call throw_null_pointer_exception Runtime1 stub}
  0x00000223b496022c: 07e8 ce1d 

  0x00000223b4960230: ; ImmutableOopMap {rbx=Oop rsi=Oop r8=Oop [128]=Oop [152]=Oop [176]=Oop }
                      ;*invokeinterface frameworkEvent {reexecute=0 rethrow=0 return_oop=0}
                      ; - org.eclipse.osgi.internal.framework.BundleContextImpl::dispatchEvent@406 (line 1014)
  0x00000223b4960230: 0907 4889 

  0x00000223b4960234: ;   {runtime_call throw_class_cast_exception Runtime1 stub}
  0x00000223b4960234: 3424 e845 

  0x00000223b4960238: ; ImmutableOopMap {rsi=Oop rdx=Oop r9=Oop [128]=Oop [152]=Oop [176]=Oop }
                      ;*checkcast {reexecute=0 rethrow=0 return_oop=0}
                      ; - org.eclipse.osgi.internal.framework.BundleContextImpl::dispatchEvent@176 (line 992)
  0x00000223b4960238: 2d12 074c 

  0x00000223b496023c: ;   {runtime_call throw_class_cast_exception Runtime1 stub}
  0x00000223b496023c: 890c 24e8 

  0x00000223b4960240: ; ImmutableOopMap {rsi=Oop rdx=Oop rbx=Oop [128]=Oop [152]=Oop [176]=Oop }
                      ;*checkcast {reexecute=0 rethrow=0 return_oop=0}
                      ; - org.eclipse.osgi.internal.framework.BundleContextImpl::dispatchEvent@182 (line 994)
  0x00000223b4960240: 3c2d 1207 

  0x00000223b4960244: ;   {runtime_call throw_null_pointer_exception Runtime1 stub}
  0x00000223b4960244: e8b7 1d09 

  0x00000223b4960248: ; ImmutableOopMap {rsi=Oop rdx=Oop rbx=Oop r8=Oop [128]=Oop [152]=Oop [176]=Oop }
                      ;*getfield DEBUG_EVENTS {reexecute=1 rethrow=0 return_oop=0}
                      ; - (reexecute) org.eclipse.osgi.internal.framework.BundleContextImpl::dispatchEvent@191 (line 995)
                      ;   {metadata(nullptr)}
  0x00000223b4960248: 0748 ba00 | 0000 0000 | 0000 00b8 | 000f 050a 

  0x00000223b4960258: ;   {runtime_call load_klass_patching Runtime1 stub}
  0x00000223b4960258: e8a3 4912 

  0x00000223b496025c: ; ImmutableOopMap {rbx=Oop r8=Oop [128]=Oop [152]=Oop [176]=Oop }
                      ;*new {reexecute=1 rethrow=0 return_oop=0}
                      ; - (reexecute) org.eclipse.osgi.internal.framework.BundleContextImpl::dispatchEvent@197 (line 996)
  0x00000223b496025c: 07e9 3ed7 | ffff 488b 

  0x00000223b4960264: ;   {runtime_call fast_new_instance Runtime1 stub}
  0x00000223b4960264: d2e8 9614 

  0x00000223b4960268: ; ImmutableOopMap {rbx=Oop r8=Oop [128]=Oop [152]=Oop [176]=Oop }
                      ;*new {reexecute=0 rethrow=0 return_oop=0}
                      ; - org.eclipse.osgi.internal.framework.BundleContextImpl::dispatchEvent@197 (line 996)
  0x00000223b4960268: 0907 e981 

  0x00000223b496026c: ;   {runtime_call throw_null_pointer_exception Runtime1 stub}
  0x00000223b496026c: d7ff ffe8 

  0x00000223b4960270: ; ImmutableOopMap {rbx=Oop r8=Oop rax=Oop [128]=Oop [152]=Oop [176]=Oop [264]=Oop }
                      ;*invokevirtual getClass {reexecute=0 rethrow=0 return_oop=0}
                      ; - org.eclipse.osgi.internal.framework.BundleContextImpl::dispatchEvent@203 (line 996)
  0x00000223b4960270: 8c1d 0907 

  0x00000223b4960274: ;   {runtime_call throw_null_pointer_exception Runtime1 stub}
  0x00000223b4960274: e887 1d09 

  0x00000223b4960278: ; ImmutableOopMap {rbx=Oop r8=Oop rax=Oop rdx=Oop [128]=Oop [152]=Oop [176]=Oop [264]=Oop }
                      ;*invokevirtual getName {reexecute=0 rethrow=0 return_oop=0}
                      ; - org.eclipse.osgi.internal.framework.BundleContextImpl::dispatchEvent@206 (line 996)
                      ;   {metadata({method} {0x00000223c8469ad8} 'getName' '()Ljava/lang/String;' in 'java/lang/Class')}
  0x00000223b4960278: 0749 bad0 | 9a46 c823 | 0200 004c | 8954 2408 | 48c7 0424 | ffff ffff 

  0x00000223b4960290: ;   {runtime_call counter_overflow Runtime1 stub}
  0x00000223b4960290: e8eb 5912 

  0x00000223b4960294: ; ImmutableOopMap {rbx=Oop r8=Oop rax=Oop rdx=Oop [128]=Oop [152]=Oop [176]=Oop [264]=Oop }
                      ;*synchronization entry
                      ; - java.lang.Class::getName@-1
                      ; - org.eclipse.osgi.internal.framework.BundleContextImpl::dispatchEvent@206 (line 996)
  0x00000223b4960294: 07e9 cdd7 

  0x00000223b4960298: ;   {metadata({method} {0x00000223c8455280} 'valueOf' '(Ljava/lang/Object;)Ljava/lang/String;' in 'java/lang/String')}
  0x00000223b4960298: ffff 49ba | 7852 45c8 | 2302 0000 | 4c89 5424 | 0848 c704 | 24ff ffff 

  0x00000223b49602b0: ;   {runtime_call counter_overflow Runtime1 stub}
  0x00000223b49602b0: ffe8 ca59 

  0x00000223b49602b4: ; ImmutableOopMap {rsi=Oop [128]=Oop [152]=Oop [176]=Oop [264]=Oop [272]=Oop [280]=Oop }
                      ;*synchronization entry
                      ; - java.lang.String::valueOf@-1
                      ; - org.eclipse.osgi.internal.framework.BundleContextImpl::dispatchEvent@209 (line 996)
  0x00000223b49602b4: 1207 e975 

  0x00000223b49602b8: ;   {runtime_call throw_null_pointer_exception Runtime1 stub}
  0x00000223b49602b8: d8ff ffe8 

  0x00000223b49602bc: ; ImmutableOopMap {rsi=Oop [128]=Oop [152]=Oop [176]=Oop [264]=Oop [272]=Oop [280]=Oop }
                      ;*invokevirtual toString {reexecute=0 rethrow=0 return_oop=0}
                      ; - java.lang.String::valueOf@11
                      ; - org.eclipse.osgi.internal.framework.BundleContextImpl::dispatchEvent@209 (line 996)
  0x00000223b49602bc: 401d 0907 

  0x00000223b49602c0: ;   {metadata({method} {0x00000223c8461da8} '<init>' '(Ljava/lang/String;)V' in 'java/lang/StringBuilder')}
  0x00000223b49602c0: 49ba a01d | 46c8 2302 | 0000 4c89 | 5424 0848 | c704 24ff 

  0x00000223b49602d4: ;   {runtime_call counter_overflow Runtime1 stub}
  0x00000223b49602d4: ffff ffe8 

  0x00000223b49602d8: ; ImmutableOopMap {rsi=Oop rax=Oop [128]=Oop [152]=Oop [176]=Oop [264]=Oop [272]=Oop [280]=Oop }
                      ;*synchronization entry
                      ; - java.lang.StringBuilder::<init>@-1
                      ; - org.eclipse.osgi.internal.framework.BundleContextImpl::dispatchEvent@212 (line 996)
  0x00000223b49602d8: a459 1207 | e99c d9ff 

  0x00000223b49602e0: ;   {metadata({method} {0x00000223c8461ae8} 'append' '(Ljava/lang/String;)Ljava/lang/StringBuilder;' in 'java/lang/StringBuilder')}
  0x00000223b49602e0: ff49 bae0 | 1a46 c823 | 0200 004c | 8954 2408 | 48c7 0424 | ffff ffff 

  0x00000223b49602f8: ;   {runtime_call counter_overflow Runtime1 stub}
  0x00000223b49602f8: e883 5912 

  0x00000223b49602fc: ; ImmutableOopMap {[128]=Oop [152]=Oop [176]=Oop [264]=Oop [272]=Oop [280]=Oop }
                      ;*synchronization entry
                      ; - java.lang.StringBuilder::append@-1
                      ; - org.eclipse.osgi.internal.framework.BundleContextImpl::dispatchEvent@218 (line 996)
  0x00000223b49602fc: 07e9 edd9 

  0x00000223b4960300: ;   {metadata({method} {0x00000223c8416620} 'toHexString' '(I)Ljava/lang/String;' in 'java/lang/Integer')}
  0x00000223b4960300: ffff 49ba | 1866 41c8 | 2302 0000 | 4c89 5424 | 0848 c704 | 24ff ffff 

  0x00000223b4960318: ;   {runtime_call counter_overflow Runtime1 stub}
  0x00000223b4960318: ffe8 6259 

  0x00000223b496031c: ; ImmutableOopMap {[128]=Oop [152]=Oop [176]=Oop [264]=Oop [272]=Oop [280]=Oop }
                      ;*synchronization entry
                      ; - java.lang.Integer::toHexString@-1
                      ; - org.eclipse.osgi.internal.framework.BundleContextImpl::dispatchEvent@226 (line 997)
  0x00000223b496031c: 1207 e96f 

  0x00000223b4960320: ;   {metadata({method} {0x00000223c8461ae8} 'append' '(Ljava/lang/String;)Ljava/lang/StringBuilder;' in 'java/lang/StringBuilder')}
  0x00000223b4960320: daff ff49 | bae0 1a46 | c823 0200 | 004c 8954 | 2408 48c7 | 0424 ffff 

  0x00000223b4960338: ;   {runtime_call counter_overflow Runtime1 stub}
  0x00000223b4960338: ffff e841 

  0x00000223b496033c: ; ImmutableOopMap {rax=Oop [128]=Oop [152]=Oop [176]=Oop [264]=Oop [272]=Oop [280]=Oop }
                      ;*synchronization entry
                      ; - java.lang.StringBuilder::append@-1
                      ; - org.eclipse.osgi.internal.framework.BundleContextImpl::dispatchEvent@229 (line 997)
  0x00000223b496033c: 5912 07e9 | bbda ffff 

  0x00000223b4960344: ;   {metadata({method} {0x00000223c8008958} 'toString' '()Ljava/lang/String;' in 'java/lang/StringBuilder')}
  0x00000223b4960344: 49ba 5089 | 00c8 2302 | 0000 4c89 | 5424 0848 | c704 24ff 

  0x00000223b4960358: ;   {runtime_call counter_overflow Runtime1 stub}
  0x00000223b4960358: ffff ffe8 

  0x00000223b496035c: ; ImmutableOopMap {[128]=Oop [152]=Oop [176]=Oop [264]=Oop [272]=Oop [280]=Oop }
                      ;*synchronization entry
                      ; - java.lang.StringBuilder::toString@-1
                      ; - org.eclipse.osgi.internal.framework.BundleContextImpl::dispatchEvent@232 (line 996)
  0x00000223b496035c: 2059 1207 | e910 dbff | ff48 8bd2 

  0x00000223b4960368: ;   {runtime_call fast_new_instance Runtime1 stub}
  0x00000223b4960368: e893 1309 

  0x00000223b496036c: ; ImmutableOopMap {[128]=Oop [152]=Oop [176]=Oop [264]=Oop [272]=Oop [280]=Oop }
                      ;*new {reexecute=0 rethrow=0 return_oop=0}
                      ; - java.lang.StringBuilder::toString@0
                      ; - org.eclipse.osgi.internal.framework.BundleContextImpl::dispatchEvent@232 (line 996)
  0x00000223b496036c: 07e9 53db 

  0x00000223b4960370: ;   {metadata({method} {0x00000223c8455dd8} '<init>' '(Ljava/lang/StringBuilder;)V' in 'java/lang/String')}
  0x00000223b4960370: ffff 49ba | d05d 45c8 | 2302 0000 | 4c89 5424 | 0848 c704 | 24ff ffff 

  0x00000223b4960388: ;   {runtime_call counter_overflow Runtime1 stub}
  0x00000223b4960388: ffe8 f258 

  0x00000223b496038c: ; ImmutableOopMap {rax=Oop [128]=Oop [152]=Oop [176]=Oop [264]=Oop [272]=Oop [280]=Oop [288]=Oop }
                      ;*synchronization entry
                      ; - java.lang.String::<init>@-1
                      ; - java.lang.StringBuilder::toString@5
                      ; - org.eclipse.osgi.internal.framework.BundleContextImpl::dispatchEvent@232 (line 996)
  0x00000223b496038c: 1207 e97b 

  0x00000223b4960390: ;   {metadata(nullptr)}
  0x00000223b4960390: dbff ff48 | ba00 0000 | 0000 0000 | 00b8 000f 

  0x00000223b49603a0: ;   {runtime_call load_klass_patching Runtime1 stub}
  0x00000223b49603a0: 050a e859 

  0x00000223b49603a4: ; ImmutableOopMap {rbx=Oop [128]=Oop [152]=Oop [176]=Oop [272]=Oop [280]=Oop [288]=Oop [304]=Oop }
                      ;*new {reexecute=1 rethrow=0 return_oop=0}
                      ; - (reexecute) org.eclipse.osgi.internal.framework.BundleContextImpl::dispatchEvent@244 (line 998)
  0x00000223b49603a4: 4812 07e9 | b4db ffff 

  0x00000223b49603ac: ;   {runtime_call fast_new_instance Runtime1 stub}
  0x00000223b49603ac: 488b d2e8 

  0x00000223b49603b0: ; ImmutableOopMap {rbx=Oop [128]=Oop [152]=Oop [176]=Oop [272]=Oop [280]=Oop [288]=Oop [304]=Oop }
                      ;*new {reexecute=0 rethrow=0 return_oop=0}
                      ; - org.eclipse.osgi.internal.framework.BundleContextImpl::dispatchEvent@244 (line 998)
  0x00000223b49603b0: 4c13 0907 | e9f7 dbff 

  0x00000223b49603b8: ;   {metadata({method} {0x00000223c8461da8} '<init>' '(Ljava/lang/String;)V' in 'java/lang/StringBuilder')}
  0x00000223b49603b8: ff49 baa0 | 1d46 c823 | 0200 004c | 8954 2408 | 48c7 0424 | ffff ffff 

  0x00000223b49603d0: ;   {runtime_call counter_overflow Runtime1 stub}
  0x00000223b49603d0: e8ab 5812 

  0x00000223b49603d4: ; ImmutableOopMap {rbx=Oop rax=Oop [128]=Oop [152]=Oop [176]=Oop [272]=Oop [280]=Oop [288]=Oop [296]=Oop [304]=Oop }
                      ;*synchronization entry
                      ; - java.lang.StringBuilder::<init>@-1
                      ; - org.eclipse.osgi.internal.framework.BundleContextImpl::dispatchEvent@251 (line 998)
  0x00000223b49603d4: 07e9 1cdc 

  0x00000223b49603d8: ;   {metadata({method} {0x00000223c8461b40} 'append' '(Ljava/lang/Object;)Ljava/lang/StringBuilder;' in 'java/lang/StringBuilder')}
  0x00000223b49603d8: ffff 49ba | 381b 46c8 | 2302 0000 | 4c89 5424 | 0848 c704 | 24ff ffff 

  0x00000223b49603f0: ;   {runtime_call counter_overflow Runtime1 stub}
  0x00000223b49603f0: ffe8 8a58 

  0x00000223b49603f4: ; ImmutableOopMap {rdx=Oop rsi=Oop [128]=Oop [152]=Oop [176]=Oop [272]=Oop [280]=Oop [288]=Oop [296]=Oop [304]=Oop }
                      ;*synchronization entry
                      ; - java.lang.StringBuilder::append@-1
                      ; - org.eclipse.osgi.internal.framework.BundleContextImpl::dispatchEvent@258 (line 998)
  0x00000223b49603f4: 1207 e97d 

  0x00000223b49603f8: ;   {metadata({method} {0x00000223c8455280} 'valueOf' '(Ljava/lang/Object;)Ljava/lang/String;' in 'java/lang/String')}
  0x00000223b49603f8: dcff ff49 | ba78 5245 | c823 0200 | 004c 8954 | 2408 48c7 | 0424 ffff 

  0x00000223b4960410: ;   {runtime_call counter_overflow Runtime1 stub}
  0x00000223b4960410: ffff e869 

  0x00000223b4960414: ; ImmutableOopMap {rdx=Oop rsi=Oop [128]=Oop [152]=Oop [176]=Oop [272]=Oop [280]=Oop [288]=Oop [296]=Oop [304]=Oop }
                      ;*synchronization entry
                      ; - java.lang.String::valueOf@-1
                      ; - java.lang.StringBuilder::append@2
                      ; - org.eclipse.osgi.internal.framework.BundleContextImpl::dispatchEvent@258 (line 998)
  0x00000223b4960414: 5812 07e9 | 95dc ffff 

  0x00000223b496041c: ;   {runtime_call throw_null_pointer_exception Runtime1 stub}
  0x00000223b496041c: e8df 1b09 

  0x00000223b4960420: ; ImmutableOopMap {rsi=Oop [128]=Oop [152]=Oop [176]=Oop [272]=Oop [280]=Oop [288]=Oop [296]=Oop [304]=Oop }
                      ;*invokevirtual toString {reexecute=0 rethrow=0 return_oop=0}
                      ; - java.lang.String::valueOf@11
                      ; - java.lang.StringBuilder::append@2
                      ; - org.eclipse.osgi.internal.framework.BundleContextImpl::dispatchEvent@258 (line 998)
                      ;   {metadata({method} {0x00000223c8461ae8} 'append' '(Ljava/lang/String;)Ljava/lang/StringBuilder;' in 'java/lang/StringBuilder')}
  0x00000223b4960420: 0749 bae0 | 1a46 c823 | 0200 004c | 8954 2408 | 48c7 0424 | ffff ffff 

  0x00000223b4960438: ;   {runtime_call counter_overflow Runtime1 stub}
  0x00000223b4960438: e843 5812 

  0x00000223b496043c: ; ImmutableOopMap {rsi=Oop [128]=Oop [152]=Oop [176]=Oop [272]=Oop [280]=Oop [288]=Oop [296]=Oop [304]=Oop }
                      ;*synchronization entry
                      ; - java.lang.StringBuilder::append@-1
                      ; - java.lang.StringBuilder::append@5
                      ; - org.eclipse.osgi.internal.framework.BundleContextImpl::dispatchEvent@258 (line 998)
  0x00000223b496043c: 07e9 b0dd 

  0x00000223b4960440: ;   {metadata({method} {0x00000223c8461ae8} 'append' '(Ljava/lang/String;)Ljava/lang/StringBuilder;' in 'java/lang/StringBuilder')}
  0x00000223b4960440: ffff 49ba | e01a 46c8 | 2302 0000 | 4c89 5424 | 0848 c704 | 24ff ffff 

  0x00000223b4960458: ;   {runtime_call counter_overflow Runtime1 stub}
  0x00000223b4960458: ffe8 2258 

  0x00000223b496045c: ; ImmutableOopMap {rax=Oop [128]=Oop [152]=Oop [176]=Oop [272]=Oop [280]=Oop [288]=Oop [296]=Oop [304]=Oop }
                      ;*synchronization entry
                      ; - java.lang.StringBuilder::append@-1
                      ; - org.eclipse.osgi.internal.framework.BundleContextImpl::dispatchEvent@264 (line 998)
  0x00000223b496045c: 1207 e907 

  0x00000223b4960460: ;   {metadata({method} {0x00000223c8461ae8} 'append' '(Ljava/lang/String;)Ljava/lang/StringBuilder;' in 'java/lang/StringBuilder')}
  0x00000223b4960460: deff ff49 | bae0 1a46 | c823 0200 | 004c 8954 | 2408 48c7 | 0424 ffff 

  0x00000223b4960478: ;   {runtime_call counter_overflow Runtime1 stub}
  0x00000223b4960478: ffff e801 

  0x00000223b496047c: ; ImmutableOopMap {[128]=Oop [152]=Oop [176]=Oop [272]=Oop [280]=Oop [288]=Oop [296]=Oop [304]=Oop }
                      ;*synchronization entry
                      ; - java.lang.StringBuilder::append@-1
                      ; - org.eclipse.osgi.internal.framework.BundleContextImpl::dispatchEvent@269 (line 998)
  0x00000223b496047c: 5812 07e9 | 5bde ffff 

  0x00000223b4960484: ;   {metadata({method} {0x00000223c8461ae8} 'append' '(Ljava/lang/String;)Ljava/lang/StringBuilder;' in 'java/lang/StringBuilder')}
  0x00000223b4960484: 49ba e01a | 46c8 2302 | 0000 4c89 | 5424 0848 | c704 24ff 

  0x00000223b4960498: ;   {runtime_call counter_overflow Runtime1 stub}
  0x00000223b4960498: ffff ffe8 

  0x00000223b496049c: ; ImmutableOopMap {[128]=Oop [152]=Oop [176]=Oop [272]=Oop [280]=Oop [296]=Oop [304]=Oop }
                      ;*synchronization entry
                      ; - java.lang.StringBuilder::append@-1
                      ; - org.eclipse.osgi.internal.framework.BundleContextImpl::dispatchEvent@275 (line 998)
  0x00000223b496049c: e057 1207 | e9ba deff 

  0x00000223b49604a4: ;   {metadata({method} {0x00000223c8008958} 'toString' '()Ljava/lang/String;' in 'java/lang/StringBuilder')}
  0x00000223b49604a4: ff49 ba50 | 8900 c823 | 0200 004c | 8954 2408 | 48c7 0424 | ffff ffff 

  0x00000223b49604bc: ;   {runtime_call counter_overflow Runtime1 stub}
  0x00000223b49604bc: e8bf 5712 

  0x00000223b49604c0: ; ImmutableOopMap {[128]=Oop [152]=Oop [176]=Oop [272]=Oop [280]=Oop [296]=Oop [304]=Oop }
                      ;*synchronization entry
                      ; - java.lang.StringBuilder::toString@-1
                      ; - org.eclipse.osgi.internal.framework.BundleContextImpl::dispatchEvent@278 (line 998)
  0x00000223b49604c0: 07e9 17df | ffff 488b 

  0x00000223b49604c8: ;   {runtime_call fast_new_instance Runtime1 stub}
  0x00000223b49604c8: d2e8 3212 

  0x00000223b49604cc: ; ImmutableOopMap {[128]=Oop [152]=Oop [176]=Oop [272]=Oop [280]=Oop [296]=Oop [304]=Oop }
                      ;*new {reexecute=0 rethrow=0 return_oop=0}
                      ; - java.lang.StringBuilder::toString@0
                      ; - org.eclipse.osgi.internal.framework.BundleContextImpl::dispatchEvent@278 (line 998)
  0x00000223b49604cc: 0907 e95a 

  0x00000223b49604d0: ;   {metadata({method} {0x00000223c8455dd8} '<init>' '(Ljava/lang/StringBuilder;)V' in 'java/lang/String')}
  0x00000223b49604d0: dfff ff49 | bad0 5d45 | c823 0200 | 004c 8954 | 2408 48c7 | 0424 ffff 

  0x00000223b49604e8: ;   {runtime_call counter_overflow Runtime1 stub}
  0x00000223b49604e8: ffff e891 

  0x00000223b49604ec: ; ImmutableOopMap {rax=Oop [128]=Oop [152]=Oop [176]=Oop [272]=Oop [280]=Oop [296]=Oop [304]=Oop }
                      ;*synchronization entry
                      ; - java.lang.String::<init>@-1
                      ; - java.lang.StringBuilder::toString@5
                      ; - org.eclipse.osgi.internal.framework.BundleContextImpl::dispatchEvent@278 (line 998)
  0x00000223b49604ec: 5712 07e9 | 7adf ffff 

  0x00000223b49604f4: ;   {runtime_call throw_null_pointer_exception Runtime1 stub}
  0x00000223b49604f4: e807 1b09 

  0x00000223b49604f8: ; ImmutableOopMap {rbx=Oop [128]=Oop [152]=Oop [176]=Oop [272]=Oop [280]=Oop [304]=Oop [312]=Oop }
                      ;*invokevirtual trace {reexecute=0 rethrow=0 return_oop=0}
                      ; - org.eclipse.osgi.internal.framework.BundleContextImpl::dispatchEvent@281 (line 998)
                      ;   {metadata({method} {0x000002240a4e53d0} 'trace' '(Ljava/lang/String;Ljava/lang/String;)V' in 'org/eclipse/osgi/internal/debug/Debug')}
  0x00000223b49604f8: 0749 bac8 | 534e 0a24 | 0200 004c | 8954 2408 | 48c7 0424 | ffff ffff 

  0x00000223b4960510: ;   {runtime_call counter_overflow Runtime1 stub}
  0x00000223b4960510: e86b 5712 

  0x00000223b4960514: ; ImmutableOopMap {rbx=Oop [128]=Oop [152]=Oop [176]=Oop [272]=Oop [280]=Oop [304]=Oop [312]=Oop }
                      ;*synchronization entry
                      ; - org.eclipse.osgi.internal.debug.Debug::trace@-1 (line 256)
                      ; - org.eclipse.osgi.internal.framework.BundleContextImpl::dispatchEvent@281 (line 998)
  0x00000223b4960514: 07e9 f7df 

  0x00000223b4960518: ;   {runtime_call throw_incompatible_class_change_error Runtime1 stub}
  0x00000223b4960518: ffff e861 

  0x00000223b496051c: ; ImmutableOopMap {rdx=Oop [128]=Oop [152]=Oop [176]=Oop [272]=Oop [280]=Oop [312]=Oop }
                      ;*invokeinterface getLogger {reexecute=0 rethrow=0 return_oop=0}
                      ; - org.eclipse.osgi.internal.debug.Debug::trace@11 (line 265)
                      ; - org.eclipse.osgi.internal.framework.BundleContextImpl::dispatchEvent@281 (line 998)
                      ;   {runtime_call throw_null_pointer_exception Runtime1 stub}
  0x00000223b496051c: 2d12 07e8 

  0x00000223b4960520: ; ImmutableOopMap {rdx=Oop [128]=Oop [152]=Oop [176]=Oop [272]=Oop [280]=Oop [312]=Oop }
                      ;*invokeinterface getLogger {reexecute=0 rethrow=0 return_oop=0}
                      ; - org.eclipse.osgi.internal.debug.Debug::trace@11 (line 265)
                      ; - org.eclipse.osgi.internal.framework.BundleContextImpl::dispatchEvent@281 (line 998)
  0x00000223b4960520: dc1a 0907 

  0x00000223b4960524: ;   {metadata({method} {0x000002240a50ca80} 'getLogger' '(Ljava/lang/String;)Lorg/osgi/service/log/Logger;' in 'org/eclipse/osgi/internal/log/ExtendedLogServiceImpl')}
  0x00000223b4960524: 49ba 78ca | 500a 2402 | 0000 4c89 | 5424 0848 | c704 24ff 

  0x00000223b4960538: ;   {runtime_call counter_overflow Runtime1 stub}
  0x00000223b4960538: ffff ffe8 

  0x00000223b496053c: ; ImmutableOopMap {rdx=Oop [128]=Oop [152]=Oop [176]=Oop [272]=Oop [280]=Oop [312]=Oop }
                      ;*synchronization entry
                      ; - org.eclipse.osgi.internal.log.ExtendedLogServiceImpl::getLogger@-1 (line 1)
                      ; - org.eclipse.osgi.internal.debug.Debug::trace@11 (line 265)
                      ; - org.eclipse.osgi.internal.framework.BundleContextImpl::dispatchEvent@281 (line 998)
  0x00000223b496053c: 4057 1207 | e988 e0ff 

  0x00000223b4960544: ;   {metadata({method} {0x000002240a50a308} 'getLogger' '(Ljava/lang/String;)Lorg/eclipse/equinox/log/Logger;' in 'org/eclipse/osgi/internal/log/ExtendedLogServiceImpl')}
  0x00000223b4960544: ff49 ba00 | a350 0a24 | 0200 004c | 8954 2408 | 48c7 0424 | ffff ffff 

  0x00000223b496055c: ;   {runtime_call counter_overflow Runtime1 stub}
  0x00000223b496055c: e81f 5712 

  0x00000223b4960560: ; ImmutableOopMap {rdx=Oop [128]=Oop [152]=Oop [176]=Oop [272]=Oop [280]=Oop [312]=Oop }
                      ;*synchronization entry
                      ; - org.eclipse.osgi.internal.log.ExtendedLogServiceImpl::getLogger@-1 (line 73)
                      ; - org.eclipse.osgi.internal.log.ExtendedLogServiceImpl::getLogger@2 (line 1)
                      ; - org.eclipse.osgi.internal.debug.Debug::trace@11 (line 265)
                      ; - org.eclipse.osgi.internal.framework.BundleContextImpl::dispatchEvent@281 (line 998)
  0x00000223b4960560: 07e9 b9e0 | ffff 4889 

  0x00000223b4960568: ;   {runtime_call throw_class_cast_exception Runtime1 stub}
  0x00000223b4960568: 0424 e811 

  0x00000223b496056c: ; ImmutableOopMap {[128]=Oop [152]=Oop [176]=Oop [272]=Oop [280]=Oop [312]=Oop }
                      ;*checkcast {reexecute=0 rethrow=0 return_oop=0}
                      ; - org.eclipse.osgi.internal.log.ExtendedLogServiceImpl::getLogger@7 (line 73)
                      ; - org.eclipse.osgi.internal.log.ExtendedLogServiceImpl::getLogger@2 (line 1)
                      ; - org.eclipse.osgi.internal.debug.Debug::trace@11 (line 265)
                      ; - org.eclipse.osgi.internal.framework.BundleContextImpl::dispatchEvent@281 (line 998)
                      ;   {runtime_call throw_null_pointer_exception Runtime1 stub}
  0x00000223b496056c: 2a12 07e8 

  0x00000223b4960570: ; ImmutableOopMap {rdx=Oop [128]=Oop [152]=Oop [176]=Oop [272]=Oop [280]=Oop [312]=Oop }
                      ;*invokeinterface debug {reexecute=0 rethrow=0 return_oop=0}
                      ; - org.eclipse.osgi.internal.debug.Debug::trace@17 (line 265)
                      ; - org.eclipse.osgi.internal.framework.BundleContextImpl::dispatchEvent@281 (line 998)
  0x00000223b4960570: 8c1a 0907 

  0x00000223b4960574: ;   {runtime_call throw_null_pointer_exception Runtime1 stub}
  0x00000223b4960574: e887 1a09 

  0x00000223b4960578: ; ImmutableOopMap {rax=Oop rdx=Oop [128]=Oop [152]=Oop [176]=Oop [272]=Oop [280]=Oop }
                      ;*invokevirtual println {reexecute=0 rethrow=0 return_oop=0}
                      ; - org.eclipse.osgi.internal.debug.Debug::trace@29 (line 267)
                      ; - org.eclipse.osgi.internal.framework.BundleContextImpl::dispatchEvent@281 (line 998)
                      ;   {runtime_call throw_null_pointer_exception Runtime1 stub}
  0x00000223b4960578: 07e8 821a 

  0x00000223b496057c: ; ImmutableOopMap {rbx=Oop rdx=Oop [128]=Oop [152]=Oop [176]=Oop }
                      ;*invokeinterface serviceChanged {reexecute=0 rethrow=0 return_oop=0}
                      ; - org.eclipse.osgi.internal.framework.BundleContextImpl::dispatchEvent@288 (line 1000)
  0x00000223b496057c: 0907 4889 

  0x00000223b4960580: ;   {runtime_call throw_class_cast_exception Runtime1 stub}
  0x00000223b4960580: 0424 e8f9 

  0x00000223b4960584: ; ImmutableOopMap {}
                      ;*checkcast {reexecute=0 rethrow=0 return_oop=0}
                      ; - org.eclipse.osgi.internal.framework.BundleContextImpl::dispatchEvent@570 (line 1039)
                      ;   {runtime_call throw_null_pointer_exception Runtime1 stub}
  0x00000223b4960584: 2912 07e8 

  0x00000223b4960588: ; ImmutableOopMap {r8=Oop rdx=Oop }
                      ;*invokevirtual setContextClassLoader {reexecute=0 rethrow=0 return_oop=0}
                      ; - org.eclipse.osgi.internal.framework.BundleContextImpl::dispatchEvent@573 (line 1039)
  0x00000223b4960588: 741a 0907 

  0x00000223b496058c: ;   {internal_word}
  0x00000223b496058c: 49ba 6ceb | 95b4 2302 | 0000 4d89 | 9768 0400 

  0x00000223b496059c: ;   {runtime_call SafepointBlob}
  0x00000223b496059c: 00e9 5e45 

  0x00000223b49605a0: ;   {metadata(nullptr)}
  0x00000223b49605a0: 0707 48ba | 0000 0000 | 0000 0000 | b800 0f05 

  0x00000223b49605b0: ;   {runtime_call load_klass_patching Runtime1 stub}
  0x00000223b49605b0: 0ae8 4a46 

  0x00000223b49605b4: ; ImmutableOopMap {[128]=Oop [152]=Oop [176]=Oop }
                      ;*new {reexecute=1 rethrow=0 return_oop=0}
                      ; - (reexecute) org.eclipse.osgi.internal.framework.BundleContextImpl::dispatchEvent@414 (line 1018)
  0x00000223b49605b4: 1207 e9c5 | e5ff ff48 

  0x00000223b49605bc: ;   {runtime_call fast_new_instance Runtime1 stub}
  0x00000223b49605bc: 8bd2 e83d 

  0x00000223b49605c0: ; ImmutableOopMap {[128]=Oop [152]=Oop [176]=Oop }
                      ;*new {reexecute=0 rethrow=0 return_oop=0}
                      ; - org.eclipse.osgi.internal.framework.BundleContextImpl::dispatchEvent@414 (line 1018)
  0x00000223b49605c0: 1109 07e9 | 10e6 ffff 

  0x00000223b49605c8: ;   {runtime_call throw_null_pointer_exception Runtime1 stub}
  0x00000223b49605c8: e833 1a09 

  0x00000223b49605cc: ; ImmutableOopMap {rdx=Oop rax=Oop rbx=Oop [128]=Oop [152]=Oop [176]=Oop }
                      ;*getfield DEBUG_EVENTS {reexecute=1 rethrow=0 return_oop=0}
                      ; - (reexecute) org.eclipse.osgi.internal.framework.BundleContextImpl::dispatchEvent@428 (line 1023)
                      ;   {metadata(nullptr)}
  0x00000223b49605cc: 0748 ba00 | 0000 0000 | 0000 00b8 | 000f 050a 

  0x00000223b49605dc: ;   {runtime_call load_klass_patching Runtime1 stub}
  0x00000223b49605dc: e81f 4612 

  0x00000223b49605e0: ; ImmutableOopMap {[128]=Oop [152]=Oop [176]=Oop [328]=Oop [344]=Oop }
                      ;*new {reexecute=1 rethrow=0 return_oop=0}
                      ; - (reexecute) org.eclipse.osgi.internal.framework.BundleContextImpl::dispatchEvent@441 (line 1024)
  0x00000223b49605e0: 07e9 bae6 | ffff 488b 

  0x00000223b49605e8: ;   {runtime_call fast_new_instance Runtime1 stub}
  0x00000223b49605e8: d2e8 1211 

  0x00000223b49605ec: ; ImmutableOopMap {[128]=Oop [152]=Oop [176]=Oop [328]=Oop [344]=Oop }
                      ;*new {reexecute=0 rethrow=0 return_oop=0}
                      ; - org.eclipse.osgi.internal.framework.BundleContextImpl::dispatchEvent@441 (line 1024)
  0x00000223b49605ec: 0907 e9fd 

  0x00000223b49605f0: ;   {metadata({method} {0x00000223c8461da8} '<init>' '(Ljava/lang/String;)V' in 'java/lang/StringBuilder')}
  0x00000223b49605f0: e6ff ff49 | baa0 1d46 | c823 0200 | 004c 8954 | 2408 48c7 | 0424 ffff 

  0x00000223b4960608: ;   {runtime_call counter_overflow Runtime1 stub}
  0x00000223b4960608: ffff e871 

  0x00000223b496060c: ; ImmutableOopMap {rax=Oop [128]=Oop [152]=Oop [176]=Oop [328]=Oop [344]=Oop }
                      ;*synchronization entry
                      ; - java.lang.StringBuilder::<init>@-1
                      ; - org.eclipse.osgi.internal.framework.BundleContextImpl::dispatchEvent@448 (line 1024)
  0x00000223b496060c: 5612 07e9 | 1ae7 ffff 

  0x00000223b4960614: ;   {metadata({method} {0x00000223c8461ae8} 'append' '(Ljava/lang/String;)Ljava/lang/StringBuilder;' in 'java/lang/StringBuilder')}
  0x00000223b4960614: 49ba e01a | 46c8 2302 | 0000 4c89 | 5424 0848 | c704 24ff 

  0x00000223b4960628: ;   {runtime_call counter_overflow Runtime1 stub}
  0x00000223b4960628: ffff ffe8 

  0x00000223b496062c: ; ImmutableOopMap {rax=Oop [128]=Oop [152]=Oop [176]=Oop [328]=Oop [336]=Oop [344]=Oop }
                      ;*synchronization entry
                      ; - java.lang.StringBuilder::append@-1
                      ; - org.eclipse.osgi.internal.framework.BundleContextImpl::dispatchEvent@456 (line 1024)
  0x00000223b496062c: 5056 1207 | e932 e8ff 

  0x00000223b4960634: ;   {metadata({method} {0x00000223c8008958} 'toString' '()Ljava/lang/String;' in 'java/lang/StringBuilder')}
  0x00000223b4960634: ff49 ba50 | 8900 c823 | 0200 004c | 8954 2408 | 48c7 0424 | ffff ffff 

  0x00000223b496064c: ;   {runtime_call counter_overflow Runtime1 stub}
  0x00000223b496064c: e82f 5612 

  0x00000223b4960650: ; ImmutableOopMap {[128]=Oop [152]=Oop [176]=Oop [328]=Oop [336]=Oop [344]=Oop }
                      ;*synchronization entry
                      ; - java.lang.StringBuilder::toString@-1
                      ; - org.eclipse.osgi.internal.framework.BundleContextImpl::dispatchEvent@459 (line 1024)
  0x00000223b4960650: 07e9 87e8 | ffff 488b 

  0x00000223b4960658: ;   {runtime_call fast_new_instance Runtime1 stub}
  0x00000223b4960658: d2e8 a210 

  0x00000223b496065c: ; ImmutableOopMap {[128]=Oop [152]=Oop [176]=Oop [328]=Oop [336]=Oop [344]=Oop }
                      ;*new {reexecute=0 rethrow=0 return_oop=0}
                      ; - java.lang.StringBuilder::toString@0
                      ; - org.eclipse.osgi.internal.framework.BundleContextImpl::dispatchEvent@459 (line 1024)
  0x00000223b496065c: 0907 e9ca 

  0x00000223b4960660: ;   {metadata({method} {0x00000223c8455dd8} '<init>' '(Ljava/lang/StringBuilder;)V' in 'java/lang/String')}
  0x00000223b4960660: e8ff ff49 | bad0 5d45 | c823 0200 | 004c 8954 | 2408 48c7 | 0424 ffff 

  0x00000223b4960678: ;   {runtime_call counter_overflow Runtime1 stub}
  0x00000223b4960678: ffff e801 

  0x00000223b496067c: ; ImmutableOopMap {rax=Oop [128]=Oop [152]=Oop [176]=Oop [328]=Oop [336]=Oop [344]=Oop }
                      ;*synchronization entry
                      ; - java.lang.String::<init>@-1
                      ; - java.lang.StringBuilder::toString@5
                      ; - org.eclipse.osgi.internal.framework.BundleContextImpl::dispatchEvent@459 (line 1024)
  0x00000223b496067c: 5612 07e9 | eae8 ffff 

  0x00000223b4960684: ;   {metadata({method} {0x000002240a4e53d0} 'trace' '(Ljava/lang/String;Ljava/lang/String;)V' in 'org/eclipse/osgi/internal/debug/Debug')}
  0x00000223b4960684: 49ba c853 | 4e0a 2402 | 0000 4c89 | 5424 0848 | c704 24ff 

  0x00000223b4960698: ;   {runtime_call counter_overflow Runtime1 stub}
  0x00000223b4960698: ffff ffe8 

  0x00000223b496069c: ; ImmutableOopMap {[128]=Oop [152]=Oop [176]=Oop [328]=Oop [344]=Oop [352]=Oop }
                      ;*synchronization entry
                      ; - org.eclipse.osgi.internal.debug.Debug::trace@-1 (line 256)
                      ; - org.eclipse.osgi.internal.framework.BundleContextImpl::dispatchEvent@462 (line 1024)
  0x00000223b496069c: e055 1207 | e966 e9ff 

  0x00000223b49606a4: ;   {runtime_call throw_incompatible_class_change_error Runtime1 stub}
  0x00000223b49606a4: ffe8 d62b 

  0x00000223b49606a8: ; ImmutableOopMap {rdx=Oop [128]=Oop [152]=Oop [176]=Oop [328]=Oop [352]=Oop }
                      ;*invokeinterface getLogger {reexecute=0 rethrow=0 return_oop=0}
                      ; - org.eclipse.osgi.internal.debug.Debug::trace@11 (line 265)
                      ; - org.eclipse.osgi.internal.framework.BundleContextImpl::dispatchEvent@462 (line 1024)
                      ;   {runtime_call throw_null_pointer_exception Runtime1 stub}
  0x00000223b49606a8: 1207 e851 

  0x00000223b49606ac: ; ImmutableOopMap {rdx=Oop [128]=Oop [152]=Oop [176]=Oop [328]=Oop [352]=Oop }
                      ;*invokeinterface getLogger {reexecute=0 rethrow=0 return_oop=0}
                      ; - org.eclipse.osgi.internal.debug.Debug::trace@11 (line 265)
                      ; - org.eclipse.osgi.internal.framework.BundleContextImpl::dispatchEvent@462 (line 1024)
                      ;   {metadata({method} {0x000002240a50ca80} 'getLogger' '(Ljava/lang/String;)Lorg/osgi/service/log/Logger;' in 'org/eclipse/osgi/internal/log/ExtendedLogServiceImpl')}
  0x00000223b49606ac: 1909 0749 | ba78 ca50 | 0a24 0200 | 004c 8954 | 2408 48c7 | 0424 ffff 

  0x00000223b49606c4: ;   {runtime_call counter_overflow Runtime1 stub}
  0x00000223b49606c4: ffff e8b5 

  0x00000223b49606c8: ; ImmutableOopMap {rdx=Oop [128]=Oop [152]=Oop [176]=Oop [328]=Oop [352]=Oop }
                      ;*synchronization entry
                      ; - org.eclipse.osgi.internal.log.ExtendedLogServiceImpl::getLogger@-1 (line 1)
                      ; - org.eclipse.osgi.internal.debug.Debug::trace@11 (line 265)
                      ; - org.eclipse.osgi.internal.framework.BundleContextImpl::dispatchEvent@462 (line 1024)
  0x00000223b49606c8: 5512 07e9 | ffe9 ffff 

  0x00000223b49606d0: ;   {metadata({method} {0x000002240a50a308} 'getLogger' '(Ljava/lang/String;)Lorg/eclipse/equinox/log/Logger;' in 'org/eclipse/osgi/internal/log/ExtendedLogServiceImpl')}
  0x00000223b49606d0: 49ba 00a3 | 500a 2402 | 0000 4c89 | 5424 0848 | c704 24ff 

  0x00000223b49606e4: ;   {runtime_call counter_overflow Runtime1 stub}
  0x00000223b49606e4: ffff ffe8 

  0x00000223b49606e8: ; ImmutableOopMap {rdx=Oop [128]=Oop [152]=Oop [176]=Oop [328]=Oop [352]=Oop }
                      ;*synchronization entry
                      ; - org.eclipse.osgi.internal.log.ExtendedLogServiceImpl::getLogger@-1 (line 73)
                      ; - org.eclipse.osgi.internal.log.ExtendedLogServiceImpl::getLogger@2 (line 1)
                      ; - org.eclipse.osgi.internal.debug.Debug::trace@11 (line 265)
                      ; - org.eclipse.osgi.internal.framework.BundleContextImpl::dispatchEvent@462 (line 1024)
  0x00000223b49606e8: 9455 1207 | e930 eaff | ff48 8904 

  0x00000223b49606f4: ;   {runtime_call throw_class_cast_exception Runtime1 stub}
  0x00000223b49606f4: 24e8 8628 

  0x00000223b49606f8: ; ImmutableOopMap {[128]=Oop [152]=Oop [176]=Oop [328]=Oop [352]=Oop }
                      ;*checkcast {reexecute=0 rethrow=0 return_oop=0}
                      ; - org.eclipse.osgi.internal.log.ExtendedLogServiceImpl::getLogger@7 (line 73)
                      ; - org.eclipse.osgi.internal.log.ExtendedLogServiceImpl::getLogger@2 (line 1)
                      ; - org.eclipse.osgi.internal.debug.Debug::trace@11 (line 265)
                      ; - org.eclipse.osgi.internal.framework.BundleContextImpl::dispatchEvent@462 (line 1024)
                      ;   {runtime_call throw_null_pointer_exception Runtime1 stub}
  0x00000223b49606f8: 1207 e801 

  0x00000223b49606fc: ; ImmutableOopMap {rdx=Oop [128]=Oop [152]=Oop [176]=Oop [328]=Oop [352]=Oop }
                      ;*invokeinterface debug {reexecute=0 rethrow=0 return_oop=0}
                      ; - org.eclipse.osgi.internal.debug.Debug::trace@17 (line 265)
                      ; - org.eclipse.osgi.internal.framework.BundleContextImpl::dispatchEvent@462 (line 1024)
                      ;   {runtime_call throw_null_pointer_exception Runtime1 stub}
  0x00000223b49606fc: 1909 07e8 

  0x00000223b4960700: ; ImmutableOopMap {rax=Oop rdx=Oop [128]=Oop [152]=Oop [176]=Oop [328]=Oop }
                      ;*invokevirtual println {reexecute=0 rethrow=0 return_oop=0}
                      ; - org.eclipse.osgi.internal.debug.Debug::trace@29 (line 267)
                      ; - org.eclipse.osgi.internal.framework.BundleContextImpl::dispatchEvent@462 (line 1024)
  0x00000223b4960700: fc18 0907 

  0x00000223b4960704: ;   {runtime_call throw_null_pointer_exception Runtime1 stub}
  0x00000223b4960704: e8f7 1809 

  0x00000223b4960708: ; ImmutableOopMap {rdx=Oop rsi=Oop [128]=Oop [152]=Oop [176]=Oop [328]=Oop }
                      ;*invokevirtual traceThrowable {reexecute=0 rethrow=0 return_oop=0}
                      ; - org.eclipse.osgi.internal.framework.BundleContextImpl::dispatchEvent@474 (line 1028)
  0x00000223b4960708: 0748 8934 

  0x00000223b496070c: ;   {runtime_call throw_class_cast_exception Runtime1 stub}
  0x00000223b496070c: 24e8 6e28 

  0x00000223b4960710: ; ImmutableOopMap {[128]=Oop [176]=Oop [328]=Oop }
                      ;*checkcast {reexecute=0 rethrow=0 return_oop=0}
                      ; - org.eclipse.osgi.internal.framework.BundleContextImpl::dispatchEvent@484 (line 1032)
                      ;   {runtime_call throw_null_pointer_exception Runtime1 stub}
  0x00000223b4960710: 1207 e8e9 

  0x00000223b4960714: ; ImmutableOopMap {rax=Oop [128]=Oop [176]=Oop [328]=Oop }
                      ;*invokevirtual getType {reexecute=0 rethrow=0 return_oop=0}
                      ; - org.eclipse.osgi.internal.framework.BundleContextImpl::dispatchEvent@487 (line 1032)
                      ;   {runtime_call throw_null_pointer_exception Runtime1 stub}
  0x00000223b4960714: 1809 07e8 

  0x00000223b4960718: ; ImmutableOopMap {rsi=Oop r8=Oop [128]=Oop [176]=Oop [328]=Oop }
                      ;*invokevirtual getEventPublisher {reexecute=0 rethrow=0 return_oop=0}
                      ; - org.eclipse.osgi.internal.framework.BundleContextImpl::dispatchEvent@498 (line 1035)
  0x00000223b4960718: e418 0907 

  0x00000223b496071c: ;   {metadata({method} {0x000002240a4a2328} 'getEventPublisher' '()Lorg/eclipse/osgi/internal/framework/EquinoxEventPublisher;' in 'org/eclipse/osgi/internal/framework/EquinoxContainer')}
  0x00000223b496071c: 49ba 2023 | 4a0a 2402 | 0000 4c89 | 5424 0848 | c704 24ff 

  0x00000223b4960730: ;   {runtime_call counter_overflow Runtime1 stub}
  0x00000223b4960730: ffff ffe8 

  0x00000223b4960734: ; ImmutableOopMap {rsi=Oop r8=Oop [128]=Oop [176]=Oop [328]=Oop }
                      ;*synchronization entry
                      ; - org.eclipse.osgi.internal.framework.EquinoxContainer::getEventPublisher@-1 (line 275)
                      ; - org.eclipse.osgi.internal.framework.BundleContextImpl::dispatchEvent@498 (line 1035)
  0x00000223b4960734: 4855 1207 | e995 eeff 

  0x00000223b496073c: ;   {runtime_call throw_null_pointer_exception Runtime1 stub}
  0x00000223b496073c: ffe8 be18 

  0x00000223b4960740: ; ImmutableOopMap {rsi=Oop r8=Oop r9=Oop [128]=Oop [176]=Oop [328]=Oop }
                      ;*monitorenter {reexecute=0 rethrow=0 return_oop=0}
                      ; - org.eclipse.osgi.internal.framework.EquinoxContainer::getEventPublisher@6 (line 275)
                      ; - org.eclipse.osgi.internal.framework.BundleContextImpl::dispatchEvent@498 (line 1035)
  0x00000223b4960740: 0907 4c89 | 4c24 0848 

  0x00000223b4960748: ;   {runtime_call monitorenter_nofpu Runtime1 stub}
  0x00000223b4960748: 893c 24e8 

  0x00000223b496074c: ; ImmutableOopMap {rsi=Oop r8=Oop r9=Oop [128]=Oop [176]=Oop [328]=Oop [376]=Oop }
                      ;*monitorenter {reexecute=0 rethrow=0 return_oop=0}
                      ; - org.eclipse.osgi.internal.framework.EquinoxContainer::getEventPublisher@6 (line 275)
                      ; - org.eclipse.osgi.internal.framework.BundleContextImpl::dispatchEvent@498 (line 1035)
  0x00000223b496074c: 3034 1207 | e9bb eeff | ff48 8d84 | 2470 0100 | 0048 8904 

  0x00000223b4960760: ;   {runtime_call monitorexit_nofpu Runtime1 stub}
  0x00000223b4960760: 24e8 1a3a | 1207 e9d3 

  0x00000223b4960768: ;   {runtime_call throw_null_pointer_exception Runtime1 stub}
  0x00000223b4960768: eeff ffe8 

  0x00000223b496076c: ; ImmutableOopMap {rdx=Oop r9=Oop [176]=Oop [328]=Oop }
                      ;*invokevirtual publishFrameworkEvent {reexecute=0 rethrow=0 return_oop=0}
                      ; - org.eclipse.osgi.internal.framework.BundleContextImpl::dispatchEvent@508 (line 1035)
  0x00000223b496076c: 9018 0907 | 4889 3c24 

  0x00000223b4960774: ;   {runtime_call throw_class_cast_exception Runtime1 stub}
  0x00000223b4960774: e807 2812 

  0x00000223b4960778: ; ImmutableOopMap {}
                      ;*checkcast {reexecute=0 rethrow=0 return_oop=0}
                      ; - org.eclipse.osgi.internal.framework.BundleContextImpl::dispatchEvent@524 (line 1039)
                      ;   {runtime_call throw_null_pointer_exception Runtime1 stub}
  0x00000223b4960778: 07e8 8218 

  0x00000223b496077c: ; ImmutableOopMap {r8=Oop rdx=Oop }
                      ;*invokevirtual setContextClassLoader {reexecute=0 rethrow=0 return_oop=0}
                      ; - org.eclipse.osgi.internal.framework.BundleContextImpl::dispatchEvent@527 (line 1039)
                      ;   {internal_word}
  0x00000223b496077c: 0907 49ba | 9cf8 95b4 | 2302 0000 | 4d89 9768 

  0x00000223b496078c: ;   {runtime_call SafepointBlob}
  0x00000223b496078c: 0400 00e9 | 6c43 0707 | 488d 8424 | 7001 0000 | 4889 0424 

  0x00000223b49607a0: ;   {runtime_call monitorexit_nofpu Runtime1 stub}
  0x00000223b49607a0: e8db 3912 | 07e9 58f1 | ffff 4889 

  0x00000223b49607ac: ;   {runtime_call throw_class_cast_exception Runtime1 stub}
  0x00000223b49607ac: 3c24 e8cd 

  0x00000223b49607b0: ; ImmutableOopMap {[360]=Oop }
                      ;*checkcast {reexecute=0 rethrow=0 return_oop=0}
                      ; - org.eclipse.osgi.internal.framework.BundleContextImpl::dispatchEvent@548 (line 1039)
                      ;   {runtime_call throw_null_pointer_exception Runtime1 stub}
  0x00000223b49607b0: 2712 07e8 

  0x00000223b49607b4: ; ImmutableOopMap {r8=Oop rdx=Oop [360]=Oop }
                      ;*invokevirtual setContextClassLoader {reexecute=0 rethrow=0 return_oop=0}
                      ; - org.eclipse.osgi.internal.framework.BundleContextImpl::dispatchEvent@551 (line 1039)
  0x00000223b49607b4: 4818 0907 | 498b 8700 | 0500 0049 | c787 0005 | 0000 0000 | 0000 49c7 | 8708 0500 | 0000 0000 
  0x00000223b49607d4: 0048 81c4 | 9001 0000 

  0x00000223b49607dc: ;   {runtime_call unwind_exception Runtime1 stub}
  0x00000223b49607dc: 5de9 1e27 | 0907 f4f4 | f4f4 f4f4 
[Stub Code]
  0x00000223b49607e8: ;   {no_reloc}
  0x00000223b49607e8: 0f1f 4400 

  0x00000223b49607ec: ;   {static_stub}
  0x00000223b49607ec: 0048 bb00 | 0000 0000 

  0x00000223b49607f4: ;   {runtime_call nmethod}
  0x00000223b49607f4: 0000 00e9 | fbff ffff 

  0x00000223b49607fc: ;   {static_stub}
  0x00000223b49607fc: 9048 bb00 | 0000 0000 

  0x00000223b4960804: ;   {runtime_call nmethod}
  0x00000223b4960804: 0000 00e9 | fbff ffff 

  0x00000223b496080c: ;   {static_stub}
  0x00000223b496080c: 9048 bb00 | 0000 0000 

  0x00000223b4960814: ;   {runtime_call nmethod}
  0x00000223b4960814: 0000 00e9 | fbff ffff 

  0x00000223b496081c: ;   {static_stub}
  0x00000223b496081c: 9048 bb00 | 0000 0000 

  0x00000223b4960824: ;   {runtime_call nmethod}
  0x00000223b4960824: 0000 00e9 | fbff ffff 

  0x00000223b496082c: ;   {static_stub}
  0x00000223b496082c: 9048 bb00 | 0000 0000 

  0x00000223b4960834: ;   {runtime_call nmethod}
  0x00000223b4960834: 0000 00e9 | fbff ffff 

  0x00000223b496083c: ;   {static_stub}
  0x00000223b496083c: 9048 bb00 | 0000 0000 

  0x00000223b4960844: ;   {runtime_call nmethod}
  0x00000223b4960844: 0000 00e9 | fbff ffff 

  0x00000223b496084c: ;   {static_stub}
  0x00000223b496084c: 9048 bb00 | 0000 0000 

  0x00000223b4960854: ;   {runtime_call nmethod}
  0x00000223b4960854: 0000 00e9 | fbff ffff 

  0x00000223b496085c: ;   {static_stub}
  0x00000223b496085c: 9048 bb00 | 0000 0000 

  0x00000223b4960864: ;   {runtime_call nmethod}
  0x00000223b4960864: 0000 00e9 | fbff ffff 

  0x00000223b496086c: ;   {static_stub}
  0x00000223b496086c: 9048 bb00 | 0000 0000 

  0x00000223b4960874: ;   {runtime_call nmethod}
  0x00000223b4960874: 0000 00e9 | fbff ffff 

  0x00000223b496087c: ;   {static_stub}
  0x00000223b496087c: 9048 bb00 | 0000 0000 

  0x00000223b4960884: ;   {runtime_call nmethod}
  0x00000223b4960884: 0000 00e9 | fbff ffff 

  0x00000223b496088c: ;   {static_stub}
  0x00000223b496088c: 9048 bb00 | 0000 0000 

  0x00000223b4960894: ;   {runtime_call nmethod}
  0x00000223b4960894: 0000 00e9 | fbff ffff 

  0x00000223b496089c: ;   {static_stub}
  0x00000223b496089c: 9048 bb00 | 0000 0000 

  0x00000223b49608a4: ;   {runtime_call nmethod}
  0x00000223b49608a4: 0000 00e9 | fbff ffff 

  0x00000223b49608ac: ;   {static_stub}
  0x00000223b49608ac: 9048 bb00 | 0000 0000 

  0x00000223b49608b4: ;   {runtime_call nmethod}
  0x00000223b49608b4: 0000 00e9 | fbff ffff 

  0x00000223b49608bc: ;   {static_stub}
  0x00000223b49608bc: 9048 bb00 | 0000 0000 

  0x00000223b49608c4: ;   {runtime_call nmethod}
  0x00000223b49608c4: 0000 00e9 | fbff ffff 

  0x00000223b49608cc: ;   {static_stub}
  0x00000223b49608cc: 9048 bb00 | 0000 0000 

  0x00000223b49608d4: ;   {runtime_call nmethod}
  0x00000223b49608d4: 0000 00e9 | fbff ffff 

  0x00000223b49608dc: ;   {static_stub}
  0x00000223b49608dc: 9048 bb00 | 0000 0000 

  0x00000223b49608e4: ;   {runtime_call nmethod}
  0x00000223b49608e4: 0000 00e9 | fbff ffff 

  0x00000223b49608ec: ;   {static_stub}
  0x00000223b49608ec: 9048 bb00 | 0000 0000 

  0x00000223b49608f4: ;   {runtime_call nmethod}
  0x00000223b49608f4: 0000 00e9 | fbff ffff 

  0x00000223b49608fc: ;   {static_stub}
  0x00000223b49608fc: 9048 bb00 | 0000 0000 

  0x00000223b4960904: ;   {runtime_call nmethod}
  0x00000223b4960904: 0000 00e9 | fbff ffff 

  0x00000223b496090c: ;   {static_stub}
  0x00000223b496090c: 9048 bb00 | 0000 0000 

  0x00000223b4960914: ;   {runtime_call nmethod}
  0x00000223b4960914: 0000 00e9 | fbff ffff 

  0x00000223b496091c: ;   {static_stub}
  0x00000223b496091c: 9048 bb00 | 0000 0000 

  0x00000223b4960924: ;   {runtime_call nmethod}
  0x00000223b4960924: 0000 00e9 | fbff ffff 

  0x00000223b496092c: ;   {static_stub}
  0x00000223b496092c: 9048 bb00 | 0000 0000 

  0x00000223b4960934: ;   {runtime_call nmethod}
  0x00000223b4960934: 0000 00e9 | fbff ffff 

  0x00000223b496093c: ;   {static_stub}
  0x00000223b496093c: 9048 bb00 | 0000 0000 

  0x00000223b4960944: ;   {runtime_call nmethod}
  0x00000223b4960944: 0000 00e9 | fbff ffff 

  0x00000223b496094c: ;   {static_stub}
  0x00000223b496094c: 9048 bb00 | 0000 0000 

  0x00000223b4960954: ;   {runtime_call nmethod}
  0x00000223b4960954: 0000 00e9 | fbff ffff 

  0x00000223b496095c: ;   {static_stub}
  0x00000223b496095c: 9048 bb00 | 0000 0000 

  0x00000223b4960964: ;   {runtime_call nmethod}
  0x00000223b4960964: 0000 00e9 | fbff ffff 

  0x00000223b496096c: ;   {static_stub}
  0x00000223b496096c: 9048 bb00 | 0000 0000 

  0x00000223b4960974: ;   {runtime_call nmethod}
  0x00000223b4960974: 0000 00e9 | fbff ffff 

  0x00000223b496097c: ;   {static_stub}
  0x00000223b496097c: 9048 bb00 | 0000 0000 

  0x00000223b4960984: ;   {runtime_call nmethod}
  0x00000223b4960984: 0000 00e9 | fbff ffff 

  0x00000223b496098c: ;   {static_stub}
  0x00000223b496098c: 9048 bb00 | 0000 0000 

  0x00000223b4960994: ;   {runtime_call nmethod}
  0x00000223b4960994: 0000 00e9 | fbff ffff 

  0x00000223b496099c: ;   {static_stub}
  0x00000223b496099c: 9048 bb00 | 0000 0000 

  0x00000223b49609a4: ;   {runtime_call nmethod}
  0x00000223b49609a4: 0000 00e9 | fbff ffff 

  0x00000223b49609ac: ;   {static_stub}
  0x00000223b49609ac: 9048 bb00 | 0000 0000 

  0x00000223b49609b4: ;   {runtime_call nmethod}
  0x00000223b49609b4: 0000 00e9 | fbff ffff 

  0x00000223b49609bc: ;   {static_stub}
  0x00000223b49609bc: 9048 bb00 | 0000 0000 

  0x00000223b49609c4: ;   {runtime_call nmethod}
  0x00000223b49609c4: 0000 00e9 | fbff ffff 

  0x00000223b49609cc: ;   {static_stub}
  0x00000223b49609cc: 9048 bb00 | 0000 0000 

  0x00000223b49609d4: ;   {runtime_call nmethod}
  0x00000223b49609d4: 0000 00e9 | fbff ffff 

  0x00000223b49609dc: ;   {static_stub}
  0x00000223b49609dc: 9048 bb00 | 0000 0000 

  0x00000223b49609e4: ;   {runtime_call nmethod}
  0x00000223b49609e4: 0000 00e9 | fbff ffff 

  0x00000223b49609ec: ;   {static_stub}
  0x00000223b49609ec: 9048 bb00 | 0000 0000 

  0x00000223b49609f4: ;   {runtime_call nmethod}
  0x00000223b49609f4: 0000 00e9 | fbff ffff 

  0x00000223b49609fc: ;   {static_stub}
  0x00000223b49609fc: 9048 bb00 | 0000 0000 

  0x00000223b4960a04: ;   {runtime_call nmethod}
  0x00000223b4960a04: 0000 00e9 | fbff ffff 

  0x00000223b4960a0c: ;   {static_stub}
  0x00000223b4960a0c: 9048 bb00 | 0000 0000 

  0x00000223b4960a14: ;   {runtime_call nmethod}
  0x00000223b4960a14: 0000 00e9 | fbff ffff 

  0x00000223b4960a1c: ;   {static_stub}
  0x00000223b4960a1c: 9048 bb00 | 0000 0000 

  0x00000223b4960a24: ;   {runtime_call nmethod}
  0x00000223b4960a24: 0000 00e9 | fbff ffff 

  0x00000223b4960a2c: ;   {static_stub}
  0x00000223b4960a2c: 9048 bb00 | 0000 0000 

  0x00000223b4960a34: ;   {runtime_call nmethod}
  0x00000223b4960a34: 0000 00e9 | fbff ffff 

  0x00000223b4960a3c: ;   {static_stub}
  0x00000223b4960a3c: 9048 bb00 | 0000 0000 

  0x00000223b4960a44: ;   {runtime_call nmethod}
  0x00000223b4960a44: 0000 00e9 | fbff ffff 

  0x00000223b4960a4c: ;   {static_stub}
  0x00000223b4960a4c: 9048 bb00 | 0000 0000 

  0x00000223b4960a54: ;   {runtime_call nmethod}
  0x00000223b4960a54: 0000 00e9 | fbff ffff 

  0x00000223b4960a5c: ;   {static_stub}
  0x00000223b4960a5c: 9048 bb00 | 0000 0000 

  0x00000223b4960a64: ;   {runtime_call nmethod}
  0x00000223b4960a64: 0000 00e9 | fbff ffff 

  0x00000223b4960a6c: ;   {static_stub}
  0x00000223b4960a6c: 9048 bb00 | 0000 0000 

  0x00000223b4960a74: ;   {runtime_call nmethod}
  0x00000223b4960a74: 0000 00e9 | fbff ffff 

  0x00000223b4960a7c: ;   {static_stub}
  0x00000223b4960a7c: 9048 bb00 | 0000 0000 

  0x00000223b4960a84: ;   {runtime_call nmethod}
  0x00000223b4960a84: 0000 00e9 | fbff ffff 

  0x00000223b4960a8c: ;   {static_stub}
  0x00000223b4960a8c: 9048 bb00 | 0000 0000 

  0x00000223b4960a94: ;   {runtime_call nmethod}
  0x00000223b4960a94: 0000 00e9 | fbff ffff 

  0x00000223b4960a9c: ;   {static_stub}
  0x00000223b4960a9c: 9048 bb00 | 0000 0000 

  0x00000223b4960aa4: ;   {runtime_call nmethod}
  0x00000223b4960aa4: 0000 00e9 | fbff ffff 

  0x00000223b4960aac: ;   {static_stub}
  0x00000223b4960aac: 9048 bb00 | 0000 0000 

  0x00000223b4960ab4: ;   {runtime_call nmethod}
  0x00000223b4960ab4: 0000 00e9 | fbff ffff 

  0x00000223b4960abc: ;   {static_stub}
  0x00000223b4960abc: 9048 bb00 | 0000 0000 

  0x00000223b4960ac4: ;   {runtime_call nmethod}
  0x00000223b4960ac4: 0000 00e9 | fbff ffff 

  0x00000223b4960acc: ;   {static_stub}
  0x00000223b4960acc: 9048 bb00 | 0000 0000 

  0x00000223b4960ad4: ;   {runtime_call nmethod}
  0x00000223b4960ad4: 0000 00e9 | fbff ffff 

  0x00000223b4960adc: ;   {static_stub}
  0x00000223b4960adc: 48bb 0000 | 0000 0000 

  0x00000223b4960ae4: ;   {runtime_call nmethod}
  0x00000223b4960ae4: 0000 e9fb 

  0x00000223b4960ae8: ;   {static_stub}
  0x00000223b4960ae8: ffff ff48 | bb00 0000 | 0000 0000 

  0x00000223b4960af4: ;   {runtime_call nmethod}
  0x00000223b4960af4: 00e9 fbff 

  0x00000223b4960af8: ;   {static_stub}
  0x00000223b4960af8: ffff 48bb | 0000 0000 | 0000 0000 

  0x00000223b4960b04: ;   {runtime_call nmethod}
  0x00000223b4960b04: e9fb ffff 

  0x00000223b4960b08: ;   {static_stub}
  0x00000223b4960b08: ff48 bb00 | 0000 0000 

  0x00000223b4960b10: ;   {runtime_call nmethod}
  0x00000223b4960b10: 0000 00e9 | fbff ffff 

  0x00000223b4960b18: ;   {static_stub}
  0x00000223b4960b18: 48bb 0000 | 0000 0000 

  0x00000223b4960b20: ;   {runtime_call nmethod}
  0x00000223b4960b20: 0000 e9fb 

  0x00000223b4960b24: ;   {static_stub}
  0x00000223b4960b24: ffff ff48 | bb00 0000 | 0000 0000 

  0x00000223b4960b30: ;   {runtime_call nmethod}
  0x00000223b4960b30: 00e9 fbff 

  0x00000223b4960b34: ;   {runtime_call handle_exception_from_callee Runtime1 stub}
  0x00000223b4960b34: ffff e8c5 

  0x00000223b4960b38: ;   {external_word}
  0x00000223b4960b38: f608 0748 | b940 53b1 | affd 7f00 | 0048 83e4 

  0x00000223b4960b48: ;   {runtime_call}
  0x00000223b4960b48: f048 b8b0 | c373 affd | 7f00 00ff 

  0x00000223b4960b54: ;   {section_word}
  0x00000223b4960b54: d0f4 49ba | 560b 96b4 | 2302 0000 

  0x00000223b4960b60: ;   {runtime_call DeoptimizationBlob}
  0x00000223b4960b60: 4152 e939 | 3207 07f4 
[/MachCode]


---------------  P R O C E S S  ---------------

Threads class SMR info:
_java_thread_list=0x000002240974cfc0, length=16, elements={
0x00000223aef95860, 0x00000223b10e7e80, 0x00000223b10e94d0, 0x00000223b10edaa0,
0x00000223b10f0510, 0x00000223b10f11f0, 0x00000223b10f1c50, 0x00000223b10f2a90,
0x00000223b1165310, 0x00000224092e7f00, 0x000002240943aba0, 0x0000022409813450,
0x00000224096379b0, 0x00000223b11bc430, 0x00000224096cc030, 0x0000022409be6a60
}

Java Threads: ( => current thread )
  0x00000223aef95860 JavaThread "main"                              [_thread_blocked, id=14728, stack(0x00000048d0000000,0x00000048d0100000) (1024K)]
  0x00000223b10e7e80 JavaThread "Reference Handler"          daemon [_thread_blocked, id=8848, stack(0x00000048d0500000,0x00000048d0600000) (1024K)]
  0x00000223b10e94d0 JavaThread "Finalizer"                  daemon [_thread_blocked, id=7444, stack(0x00000048d0600000,0x00000048d0700000) (1024K)]
  0x00000223b10edaa0 JavaThread "Signal Dispatcher"          daemon [_thread_blocked, id=8516, stack(0x00000048d0700000,0x00000048d0800000) (1024K)]
  0x00000223b10f0510 JavaThread "Attach Listener"            daemon [_thread_blocked, id=11120, stack(0x00000048d0800000,0x00000048d0900000) (1024K)]
  0x00000223b10f11f0 JavaThread "Service Thread"             daemon [_thread_blocked, id=6892, stack(0x00000048d0900000,0x00000048d0a00000) (1024K)]
  0x00000223b10f1c50 JavaThread "Monitor Deflation Thread"   daemon [_thread_blocked, id=15076, stack(0x00000048d0a00000,0x00000048d0b00000) (1024K)]
  0x00000223b10f2a90 JavaThread "C2 CompilerThread0"         daemon [_thread_blocked, id=9568, stack(0x00000048d0b00000,0x00000048d0c00000) (1024K)]
  0x00000223b1165310 JavaThread "C1 CompilerThread0"         daemon [_thread_blocked, id=14624, stack(0x00000048d0c00000,0x00000048d0d00000) (1024K)]
  0x00000224092e7f00 JavaThread "Common-Cleaner"             daemon [_thread_blocked, id=3484, stack(0x00000048d0d00000,0x00000048d0e00000) (1024K)]
  0x000002240943aba0 JavaThread "Notification Thread"        daemon [_thread_blocked, id=13396, stack(0x00000048d0e00000,0x00000048d0f00000) (1024K)]
  0x0000022409813450 JavaThread "Active Thread: Equinox Container: 2c39c921-356e-488c-81f9-f851360e0433"        [_thread_blocked, id=13664, stack(0x00000048d1000000,0x00000048d1100000) (1024K)]
  0x00000224096379b0 JavaThread "Refresh Thread: Equinox Container: 2c39c921-356e-488c-81f9-f851360e0433" daemon [_thread_blocked, id=15144, stack(0x00000048d1100000,0x00000048d1200000) (1024K)]
  0x00000223b11bc430 JavaThread "Framework Event Dispatcher: Equinox Container: 2c39c921-356e-488c-81f9-f851360e0433" daemon [_thread_blocked, id=220, stack(0x00000048d1200000,0x00000048d1300000) (1024K)]
=>0x00000224096cc030 JavaThread "Start Level: Equinox Container: 2c39c921-356e-488c-81f9-f851360e0433" daemon [_thread_in_vm, id=12628, stack(0x00000048d1300000,0x00000048d1400000) (1024K)]
  0x0000022409be6a60 JavaThread "Bundle File Closer"         daemon [_thread_blocked, id=8244, stack(0x00000048d1400000,0x00000048d1500000) (1024K)]
Total: 16

Other Threads:
  0x00000223b12fdea0 VMThread "VM Thread"                           [id=6044, stack(0x00000048d0400000,0x00000048d0500000) (1024K)]
  0x00000223b12ace50 WatcherThread "VM Periodic Task Thread"        [id=1888, stack(0x00000048d0300000,0x00000048d0400000) (1024K)]
  0x00000223b1260af0 WorkerThread "GC Thread#0"                     [id=7292, stack(0x00000048d0200000,0x00000048d0300000) (1024K)]
  0x00000224096e85e0 WorkerThread "GC Thread#1"                     [id=1340, stack(0x00000048d0f00000,0x00000048d1000000) (1024K)]
Total: 4

Threads with active compile tasks:
Total: 0

VM state: not at safepoint (normal execution)

VM Mutex/Monitor currently owned by a thread:  ([mutex/lock_event])
[0x00007ffdafdcc4e0] Metaspace_lock - owner thread: 0x00000224096cc030

Heap address: 0x0000000080000000, size: 2048 MB, Compressed Oops mode: 32-bit

CDS archive(s) mapped at: [0x00000223c8000000-0x00000223c8ba0000-0x00000223c8ba0000), size 12189696, SharedBaseAddress: 0x00000223c8000000, ArchiveRelocationMode: 1.
Compressed class space mapped at: 0x00000223c9000000-0x0000022409000000, reserved size: 1073741824
Narrow klass base: 0x00000223c8000000, Narrow klass shift: 0, Narrow klass range: 0x100000000

GC Precious Log:
 CardTable entry size: 512
 CPUs: 2 total, 2 available
 Memory: 8090M
 Large Page Support: Disabled
 NUMA Support: Disabled
 Compressed Oops: Enabled (32-bit)
 Alignments: Space 512K, Generation 512K, Heap 2M
 Heap Min Capacity: 100M
 Heap Initial Capacity: 100M
 Heap Max Capacity: 2G
 Pre-touch: Disabled
 Parallel Workers: 2

Heap:
 PSYoungGen      total 29696K, used 5298K [0x00000000d5580000, 0x00000000d7680000, 0x0000000100000000)
  eden space 25600K, 4% used [0x00000000d5580000,0x00000000d56b1780,0x00000000d6e80000)
  from space 4096K, 99% used [0x00000000d7280000,0x00000000d767b3f8,0x00000000d7680000)
  to   space 4096K, 0% used [0x00000000d6e80000,0x00000000d6e80000,0x00000000d7280000)
 ParOldGen       total 68608K, used 6876K [0x0000000080000000, 0x0000000084300000, 0x00000000d5580000)
  object space 68608K, 10% used [0x0000000080000000,0x00000000806b7158,0x0000000084300000)
 Metaspace       used 11220K, committed 11584K, reserved 1114112K
  class space    used 1153K, committed 1344K, reserved 1048576K

Card table byte_map: [0x00000223b0bf0000,0x00000223b1000000] _byte_map_base: 0x00000223b07f0000

Marking Bits: (ParMarkBitMap*) 0x00007ffdafdd3450
 Begin Bits: [0x00000223c3700000, 0x00000223c5700000)
 End Bits:   [0x00000223c5700000, 0x00000223c7700000)

Polling page: 0x00000223af0a0000

Metaspace:

Usage:
  Non-class:      9.83 MB used.
      Class:      1.13 MB used.
       Both:     10.96 MB used.

Virtual space:
  Non-class space:       64.00 MB reserved,      10.00 MB ( 16%) committed,  1 nodes.
      Class space:        1.00 GB reserved,       1.31 MB ( <1%) committed,  1 nodes.
             Both:        1.06 GB reserved,      11.31 MB (  1%) committed. 

Chunk freelists:
   Non-Class:  5.00 MB
       Class:  14.73 MB
        Both:  19.73 MB

MaxMetaspaceSize: unlimited
CompressedClassSpaceSize: 1.00 GB
Initial GC threshold: 21.00 MB
Current GC threshold: 21.00 MB
CDS: on
 - commit_granule_bytes: 65536.
 - commit_granule_words: 8192.
 - virtual_space_node_default_size: 8388608.
 - enlarge_chunks_in_place: 1.
 - use_allocation_guard: 0.


Internal statistics:

num_allocs_failed_limit: 0.
num_arena_births: 268.
num_arena_deaths: 0.
num_vsnodes_births: 2.
num_vsnodes_deaths: 0.
num_space_committed: 181.
num_space_uncommitted: 0.
num_chunks_returned_to_freelist: 0.
num_chunks_taken_from_freelist: 568.
num_chunk_merges: 0.
num_chunk_splits: 357.
num_chunks_enlarged: 236.
num_inconsistent_stats: 0.

CodeHeap 'non-profiled nmethods': size=120064Kb used=1304Kb max_used=1304Kb free=118759Kb
 bounds [0x00000223bbf10000, 0x00000223bc180000, 0x00000223c3450000]
CodeHeap 'profiled nmethods': size=120000Kb used=5334Kb max_used=5334Kb free=114665Kb
 bounds [0x00000223b4450000, 0x00000223b4990000, 0x00000223bb980000]
CodeHeap 'non-nmethods': size=5696Kb used=1232Kb max_used=1264Kb free=4464Kb
 bounds [0x00000223bb980000, 0x00000223bbbf0000, 0x00000223bbf10000]
CodeCache: size=245760Kb, used=7870Kb, max_used=7902Kb, free=237888Kb
 total_blobs=3122, nmethods=2625, adapters=403, full_count=0
Compilation: enabled, stopped_count=0, restarted_count=0

Compilation events (20 events):
Event: 64.137 Thread 0x00000223b1165310 2623       3       org.eclipse.osgi.framework.eventmgr.CopyOnWriteIdentityMap$Entry::<init> (18 bytes)
Event: 64.137 Thread 0x00000223b1165310 nmethod 2623 0x00000223b497d210 code [0x00000223b497d3e0, 0x00000223b497d6d8]
Event: 64.141 Thread 0x00000223b1165310 2627       3       org.eclipse.osgi.framework.util.CaseInsensitiveDictionaryMap::findCommonKeyIndex (930 bytes)
Event: 64.143 Thread 0x00000223b1165310 nmethod 2627 0x00000223b497d810 code [0x00000223b497de40, 0x00000223b497fe38]
Event: 64.143 Thread 0x00000223b1165310 2628       3       java.util.stream.AbstractPipeline::copyIntoWithCancel (46 bytes)
Event: 64.143 Thread 0x00000223b1165310 nmethod 2628 0x00000223b4980290 code [0x00000223b4980480, 0x00000223b4980978]
Event: 64.143 Thread 0x00000223b1165310 2629       3       java.util.stream.ReferencePipeline::forEachWithCancel (23 bytes)
Event: 64.143 Thread 0x00000223b1165310 nmethod 2629 0x00000223b4980b10 code [0x00000223b4980ce0, 0x00000223b4981080]
Event: 64.143 Thread 0x00000223b1165310 2630       3       java.util.stream.FindOps$FindOp::evaluateSequential (39 bytes)
Event: 64.143 Thread 0x00000223b1165310 nmethod 2630 0x00000223b4981210 code [0x00000223b4981400, 0x00000223b4981a08]
Event: 64.146 Thread 0x00000223b1165310 2631   !   3       org.eclipse.osgi.framework.eventmgr.EventManager::dispatchEvent (69 bytes)
Event: 64.147 Thread 0x00000223b1165310 nmethod 2631 0x00000223b4981b90 code [0x00000223b4981dc0, 0x00000223b4982588]
Event: 64.148 Thread 0x00000223b1165310 2632   !   3       java.lang.invoke.MethodHandleNatives::linkMethodHandleConstant (50 bytes)
Event: 64.149 Thread 0x00000223b1165310 nmethod 2632 0x00000223b4982810 code [0x00000223b49829e0, 0x00000223b4982be8]
Event: 64.149 Thread 0x00000223b1165310 2633       3       java.lang.invoke.MethodHandles$Lookup::linkMethodHandleConstant (223 bytes)
Event: 64.150 Thread 0x00000223b1165310 nmethod 2633 0x00000223b4982d90 code [0x00000223b4983180, 0x00000223b4984930]
Event: 64.155 Thread 0x00000223b10f2a90 2634       4       jdk.internal.util.StrongReferenceKey::hashCode (8 bytes)
Event: 64.161 Thread 0x00000223b10f2a90 nmethod 2634 0x00000223bc055890 code [0x00000223bc055aa0, 0x00000223bc055ee0]
Event: 64.167 Thread 0x00000223b1165310 2635       3       java.lang.System::getProperty (25 bytes)
Event: 64.167 Thread 0x00000223b1165310 nmethod 2635 0x00000223b4985090 code [0x00000223b49852a0, 0x00000223b4985888]

GC Heap History (8 events):
Event: 4.202 GC heap before
{Heap before GC invocations=1 (full 0):
 PSYoungGen      total 29696K, used 25600K [0x00000000d5580000, 0x00000000d7680000, 0x0000000100000000)
  eden space 25600K, 100% used [0x00000000d5580000,0x00000000d6e80000,0x00000000d6e80000)
  from space 4096K, 0% used [0x00000000d7280000,0x00000000d7280000,0x00000000d7680000)
  to   space 4096K, 0% used [0x00000000d6e80000,0x00000000d6e80000,0x00000000d7280000)
 ParOldGen       total 68608K, used 0K [0x0000000080000000, 0x0000000084300000, 0x00000000d5580000)
  object space 68608K, 0% used [0x0000000080000000,0x0000000080000000,0x0000000084300000)
 Metaspace       used 4403K, committed 4608K, reserved 1114112K
  class space    used 475K, committed 576K, reserved 1048576K
}
Event: 4.317 GC heap after
{Heap after GC invocations=1 (full 0):
 PSYoungGen      total 29696K, used 3271K [0x00000000d5580000, 0x00000000d7680000, 0x0000000100000000)
  eden space 25600K, 0% used [0x00000000d5580000,0x00000000d5580000,0x00000000d6e80000)
  from space 4096K, 79% used [0x00000000d6e80000,0x00000000d71b1e98,0x00000000d7280000)
  to   space 4096K, 0% used [0x00000000d7280000,0x00000000d7280000,0x00000000d7680000)
 ParOldGen       total 68608K, used 0K [0x0000000080000000, 0x0000000084300000, 0x00000000d5580000)
  object space 68608K, 0% used [0x0000000080000000,0x0000000080000000,0x0000000084300000)
 Metaspace       used 4403K, committed 4608K, reserved 1114112K
  class space    used 475K, committed 576K, reserved 1048576K
}
Event: 12.803 GC heap before
{Heap before GC invocations=2 (full 0):
 PSYoungGen      total 29696K, used 28871K [0x00000000d5580000, 0x00000000d7680000, 0x0000000100000000)
  eden space 25600K, 100% used [0x00000000d5580000,0x00000000d6e80000,0x00000000d6e80000)
  from space 4096K, 79% used [0x00000000d6e80000,0x00000000d71b1e98,0x00000000d7280000)
  to   space 4096K, 0% used [0x00000000d7280000,0x00000000d7280000,0x00000000d7680000)
 ParOldGen       total 68608K, used 0K [0x0000000080000000, 0x0000000084300000, 0x00000000d5580000)
  object space 68608K, 0% used [0x0000000080000000,0x0000000080000000,0x0000000084300000)
 Metaspace       used 8015K, committed 8320K, reserved 1114112K
  class space    used 829K, committed 960K, reserved 1048576K
}
Event: 12.815 GC heap after
{Heap after GC invocations=2 (full 0):
 PSYoungGen      total 29696K, used 4071K [0x00000000d5580000, 0x00000000d7680000, 0x0000000100000000)
  eden space 25600K, 0% used [0x00000000d5580000,0x00000000d5580000,0x00000000d6e80000)
  from space 4096K, 99% used [0x00000000d7280000,0x00000000d7679e98,0x00000000d7680000)
  to   space 4096K, 0% used [0x00000000d6e80000,0x00000000d6e80000,0x00000000d7280000)
 ParOldGen       total 68608K, used 2096K [0x0000000080000000, 0x0000000084300000, 0x00000000d5580000)
  object space 68608K, 3% used [0x0000000080000000,0x000000008020c020,0x0000000084300000)
 Metaspace       used 8015K, committed 8320K, reserved 1114112K
  class space    used 829K, committed 960K, reserved 1048576K
}
Event: 34.776 GC heap before
{Heap before GC invocations=3 (full 0):
 PSYoungGen      total 29696K, used 29671K [0x00000000d5580000, 0x00000000d7680000, 0x0000000100000000)
  eden space 25600K, 100% used [0x00000000d5580000,0x00000000d6e80000,0x00000000d6e80000)
  from space 4096K, 99% used [0x00000000d7280000,0x00000000d7679e98,0x00000000d7680000)
  to   space 4096K, 0% used [0x00000000d6e80000,0x00000000d6e80000,0x00000000d7280000)
 ParOldGen       total 68608K, used 2096K [0x0000000080000000, 0x0000000084300000, 0x00000000d5580000)
  object space 68608K, 3% used [0x0000000080000000,0x000000008020c020,0x0000000084300000)
 Metaspace       used 9529K, committed 9856K, reserved 1114112K
  class space    used 1011K, committed 1152K, reserved 1048576K
}
Event: 34.795 GC heap after
{Heap after GC invocations=3 (full 0):
 PSYoungGen      total 29696K, used 4071K [0x00000000d5580000, 0x00000000d7680000, 0x0000000100000000)
  eden space 25600K, 0% used [0x00000000d5580000,0x00000000d5580000,0x00000000d6e80000)
  from space 4096K, 99% used [0x00000000d6e80000,0x00000000d7279d00,0x00000000d7280000)
  to   space 4096K, 0% used [0x00000000d7280000,0x00000000d7280000,0x00000000d7680000)
 ParOldGen       total 68608K, used 4704K [0x0000000080000000, 0x0000000084300000, 0x00000000d5580000)
  object space 68608K, 6% used [0x0000000080000000,0x0000000080498398,0x0000000084300000)
 Metaspace       used 9529K, committed 9856K, reserved 1114112K
  class space    used 1011K, committed 1152K, reserved 1048576K
}
Event: 64.178 GC heap before
{Heap before GC invocations=4 (full 0):
 PSYoungGen      total 29696K, used 29671K [0x00000000d5580000, 0x00000000d7680000, 0x0000000100000000)
  eden space 25600K, 100% used [0x00000000d5580000,0x00000000d6e80000,0x00000000d6e80000)
  from space 4096K, 99% used [0x00000000d6e80000,0x00000000d7279d00,0x00000000d7280000)
  to   space 4096K, 0% used [0x00000000d7280000,0x00000000d7280000,0x00000000d7680000)
 ParOldGen       total 68608K, used 4704K [0x0000000080000000, 0x0000000084300000, 0x00000000d5580000)
  object space 68608K, 6% used [0x0000000080000000,0x0000000080498398,0x0000000084300000)
 Metaspace       used 10983K, committed 11328K, reserved 1114112K
  class space    used 1129K, committed 1280K, reserved 1048576K
}
Event: 64.190 GC heap after
{Heap after GC invocations=4 (full 0):
 PSYoungGen      total 29696K, used 4076K [0x00000000d5580000, 0x00000000d7680000, 0x0000000100000000)
  eden space 25600K, 0% used [0x00000000d5580000,0x00000000d5580000,0x00000000d6e80000)
  from space 4096K, 99% used [0x00000000d7280000,0x00000000d767b3f8,0x00000000d7680000)
  to   space 4096K, 0% used [0x00000000d6e80000,0x00000000d6e80000,0x00000000d7280000)
 ParOldGen       total 68608K, used 6876K [0x0000000080000000, 0x0000000084300000, 0x00000000d5580000)
  object space 68608K, 10% used [0x0000000080000000,0x00000000806b7158,0x0000000084300000)
 Metaspace       used 10983K, committed 11328K, reserved 1114112K
  class space    used 1129K, committed 1280K, reserved 1048576K
}

Dll operation events (9 events):
Event: 0.012 Loaded shared library c:\Users\Administrateur\.vscode\extensions\redhat.java-1.54.0-win32-x64\jre\21.0.10-win32-x86_64\bin\java.dll
Event: 0.982 Loaded shared library c:\Users\Administrateur\.vscode\extensions\redhat.java-1.54.0-win32-x64\jre\21.0.10-win32-x86_64\bin\zip.dll
Event: 1.132 Loaded shared library C:\Users\Administrateur\.vscode\extensions\redhat.java-1.54.0-win32-x64\jre\21.0.10-win32-x86_64\bin\instrument.dll
Event: 1.144 Loaded shared library C:\Users\Administrateur\.vscode\extensions\redhat.java-1.54.0-win32-x64\jre\21.0.10-win32-x86_64\bin\net.dll
Event: 1.146 Loaded shared library C:\Users\Administrateur\.vscode\extensions\redhat.java-1.54.0-win32-x64\jre\21.0.10-win32-x86_64\bin\nio.dll
Event: 1.150 Loaded shared library C:\Users\Administrateur\.vscode\extensions\redhat.java-1.54.0-win32-x64\jre\21.0.10-win32-x86_64\bin\zip.dll
Event: 1.181 Loaded shared library C:\Users\Administrateur\.vscode\extensions\redhat.java-1.54.0-win32-x64\jre\21.0.10-win32-x86_64\bin\jimage.dll
Event: 2.071 Loaded shared library c:\Users\Administrateur\.vscode\extensions\redhat.java-1.54.0-win32-x64\jre\21.0.10-win32-x86_64\bin\verify.dll
Event: 19.601 Loaded shared library C:\Users\Administrateur\AppData\Roaming\Code\User\globalStorage\redhat.java\1.54.0\config_win\org.eclipse.equinox.launcher\org.eclipse.equinox.launcher.win32.win32.x86_64_1.3.0.v20260203-2149\eclipse_11919.dll

Deoptimization events (20 events):
Event: 45.138 Thread 0x00000224096cc030 DEOPT PACKING pc=0x00000223b48d8149 sp=0x00000048d13fd590
Event: 45.138 Thread 0x00000224096cc030 DEOPT UNPACKING pc=0x00000223bb9d4242 sp=0x00000048d13fca00 mode 0
Event: 52.025 Thread 0x00000224096cc030 Uncommon trap: trap_request=0xffffff45 fr.pc=0x00000223bbf7cae8 relative=0x00000000000001a8
Event: 52.025 Thread 0x00000224096cc030 Uncommon trap: reason=unstable_if action=reinterpret pc=0x00000223bbf7cae8 method=java.lang.String.startsWith(Ljava/lang/String;I)Z @ 50 c2
Event: 52.025 Thread 0x00000224096cc030 DEOPT PACKING pc=0x00000223bbf7cae8 sp=0x00000048d13fe630
Event: 52.025 Thread 0x00000224096cc030 DEOPT UNPACKING pc=0x00000223bb9d3aa2 sp=0x00000048d13fe560 mode 2
Event: 52.152 Thread 0x00000224096cc030 DEOPT PACKING pc=0x00000223b4852af5 sp=0x00000048d13fe220
Event: 52.152 Thread 0x00000224096cc030 DEOPT UNPACKING pc=0x00000223bb9d4242 sp=0x00000048d13fd700 mode 0
Event: 52.207 Thread 0x00000224096cc030 DEOPT PACKING pc=0x00000223b4852af5 sp=0x00000048d13fe220
Event: 52.207 Thread 0x00000224096cc030 DEOPT UNPACKING pc=0x00000223bb9d4242 sp=0x00000048d13fd700 mode 0
Event: 52.252 Thread 0x00000224096cc030 DEOPT PACKING pc=0x00000223b4852af5 sp=0x00000048d13fe220
Event: 52.252 Thread 0x00000224096cc030 DEOPT UNPACKING pc=0x00000223bb9d4242 sp=0x00000048d13fd700 mode 0
Event: 52.270 Thread 0x00000224096cc030 DEOPT PACKING pc=0x00000223b4852af5 sp=0x00000048d13fe220
Event: 52.270 Thread 0x00000224096cc030 DEOPT UNPACKING pc=0x00000223bb9d4242 sp=0x00000048d13fd700 mode 0
Event: 62.077 Thread 0x00000224096cc030 DEOPT PACKING pc=0x00000223b48d8149 sp=0x00000048d13fdbb0
Event: 62.077 Thread 0x00000224096cc030 DEOPT UNPACKING pc=0x00000223bb9d4242 sp=0x00000048d13fd038 mode 0
Event: 64.078 Thread 0x00000224096cc030 Uncommon trap: trap_request=0xffffff45 fr.pc=0x00000223bc041468 relative=0x00000000000006c8
Event: 64.078 Thread 0x00000224096cc030 Uncommon trap: reason=unstable_if action=reinterpret pc=0x00000223bc041468 method=org.eclipse.osgi.framework.util.CaseInsensitiveDictionaryMap.findCommonKeyIndex(Ljava/lang/String;)Lorg/eclipse/osgi/framework/util/CaseInsensitiveDictionaryMap$CaseInsensit
Event: 64.078 Thread 0x00000224096cc030 DEOPT PACKING pc=0x00000223bc041468 sp=0x00000048d13fe710
Event: 64.078 Thread 0x00000224096cc030 DEOPT UNPACKING pc=0x00000223bb9d3aa2 sp=0x00000048d13fe6a0 mode 2

Classes loaded (20 events):
Event: 64.207 Loading class com/sun/org/apache/xerces/internal/util/NamespaceSupport done
Event: 64.207 Loading class com/sun/org/apache/xerces/internal/impl/XMLDocumentScannerImpl$XMLDeclDriver
Event: 64.207 Loading class com/sun/org/apache/xerces/internal/impl/XMLDocumentScannerImpl$XMLDeclDriver done
Event: 64.207 Loading class com/sun/org/apache/xerces/internal/impl/XMLDocumentScannerImpl$PrologDriver
Event: 64.207 Loading class com/sun/org/apache/xerces/internal/impl/XMLDocumentScannerImpl$PrologDriver done
Event: 64.207 Loading class com/sun/org/apache/xerces/internal/impl/XMLDocumentScannerImpl$TrailingMiscDriver
Event: 64.208 Loading class com/sun/org/apache/xerces/internal/impl/XMLDocumentScannerImpl$TrailingMiscDriver done
Event: 64.208 Loading class com/sun/org/apache/xerces/internal/impl/dtd/XMLDTDDescription
Event: 64.208 Loading class com/sun/org/apache/xerces/internal/xni/grammars/XMLDTDDescription
Event: 64.208 Loading class com/sun/org/apache/xerces/internal/xni/grammars/XMLGrammarDescription
Event: 64.208 Loading class com/sun/org/apache/xerces/internal/xni/grammars/XMLGrammarDescription done
Event: 64.208 Loading class com/sun/org/apache/xerces/internal/xni/grammars/XMLDTDDescription done
Event: 64.208 Loading class com/sun/org/apache/xerces/internal/impl/dtd/XMLDTDDescription done
Event: 64.208 Loading class com/sun/org/apache/xerces/internal/impl/XMLDTDScannerImpl
Event: 64.209 Loading class com/sun/org/apache/xerces/internal/xni/parser/XMLDTDScanner
Event: 64.209 Loading class com/sun/org/apache/xerces/internal/xni/parser/XMLDTDSource
Event: 64.209 Loading class com/sun/org/apache/xerces/internal/xni/parser/XMLDTDSource done
Event: 64.209 Loading class com/sun/org/apache/xerces/internal/xni/parser/XMLDTDContentModelSource
Event: 64.209 Loading class com/sun/org/apache/xerces/internal/xni/parser/XMLDTDContentModelSource done
Event: 64.209 Loading class com/sun/org/apache/xerces/internal/xni/parser/XMLDTDScanner done

Classes unloaded (0 events):
No events

Classes redefined (0 events):
No events

Internal exceptions (20 events):
Event: 4.494 Thread 0x00000223aef95860 Exception <a 'java/lang/NoSuchMethodError'{0x00000000d56e72b0}: 'void java.lang.invoke.DirectMethodHandle$Holder.invokeStatic(java.lang.Object, java.lang.Object, java.lang.Object, java.lang.Object)'> (0x00000000d56e72b0) 
thrown [s\src\hotspot\share\interpreter\linkResolver.cpp, line 773]
Event: 4.496 Thread 0x00000223aef95860 Implicit null exception at 0x00000223bbf6b9c0 to 0x00000223bbf6ba45
Event: 4.829 Thread 0x00000223aef95860 Exception <a 'java/lang/NoSuchMethodError'{0x00000000d59d7750}: 'void java.lang.invoke.DirectMethodHandle$Holder.invokeSpecial(java.lang.Object, java.lang.Object, java.lang.Object)'> (0x00000000d59d7750) 
thrown [s\src\hotspot\share\interpreter\linkResolver.cpp, line 773]
Event: 6.020 Thread 0x00000223aef95860 Exception <a 'java/lang/NoSuchMethodError'{0x00000000d64796e8}: 'int java.lang.invoke.DirectMethodHandle$Holder.invokeVirtual(java.lang.Object, java.lang.Object)'> (0x00000000d64796e8) 
thrown [s\src\hotspot\share\interpreter\linkResolver.cpp, line 773]
Event: 6.238 Thread 0x00000223aef95860 Exception <a 'java/lang/NoSuchMethodError'{0x00000000d6601298}: 'int java.lang.invoke.DirectMethodHandle$Holder.invokeStaticInit(java.lang.Object, java.lang.Object, java.lang.Object, java.lang.Object)'> (0x00000000d6601298) 
thrown [s\src\hotspot\share\interpreter\linkResolver.cpp, line 773]
Event: 6.239 Thread 0x00000223aef95860 Exception <a 'java/lang/IncompatibleClassChangeError'{0x00000000d66096a0}: Found class java.lang.Object, but interface was expected> (0x00000000d66096a0) 
thrown [s\src\hotspot\share\interpreter\linkResolver.cpp, line 840]
Event: 6.240 Thread 0x00000223aef95860 Exception <a 'java/lang/NoSuchMethodError'{0x00000000d6610550}: 'void java.lang.invoke.DirectMethodHandle$Holder.invokeStaticInit(java.lang.Object, java.lang.Object)'> (0x00000000d6610550) 
thrown [s\src\hotspot\share\interpreter\linkResolver.cpp, line 773]
Event: 6.242 Thread 0x00000223aef95860 Exception <a 'java/lang/NoSuchMethodError'{0x00000000d6619f78}: 'int java.lang.invoke.DirectMethodHandle$Holder.invokeStaticInit(java.lang.Object, java.lang.Object)'> (0x00000000d6619f78) 
thrown [s\src\hotspot\share\interpreter\linkResolver.cpp, line 773]
Event: 6.391 Thread 0x00000223aef95860 Exception <a 'java/lang/NoSuchMethodError'{0x00000000d687d360}: 'java.lang.Object java.lang.invoke.DirectMethodHandle$Holder.newInvokeSpecial(java.lang.Object, int, java.lang.Object)'> (0x00000000d687d360) 
thrown [s\src\hotspot\share\interpreter\linkResolver.cpp, line 773]
Event: 6.526 Thread 0x00000223aef95860 Exception <a 'java/lang/ClassNotFoundException'{0x00000000d6a9b910}: sun/net/www/protocol/plurl/Handler> (0x00000000d6a9b910) 
thrown [s\src\hotspot\share\classfile\systemDictionary.cpp, line 312]
Event: 6.526 Thread 0x00000223aef95860 Exception <a 'java/lang/ClassNotFoundException'{0x00000000d6a9c790}: sun/net/www/protocol/plurl/Handler> (0x00000000d6a9c790) 
thrown [s\src\hotspot\share\classfile\systemDictionary.cpp, line 312]
Event: 19.129 Thread 0x00000223aef95860 Exception <a 'java/lang/UnsatisfiedLinkError'{0x00000000d56781e8}: 'void org.eclipse.equinox.launcher.JNIBridge._update_splash()'> (0x00000000d56781e8) 
thrown [s\src\hotspot\share\prims\nativeLookup.cpp, line 415]
Event: 19.714 Thread 0x00000224096379b0 Exception <a 'java/lang/NoSuchMethodError'{0x00000000d58e8b50}: 'void java.lang.invoke.DirectMethodHandle$Holder.invokeInterface(java.lang.Object, java.lang.Object, java.lang.Object)'> (0x00000000d58e8b50) 
thrown [s\src\hotspot\share\interpreter\linkResolver.cpp, line 773]
Event: 20.443 Thread 0x00000224096cc030 Exception <a 'java/lang/NoSuchMethodError'{0x00000000d5cc32c8}: 'java.lang.Object java.lang.invoke.DirectMethodHandle$Holder.newInvokeSpecial(java.lang.Object, java.lang.Object, int, java.lang.Object)'> (0x00000000d5cc32c8) 
thrown [s\src\hotspot\share\interpreter\linkResolver.cpp, line 773]
Event: 20.444 Thread 0x00000224096cc030 Exception <a 'java/lang/NoSuchMethodError'{0x00000000d5cc70f8}: 'java.lang.Object java.lang.invoke.DirectMethodHandle$Holder.invokeSpecial(java.lang.Object, java.lang.Object, java.lang.Object, int, java.lang.Object)'> (0x00000000d5cc70f8) 
thrown [s\src\hotspot\share\interpreter\linkResolver.cpp, line 773]
Event: 20.565 Thread 0x00000224096cc030 Exception <a 'java/lang/NoClassDefFoundError'{0x00000000d5d6eb78}: jakarta/servlet/ServletContainerInitializer> (0x00000000d5d6eb78) 
thrown [s\src\hotspot\share\classfile\systemDictionary.cpp, line 301]
Event: 20.681 Thread 0x00000224096cc030 Exception <a 'java/lang/NoSuchMethodError'{0x00000000d5e949a0}: 'java.lang.Object java.lang.invoke.DirectMethodHandle$Holder.invokeStatic(java.lang.Object, int, java.lang.Object)'> (0x00000000d5e949a0) 
thrown [s\src\hotspot\share\interpreter\linkResolver.cpp, line 773]
Event: 20.693 Thread 0x00000224096cc030 Exception <a 'java/lang/ClassNotFoundException'{0x00000000d5f00ba0}: sun/util/logging/resources/spi/loggingProvider> (0x00000000d5f00ba0) 
thrown [s\src\hotspot\share\classfile\systemDictionary.cpp, line 312]
Event: 64.129 Thread 0x00000224096cc030 Exception <a 'java/lang/NullPointerException'{0x00000000d6cb7110}> (0x00000000d6cb7110) 
thrown [s\src\hotspot\share\interpreter\linkResolver.cpp, line 1372]
Event: 64.129 Thread 0x00000224096cc030 Exception <a 'java/lang/NullPointerException'{0x00000000d6cb73f0}> (0x00000000d6cb73f0) 
thrown [s\src\hotspot\share\interpreter\linkResolver.cpp, line 1372]

ZGC Phase Switch (0 events):
No events

VM Operations (20 events):
Event: 55.805 Executing non-safepoint VM operation: HandshakeAllThreads (Deoptimize)
Event: 55.806 Executing non-safepoint VM operation: HandshakeAllThreads (Deoptimize) done
Event: 55.806 Executing safepoint VM operation: Cleanup
Event: 55.806 Executing safepoint VM operation: Cleanup done
Event: 57.809 Executing safepoint VM operation: Cleanup
Event: 57.809 Executing safepoint VM operation: Cleanup done
Event: 60.251 Executing non-safepoint VM operation: HandshakeAllThreads (HandshakeForDeflation)
Event: 60.251 Executing non-safepoint VM operation: HandshakeAllThreads (HandshakeForDeflation) done
Event: 60.251 Executing non-safepoint VM operation: RendezvousGCThreads
Event: 60.251 Executing non-safepoint VM operation: RendezvousGCThreads done
Event: 61.256 Executing safepoint VM operation: Cleanup
Event: 61.256 Executing safepoint VM operation: Cleanup done
Event: 62.272 Executing safepoint VM operation: Cleanup
Event: 62.272 Executing safepoint VM operation: Cleanup done
Event: 64.059 Executing non-safepoint VM operation: HandshakeAllThreads (Deoptimize)
Event: 64.059 Executing non-safepoint VM operation: HandshakeAllThreads (Deoptimize) done
Event: 64.059 Executing safepoint VM operation: Cleanup
Event: 64.059 Executing safepoint VM operation: Cleanup done
Event: 64.178 Executing safepoint VM operation: ParallelGCFailedAllocation (Allocation Failure)
Event: 64.190 Executing safepoint VM operation: ParallelGCFailedAllocation (Allocation Failure) done

Memory protections (0 events):
No events

Nmethod flushes (0 events):
No events

Events (16 events):
Event: 0.039 Thread 0x00000223aef95860 Thread added: 0x00000223aef95860
Event: 0.337 Thread 0x00000223aef95860 Thread added: 0x00000223b10e7e80
Event: 0.337 Thread 0x00000223aef95860 Thread added: 0x00000223b10e94d0
Event: 0.337 Thread 0x00000223aef95860 Thread added: 0x00000223b10edaa0
Event: 0.337 Thread 0x00000223aef95860 Thread added: 0x00000223b10f0510
Event: 0.337 Thread 0x00000223aef95860 Thread added: 0x00000223b10f11f0
Event: 0.337 Thread 0x00000223aef95860 Thread added: 0x00000223b10f1c50
Event: 0.337 Thread 0x00000223aef95860 Thread added: 0x00000223b10f2a90
Event: 0.552 Thread 0x00000223aef95860 Thread added: 0x00000223b1165310
Event: 1.137 Thread 0x00000223aef95860 Thread added: 0x00000224092e7f00
Event: 2.386 Thread 0x00000223aef95860 Thread added: 0x000002240943aba0
Event: 6.259 Thread 0x00000223aef95860 Thread added: 0x0000022409813450
Event: 19.128 Thread 0x00000223aef95860 Thread added: 0x00000224096379b0
Event: 19.721 Thread 0x00000224096379b0 Thread added: 0x00000223b11bc430
Event: 19.847 Thread 0x00000223aef95860 Thread added: 0x00000224096cc030
Event: 35.188 Thread 0x00000224096cc030 Thread added: 0x0000022409be6a60


Dynamic libraries:
0x00007ff74f200000 - 0x00007ff74f20e000 	c:\Users\Administrateur\.vscode\extensions\redhat.java-1.54.0-win32-x64\jre\21.0.10-win32-x86_64\bin\java.exe
0x00007ffdf17f0000 - 0x00007ffdf19e8000 	C:\WINDOWS\SYSTEM32\ntdll.dll
0x00007ffdf0300000 - 0x00007ffdf03c2000 	C:\WINDOWS\System32\KERNEL32.DLL
0x00007ffdeefa0000 - 0x00007ffdef296000 	C:\WINDOWS\System32\KERNELBASE.dll
0x00007ffdef680000 - 0x00007ffdef780000 	C:\WINDOWS\System32\ucrtbase.dll
0x00007ffde6c20000 - 0x00007ffde6c38000 	c:\Users\Administrateur\.vscode\extensions\redhat.java-1.54.0-win32-x64\jre\21.0.10-win32-x86_64\bin\jli.dll
0x00007ffdef970000 - 0x00007ffdefb11000 	C:\WINDOWS\System32\USER32.dll
0x00007ffdef620000 - 0x00007ffdef642000 	C:\WINDOWS\System32\win32u.dll
0x00007ffdf01e0000 - 0x00007ffdf020b000 	C:\WINDOWS\System32\GDI32.dll
0x00007ffdeee80000 - 0x00007ffdeef99000 	C:\WINDOWS\System32\gdi32full.dll
0x00007ffdef4b0000 - 0x00007ffdef54d000 	C:\WINDOWS\System32\msvcp_win.dll
0x00007ffde5390000 - 0x00007ffde53ae000 	c:\Users\Administrateur\.vscode\extensions\redhat.java-1.54.0-win32-x64\jre\21.0.10-win32-x86_64\bin\VCRUNTIME140.dll
0x00007ffdd9530000 - 0x00007ffdd97cb000 	C:\WINDOWS\WinSxS\amd64_microsoft.windows.common-controls_6595b64144ccf1df_6.0.19041.6456_none_60b8a6cb71f64256\COMCTL32.dll
0x00007ffdf0d60000 - 0x00007ffdf0dfe000 	C:\WINDOWS\System32\msvcrt.dll
0x00007ffdf16c0000 - 0x00007ffdf16ef000 	C:\WINDOWS\System32\IMM32.DLL
0x00007ffdeb470000 - 0x00007ffdeb47c000 	c:\Users\Administrateur\.vscode\extensions\redhat.java-1.54.0-win32-x64\jre\21.0.10-win32-x86_64\bin\vcruntime140_1.dll
0x00007ffdb76d0000 - 0x00007ffdb775d000 	c:\Users\Administrateur\.vscode\extensions\redhat.java-1.54.0-win32-x64\jre\21.0.10-win32-x86_64\bin\msvcp140.dll
0x00007ffdaf110000 - 0x00007ffdafeb1000 	c:\Users\Administrateur\.vscode\extensions\redhat.java-1.54.0-win32-x64\jre\21.0.10-win32-x86_64\bin\server\jvm.dll
0x00007ffdf16f0000 - 0x00007ffdf17a1000 	C:\WINDOWS\System32\ADVAPI32.dll
0x00007ffdef810000 - 0x00007ffdef8af000 	C:\WINDOWS\System32\sechost.dll
0x00007ffdf0780000 - 0x00007ffdf08a0000 	C:\WINDOWS\System32\RPCRT4.dll
0x00007ffdef650000 - 0x00007ffdef677000 	C:\WINDOWS\System32\bcrypt.dll
0x00007ffdf1650000 - 0x00007ffdf16bb000 	C:\WINDOWS\System32\WS2_32.dll
0x00007ffdee380000 - 0x00007ffdee3cb000 	C:\WINDOWS\SYSTEM32\POWRPROF.dll
0x00007ffddb440000 - 0x00007ffddb467000 	C:\WINDOWS\SYSTEM32\WINMM.dll
0x00007ffdde730000 - 0x00007ffdde73a000 	C:\WINDOWS\SYSTEM32\VERSION.dll
0x00007ffdee240000 - 0x00007ffdee252000 	C:\WINDOWS\SYSTEM32\UMPDC.dll
0x00007ffded650000 - 0x00007ffded662000 	C:\WINDOWS\SYSTEM32\kernel.appcore.dll
0x00007ffde7530000 - 0x00007ffde753a000 	c:\Users\Administrateur\.vscode\extensions\redhat.java-1.54.0-win32-x64\jre\21.0.10-win32-x86_64\bin\jimage.dll
0x00007ffded360000 - 0x00007ffded561000 	C:\WINDOWS\SYSTEM32\DBGHELP.DLL
0x00007ffdc91e0000 - 0x00007ffdc9214000 	C:\WINDOWS\SYSTEM32\dbgcore.DLL
0x00007ffdef780000 - 0x00007ffdef802000 	C:\WINDOWS\System32\bcryptPrimitives.dll
0x00007ffde7520000 - 0x00007ffde752f000 	c:\Users\Administrateur\.vscode\extensions\redhat.java-1.54.0-win32-x64\jre\21.0.10-win32-x86_64\bin\instrument.dll
0x00007ffde09a0000 - 0x00007ffde09c0000 	c:\Users\Administrateur\.vscode\extensions\redhat.java-1.54.0-win32-x64\jre\21.0.10-win32-x86_64\bin\java.dll
0x00007ffdf0e00000 - 0x00007ffdf1570000 	C:\WINDOWS\System32\SHELL32.dll
0x00007ffdecae0000 - 0x00007ffded285000 	C:\WINDOWS\SYSTEM32\windows.storage.dll
0x00007ffdf0a00000 - 0x00007ffdf0d54000 	C:\WINDOWS\System32\combase.dll
0x00007ffdee7d0000 - 0x00007ffdee7fb000 	C:\WINDOWS\SYSTEM32\Wldp.dll
0x00007ffdf0930000 - 0x00007ffdf09fd000 	C:\WINDOWS\System32\OLEAUT32.dll
0x00007ffdef8c0000 - 0x00007ffdef96d000 	C:\WINDOWS\System32\SHCORE.dll
0x00007ffdf03d0000 - 0x00007ffdf042b000 	C:\WINDOWS\System32\shlwapi.dll
0x00007ffdeedb0000 - 0x00007ffdeedd4000 	C:\WINDOWS\SYSTEM32\profapi.dll
0x00007ffddffc0000 - 0x00007ffddffd8000 	c:\Users\Administrateur\.vscode\extensions\redhat.java-1.54.0-win32-x64\jre\21.0.10-win32-x86_64\bin\zip.dll
0x00007ffde7270000 - 0x00007ffde7280000 	C:\Users\Administrateur\.vscode\extensions\redhat.java-1.54.0-win32-x64\jre\21.0.10-win32-x86_64\bin\net.dll
0x00007ffddcb50000 - 0x00007ffddcc5a000 	C:\WINDOWS\SYSTEM32\WINHTTP.dll
0x00007ffdee5b0000 - 0x00007ffdee61a000 	C:\WINDOWS\system32\mswsock.dll
0x00007ffdde530000 - 0x00007ffdde546000 	C:\Users\Administrateur\.vscode\extensions\redhat.java-1.54.0-win32-x64\jre\21.0.10-win32-x86_64\bin\nio.dll
0x00007ffde55c0000 - 0x00007ffde55d0000 	c:\Users\Administrateur\.vscode\extensions\redhat.java-1.54.0-win32-x64\jre\21.0.10-win32-x86_64\bin\verify.dll
0x00007ffdbd4a0000 - 0x00007ffdbd4e5000 	C:\Users\Administrateur\AppData\Roaming\Code\User\globalStorage\redhat.java\1.54.0\config_win\org.eclipse.equinox.launcher\org.eclipse.equinox.launcher.win32.win32.x86_64_1.3.0.v20260203-2149\eclipse_11919.dll
0x00007ffdf00b0000 - 0x00007ffdf01db000 	C:\WINDOWS\System32\ole32.dll

JVMTI agents:
c:\Users\Administrateur\.vscode\extensions\redhat.java-1.54.0-win32-x64\lombok\lombok-1.18.39-4050.jar path:c:\Users\Administrateur\.vscode\extensions\redhat.java-1.54.0-win32-x64\jre\21.0.10-win32-x86_64\bin\instrument.dll, loaded, initialized, instrumentlib options:none

dbghelp: loaded successfully - version: 4.0.5 - missing functions: none
symbol engine: initialized successfully - sym options: 0x614 - pdb path: .;c:\Users\Administrateur\.vscode\extensions\redhat.java-1.54.0-win32-x64\jre\21.0.10-win32-x86_64\bin;C:\WINDOWS\SYSTEM32;C:\WINDOWS\WinSxS\amd64_microsoft.windows.common-controls_6595b64144ccf1df_6.0.19041.6456_none_60b8a6cb71f64256;c:\Users\Administrateur\.vscode\extensions\redhat.java-1.54.0-win32-x64\jre\21.0.10-win32-x86_64\bin\server;C:\Users\Administrateur\AppData\Roaming\Code\User\globalStorage\redhat.java\1.54.0\config_win\org.eclipse.equinox.launcher\org.eclipse.equinox.launcher.win32.win32.x86_64_1.3.0.v20260203-2149

VM Arguments:
jvm_args: --add-modules=ALL-SYSTEM --add-opens=java.base/java.util=ALL-UNNAMED --add-opens=java.base/java.lang=ALL-UNNAMED --add-opens=java.base/sun.nio.fs=ALL-UNNAMED -Declipse.application=org.eclipse.jdt.ls.core.id1 -Dosgi.bundles.defaultStartLevel=4 -Declipse.product=org.eclipse.jdt.ls.core.product -Djava.import.generatesMetadataFilesAtProjectRoot=false -DDetectVMInstallationsJob.disabled=true -Dfile.encoding=utf8 -XX:+UseParallelGC -XX:GCTimeRatio=4 -XX:AdaptiveSizePolicyWeight=90 -Dsun.zip.disableMemoryMapping=true -Xmx2G -Xms100m -Xlog:disable -javaagent:c:\Users\Administrateur\.vscode\extensions\redhat.java-1.54.0-win32-x64\lombok\lombok-1.18.39-4050.jar -XX:+HeapDumpOnOutOfMemoryError -XX:HeapDumpPath=c:\Users\Administrateur\AppData\Roaming\Code\User\workspaceStorage\61f85f58c0e55916e98f71e9d969f0fa\redhat.java -Daether.dependencyCollector.impl=bf 
java_command: c:\Users\Administrateur\.vscode\extensions\redhat.java-1.54.0-win32-x64\server\plugins\org.eclipse.equinox.launcher_1.7.100.v20251111-0406.jar -configuration c:\Users\Administrateur\AppData\Roaming\Code\User\globalStorage\redhat.java\1.54.0\config_win -data c:\Users\Administrateur\AppData\Roaming\Code\User\workspaceStorage\61f85f58c0e55916e98f71e9d969f0fa\redhat.java\jdt_ws --pipe=\\.\pipe\lsp-7ff8f643bb3a86543fd30da0fcb05646-sock
java_class_path (initial): c:\Users\Administrateur\.vscode\extensions\redhat.java-1.54.0-win32-x64\server\plugins\org.eclipse.equinox.launcher_1.7.100.v20251111-0406.jar
Launcher Type: SUN_STANDARD

[Global flags]
    uintx AdaptiveSizePolicyWeight                 = 90                                        {product} {command line}
     intx CICompilerCount                          = 2                                         {product} {ergonomic}
    uintx GCTimeRatio                              = 4                                         {product} {command line}
     bool HeapDumpOnOutOfMemoryError               = true                                   {manageable} {command line}
    ccstr HeapDumpPath                             = c:\Users\Administrateur\AppData\Roaming\Code\User\workspaceStorage\61f85f58c0e55916e98f71e9d969f0fa\redhat.java         {manageable} {command line}
   size_t InitialHeapSize                          = 104857600                                 {product} {command line}
   size_t MaxHeapSize                              = 2147483648                                {product} {command line}
   size_t MaxNewSize                               = 715653120                                 {product} {ergonomic}
   size_t MinHeapDeltaBytes                        = 524288                                    {product} {ergonomic}
   size_t MinHeapSize                              = 104857600                                 {product} {command line}
   size_t NewSize                                  = 34603008                                  {product} {ergonomic}
    uintx NonNMethodCodeHeapSize                   = 5826188                                {pd product} {ergonomic}
    uintx NonProfiledCodeHeapSize                  = 122916026                              {pd product} {ergonomic}
   size_t OldSize                                  = 70254592                                  {product} {ergonomic}
    uintx ProfiledCodeHeapSize                     = 122916026                              {pd product} {ergonomic}
    uintx ReservedCodeCacheSize                    = 251658240                              {pd product} {ergonomic}
     bool SegmentedCodeCache                       = true                                      {product} {ergonomic}
   size_t SoftMaxHeapSize                          = 2147483648                             {manageable} {ergonomic}
     bool UseCompressedOops                        = true                           {product lp64_product} {ergonomic}
     bool UseLargePagesIndividualAllocation        = false                                  {pd product} {ergonomic}
     bool UseParallelGC                            = true                                      {product} {command line}

Logging:
Log output configuration:
 #0: stdout all=off uptime,level,tags foldmultilines=false
 #1: stderr all=off uptime,level,tags foldmultilines=false

Release file:
JAVA_VERSION="21.0.10" 
MODULES="java.base java.compiler java.datatransfer java.xml java.prefs java.desktop java.instrument java.logging java.management java.security.sasl java.naming java.rmi java.management.rmi java.net.http java.scripting java.security.jgss java.transaction.xa java.sql java.sql.rowset java.xml.crypto java.se java.smartcardio jdk.accessibility jdk.internal.jvmstat jdk.attach jdk.charsets jdk.internal.opt jdk.zipfs jdk.compiler jdk.crypto.ec jdk.crypto.cryptoki jdk.crypto.mscapi jdk.dynalink jdk.internal.ed jdk.editpad jdk.hotspot.agent jdk.httpserver jdk.internal.le jdk.internal.vm.ci jdk.internal.vm.compiler jdk.internal.vm.compiler.management jdk.jartool jdk.javadoc jdk.jcmd jdk.management jdk.management.agent jdk.jconsole jdk.jdeps jdk.jdwp.agent jdk.jdi jdk.jfr jdk.jshell jdk.jsobject jdk.jstatd jdk.localedata jdk.management.jfr jdk.naming.dns jdk.naming.rmi jdk.net jdk.nio.mapmode jdk.random jdk.sctp jdk.security.auth jdk.security.jgss jdk.unsupported jdk.unsupported.desktop jdk.xml.dom" 

Environment Variables:
JAVA_HOME=C:\Program Files\Eclipse Adoptium\jdk-17.0.15.6-hotspot\
PATH=C:\Program Files\Eclipse Adoptium\jdk-17.0.15.6-hotspot\bin;C:\WINDOWS\system32;C:\WINDOWS;C:\WINDOWS\System32\Wbem;C:\WINDOWS\System32\WindowsPowerShell\v1.0\;C:\WINDOWS\System32\OpenSSH\;C:\Program Files\Microsoft SQL Server\130\Tools\Binn\;C:\WINDOWS\system32\config\systemprofile\.dnx\bin;C:\Program Files\Microsoft DNX\Dnvm\;C:\Program Files\nodejs\;C:\xampp\php;C:\ProgramData\ComposerSetup\bin;C:\Program Files\Git\cmd;C:\Program Files\Microsoft SQL Server\170\Tools\Binn\;C:\Program Files\Microsoft SQL Server\Client SDK\ODBC\170\Tools\Binn\;C:\Program Files\dotnet\;C:\Program Files (x86)\Windows Kits\10\Windows Performance Toolkit\;C:\Users\Administrateur\development\flutter\bin;C:\MinGW\bin;C:\Program Files\JetBrains\PyCharm Community Edition 2023.1.4\bin;;C:\Users\Administrateur\AppData\Roaming\npm;C:\Users\Administrateur\AppData\Roaming\Composer\vendor\bin;C:\Gradle\gradle-8.14.2\bin;C:\Program Files\JetBrains\IntelliJ IDEA 2025.1.2\bin;;C:\Program Files\apache-maven-3.9.10\bin;C:\Users\Administrateur\AppData\Local\Programs\Windsurf\bin;C:\mingw64\bin;C:\Users\Administrateur\AppData\Local\Programs\Microsoft VS Code\bin;C:\Users\Administrateur\.dotnet\tools
USERNAME=Administrateur
OS=Windows_NT
PROCESSOR_IDENTIFIER=Intel64 Family 6 Model 94 Stepping 3, GenuineIntel
TMP=C:\Users\ADMINI~1\AppData\Local\Temp
TEMP=C:\Users\ADMINI~1\AppData\Local\Temp




Periodic native trim disabled

---------------  S Y S T E M  ---------------

OS:
 Windows 10 , 64 bit Build 19041 (10.0.19041.5915)
OS uptime: 1 days 12:54 hours
Hyper-V role detected

CPU: total 2 (initial active 2) (4 cores per cpu, 2 threads per core) family 6 model 94 stepping 3 microcode 0xcc, cx8, cmov, fxsr, ht, mmx, 3dnowpref, sse, sse2, sse3, ssse3, sse4.1, sse4.2, popcnt, lzcnt, tsc, tscinvbit, avx, avx2, aes, erms, clmul, bmi1, bmi2, rtm, adx, fma, vzeroupper, clflush, clflushopt, hv, rdtscp, f16c
Processor Information for the first 2 processors :
  Max Mhz: 2592, Current Mhz: 2592, Mhz Limit: 2592

Memory: 4k page, system-wide physical 8090M (996M free)
TotalPageFile size 10138M (AvailPageFile size 28M)
current process WorkingSet (physical memory assigned to process): 106M, peak: 106M
current process commit charge ("private bytes"): 228M, peak: 231M

vm_info: OpenJDK 64-Bit Server VM (21.0.10+7-LTS) for windows-amd64 JRE (21.0.10+7-LTS), built on 2026-01-20T00:00:00Z by "admin" with MS VC++ 17.12 (VS2022)

END.
